223,182,162,223,182,162,220,182,161,219,181,160,218,180,159,218,180,159,218,180,159,218,180,159,220,184,162,220,184,162,220,184,162,220,184,162,220,184,162,220,184,162,220,184,162,219,184,162,221,186,164,219,187,164,221,186,164,220,185,163,219,184,162,217,182,160,216,181,159,215,180,158,214,179,159,211,176,156,206,173,154,204,171,152,203,172,154,203,172,154,201,172,156,200,171,155,200,168,153,201,170,152,203,170,153,204,172,151,207,172,152,209,174,152,212,178,153,213,179,154,214,182,157,217,185,160,218,188,164,216,188,164,215,187,165,214,190,166,213,188,166,211,186,164,212,185,166,214,186,165,213,185,164,209,181,157,206,178,154,205,178,151,202,174,150,199,173,150,194,168,151,183,164,150,170,155,150,151,145,145,133,133,141,116,126,136,108,124,139,104,127,141,106,134,145,109,142,151,115,149,159,120,154,164,124,158,168,127,161,171,127,161,171,125,159,168,128,158,168,127,156,162,126,153,160,127,152,156,130,151,156,129,150,151,130,148,150,129,148,146,130,149,147,131,150,146,131,150,146,126,145,141,118,137,135,113,132,130,113,131,131,114,132,132,123,141,141,132,150,150,142,160,162,153,171,173,163,181,185,170,188,192,181,199,203,197,212,215,211,225,228,223,234,236,233,244,250,236,247,253,234,244,253,231,241,250,228,240,252,229,241,253,228,238,250,228,238,250,228,238,248,230,240,250,233,242,251,235,244,253,237,244,252,237,244,250,235,242,248,233,241,244,228,236,239,220,228,230,212,216,219,203,205,204,199,195,192,199,192,184,202,188,179,203,185,171,206,183,167,209,182,165,209,180,162,208,177,159,204,172,157,201,168,151,201,166,146,201,165,143,200,163,144,199,162,143,200,163,144,201,164,145,202,167,147,204,169,149,206,171,152,208,173,154,210,175,156,213,178,159,215,179,163,215,179,163,215,179,163,212,179,162,210,177,160,209,178,160,209,176,157,208,175,156,206,173,154,204,171,152,202,170,149,201,169,148,205,170,150,204,169,149,204,169,150,205,170,151,206,171,152,207,172,153,205,172,155,205,172,153,209,174,155,212,177,157,213,180,161,214,181,162,213,182,164,212,181,163,211,182,166,212,183,167,210,178,163,209,177,162,208,175,158,206,173,154,207,170,152,206,169,150,209,168,148,207,169,150,206,169,151,206,170,154,208,173,154,208,173,154,209,174,154,210,175,155,211,179,156,213,181,158,212,180,157,213,181,158,213,181,158,213,181,158,212,182,158,213,183,159,210,179,158,207,176,155,204,171,152,204,171,152,203,170,151,202,169,150,203,168,149,204,169,150,207,172,153,209,174,155,210,175,155,211,176,156,210,178,157,210,178,157,207,176,155,206,175,154,206,178,156,207,179,157,207,180,161,206,179,160,206,179,158,207,180,159,209,183,160,208,184,160,206,181,159,202,180,157,203,181,160,205,183,162,208,181,164,208,179,163,211,178,161,214,177,159,215,176,159
224,183,163,223,182,162,220,182,161,219,181,160,219,181,160,220,182,161,221,183,162,222,184,163,222,186,164,222,186,164,221,185,163,221,185,163,221,185,163,220,184,162,220,184,162,219,184,162,219,187,164,218,186,163,220,185,163,219,184,162,217,182,160,215,180,158,213,178,156,212,177,155,211,176,156,206,174,153,203,170,151,200,169,149,199,168,150,199,168,150,197,168,152,197,168,152,197,165,150,199,168,150,201,168,149,202,169,150,205,170,150,206,171,149,208,174,149,210,176,151,212,180,155,215,183,158,216,186,162,214,186,162,214,186,164,214,188,165,213,188,166,211,186,164,214,187,168,215,187,166,213,185,163,210,182,160,208,180,156,208,180,156,205,177,153,202,175,154,196,170,153,185,165,154,171,156,151,152,146,146,131,134,141,114,124,134,103,119,132,97,121,133,95,125,136,98,130,141,104,138,148,110,144,154,114,148,160,118,152,162,118,152,164,116,150,160,119,149,159,118,147,155,116,143,150,118,142,146,119,140,143,118,138,139,117,135,135,116,135,133,114,133,131,116,135,131,116,135,131,111,130,126,105,124,122,100,119,117,100,118,118,101,119,119,109,127,127,118,136,136,129,147,149,140,158,160,150,168,172,157,175,179,169,187,191,186,201,206,205,219,222,217,228,232,228,239,245,232,243,249,231,241,250,229,239,248,226,238,250,227,239,251,229,239,251,229,239,251,229,239,249,231,241,251,234,243,252,235,244,253,237,244,252,238,245,251,234,241,247,231,239,242,225,233,236,217,222,225,206,210,213,198,200,199,195,191,188,196,187,180,199,185,174,202,184,170,206,183,167,209,182,165,210,181,163,208,177,159,203,171,156,200,167,150,197,162,142,197,161,139,197,160,141,197,160,141,198,161,142,200,163,144,202,167,147,204,169,149,208,173,154,209,174,155,211,176,157,213,178,159,214,178,162,214,178,162,213,177,161,210,177,160,209,176,159,207,176,158,207,174,155,206,173,154,204,171,152,203,170,151,201,169,148,200,168,147,204,169,149,204,169,149,204,169,150,205,170,151,205,170,151,206,171,152,206,170,154,207,172,153,207,172,152,210,175,155,211,178,159,212,179,160,211,180,162,211,180,162,210,181,165,211,182,166,213,181,166,212,180,165,212,179,162,210,177,158,210,175,156,211,174,155,211,173,152,211,173,154,212,175,157,212,176,160,212,177,158,211,176,157,210,175,155,210,175,155,209,177,154,211,179,156,211,179,156,211,179,156,211,179,156,210,178,155,210,180,156,210,180,156,208,177,156,205,174,153,202,169,150,202,169,150,201,168,149,200,167,148,200,165,146,201,166,147,203,168,149,205,170,151,207,172,152,208,176,155,210,178,157,210,178,157,209,178,157,208,177,156,207,179,157,209,181,159,209,182,163,208,181,162,207,180,159,207,180,159,207,181,158,208,182,159,206,181,159,203,181,158,203,181,160,206,181,161,206,179,162,206,177,161,209,176,159,213,176,158,214,176,157
220,182,161,219,181,160,217,179,158,216,178,157,216,178,157,217,179,158,218,182,160,219,183,161,217,181,159,217,181,159,217,181,159,217,181,159,217,181,159,217,181,159,216,181,159,216,181,159,214,182,159,213,181,158,212,180,157,211,179,156,211,176,154,209,174,152,208,173,151,208,173,151,206,174,153,203,171,150,199,166,147,195,164,144,195,164,146,193,164,148,193,164,148,193,164,148,195,164,146,197,166,148,199,166,147,200,167,148,202,167,147,203,168,146,205,171,146,207,173,148,208,176,151,211,179,154,213,183,159,211,183,159,212,184,162,212,186,163,211,186,164,210,185,163,211,184,163,212,184,163,210,182,160,208,180,158,209,181,157,210,182,158,207,181,158,203,178,158,197,174,158,185,167,155,169,156,150,150,144,144,129,132,137,111,121,130,99,116,126,91,115,127,87,117,128,90,124,136,96,130,142,101,135,147,105,138,153,108,142,154,108,141,156,106,140,152,108,138,149,107,135,146,106,133,140,107,131,135,107,128,131,107,127,128,105,124,122,104,123,121,105,121,120,106,122,121,107,123,122,104,120,119,99,115,114,96,112,111,95,111,111,96,112,112,98,116,118,107,125,127,117,135,137,128,146,148,137,155,159,145,163,167,159,177,181,177,192,197,197,211,214,211,222,226,223,234,240,228,239,245,227,240,248,226,239,247,226,238,250,226,238,250,228,240,252,228,240,252,231,241,251,232,242,252,235,244,253,236,245,254,237,246,253,238,245,251,235,242,248,232,237,241,223,228,232,212,217,220,201,205,208,195,195,195,193,188,184,193,184,177,197,183,172,201,182,167,207,181,166,209,182,165,209,180,162,208,177,159,203,170,153,199,166,149,198,163,143,197,162,142,197,162,142,198,163,143,199,164,144,202,167,147,205,170,150,206,171,151,209,174,155,210,175,156,212,177,158,213,178,159,214,179,160,213,178,159,212,177,158,209,176,157,208,175,158,206,175,157,206,173,154,204,171,152,203,171,150,201,169,148,202,167,147,201,166,146,204,169,149,205,170,150,206,171,151,206,171,151,205,170,150,205,170,150,207,172,153,208,173,154,209,174,154,211,176,154,212,180,159,213,180,161,212,181,163,213,182,164,212,183,167,213,184,168,213,184,168,215,183,168,214,181,164,213,180,161,214,179,160,215,178,159,214,178,156,214,177,158,214,179,160,214,178,162,214,179,160,212,177,158,211,176,156,210,175,155,210,175,153,210,175,153,209,174,152,210,175,153,207,175,152,206,174,151,207,175,154,207,175,154,205,173,152,202,170,149,200,167,148,200,167,148,199,166,147,198,165,146,197,164,145,197,164,145,200,167,148,202,169,150,203,170,151,205,172,153,208,175,156,208,177,157,208,177,156,207,176,155,206,178,156,207,179,157,209,182,163,208,181,162,207,180,159,206,179,158,207,179,157,206,180,157,206,179,158,206,181,159,206,181,161,206,180,163,207,180,163,206,177,161,207,176,158,211,176,157,213,175,156
219,181,160,218,180,159,216,178,157,214,176,155,213,175,154,213,175,154,213,177,155,213,177,155,210,174,152,210,174,152,211,175,153,211,175,153,212,176,154,212,176,154,211,176,154,211,176,154,208,176,153,208,176,153,207,175,152,205,173,150,206,171,149,205,170,148,205,170,148,205,170,148,203,171,150,200,168,147,195,164,144,192,161,143,190,161,145,191,162,146,191,162,146,191,162,146,194,163,145,196,165,147,199,166,147,199,166,147,201,166,146,202,167,147,204,169,147,206,172,147,208,176,151,211,179,154,213,181,158,212,182,158,211,183,161,212,186,163,212,185,164,211,184,163,208,180,159,208,180,159,207,179,157,208,180,158,211,183,161,213,185,163,209,182,161,204,178,161,200,177,163,186,168,158,167,153,150,146,142,141,126,129,134,110,121,127,98,115,125,91,115,125,86,116,127,88,122,134,93,126,141,97,130,145,100,133,148,102,135,150,102,135,152,101,133,148,102,131,145,102,130,141,104,129,136,104,128,132,104,125,126,104,124,123,103,122,118,103,122,118,105,121,120,106,122,121,107,123,122,106,122,121,102,118,117,100,116,115,99,115,115,99,115,115,98,113,116,104,122,124,112,130,132,121,139,141,129,147,151,137,155,159,152,170,174,172,187,192,193,207,210,208,219,223,221,232,238,225,238,244,227,240,248,228,241,250,229,241,253,227,239,251,229,241,253,228,240,252,231,241,251,232,242,252,235,244,253,236,245,254,237,246,253,237,246,251,235,243,246,232,237,241,223,228,232,213,217,220,204,205,207,196,196,194,194,189,185,194,184,175,200,184,171,203,184,169,209,183,166,211,182,164,211,180,162,208,177,159,204,171,154,200,167,148,201,166,146,201,166,146,201,166,146,201,166,146,202,167,147,205,170,150,207,172,152,208,173,153,209,174,155,210,175,156,212,177,158,213,178,159,213,178,159,212,177,158,212,177,158,212,177,158,208,175,158,207,176,158,207,174,155,205,172,153,204,172,151,202,170,149,204,169,149,203,168,148,205,170,150,207,172,152,208,173,153,208,173,153,207,172,152,208,171,152,210,173,154,212,175,156,212,177,155,213,178,156,213,181,160,214,182,161,213,182,162,214,183,165,213,184,166,214,185,169,212,183,167,212,183,167,214,183,165,214,181,164,213,180,161,214,179,159,213,178,158,213,178,158,212,177,158,212,176,160,211,176,157,210,175,156,209,174,154,209,174,154,208,173,151,208,173,151,206,171,149,206,171,149,204,172,149,203,171,148,203,171,150,204,172,151,202,170,149,198,166,145,197,164,145,198,165,146,198,165,146,197,164,145,198,165,146,199,166,147,203,170,153,205,174,154,205,172,155,205,174,154,206,175,155,207,176,156,206,175,155,206,175,154,204,176,154,204,176,154,206,179,158,206,179,158,206,179,158,206,179,158,206,178,156,206,178,156,207,179,158,207,180,159,207,180,163,207,181,164,207,180,163,206,177,159,208,175,158,211,176,156,212,174,153
215,178,159,215,178,159,214,177,158,213,176,157,212,175,156,210,173,154,209,172,153,209,172,153,208,173,153,208,173,153,208,173,153,208,173,153,208,173,153,208,173,153,209,174,154,209,174,154,207,175,154,207,175,154,206,174,153,205,173,152,205,170,148,205,170,148,202,170,149,202,170,149,199,166,147,196,163,144,192,161,143,190,159,141,188,159,143,189,160,144,188,160,146,189,160,144,192,161,143,195,164,146,198,165,146,199,166,147,201,166,146,201,166,146,204,169,147,206,171,149,211,177,152,212,180,155,214,182,159,213,183,159,211,183,161,212,186,163,212,185,164,212,185,164,209,181,159,210,182,160,211,183,161,212,184,162,215,187,165,216,188,167,211,184,165,204,178,163,197,173,161,183,164,157,164,153,149,146,142,141,127,131,134,108,122,125,98,117,124,91,115,125,85,115,126,86,119,134,91,124,141,95,128,145,99,132,149,102,135,152,103,134,154,102,133,151,103,132,146,103,131,143,106,131,138,105,129,133,106,127,128,106,126,124,107,126,120,108,125,119,112,127,124,112,126,126,113,127,127,111,125,125,108,122,122,105,119,119,103,117,118,101,117,117,100,116,116,105,121,121,110,126,126,117,133,133,125,140,143,133,148,151,147,165,167,168,183,186,190,204,207,203,217,220,216,229,235,223,236,242,226,239,247,228,242,251,228,242,253,226,240,251,226,240,251,226,240,251,228,241,250,229,242,251,233,243,252,235,245,254,236,247,253,237,246,251,234,242,245,232,237,240,224,229,232,216,220,223,208,209,211,201,200,198,199,191,188,197,187,178,204,188,175,208,187,170,211,184,165,211,183,162,211,180,160,208,175,156,205,172,153,203,170,151,199,167,146,199,167,146,199,167,146,200,168,147,201,169,148,203,171,150,205,173,152,206,174,153,206,174,153,208,176,155,212,177,158,213,178,159,213,178,159,213,178,159,214,179,160,214,179,160,212,179,160,211,178,159,210,177,158,209,176,157,207,175,154,206,174,153,208,173,151,208,173,151,209,174,152,210,175,153,213,177,155,212,176,154,210,174,152,211,173,152,212,174,153,213,177,155,211,176,154,212,178,153,210,178,155,211,179,158,210,179,158,211,180,160,210,181,163,210,181,163,211,182,164,211,182,164,211,182,164,212,181,163,211,180,160,211,179,158,210,178,157,211,176,156,209,174,155,209,174,155,208,173,154,208,173,154,208,173,153,208,173,153,207,172,150,207,172,150,205,170,148,206,171,149,205,170,148,205,170,148,205,170,150,206,171,151,203,168,148,200,165,145,196,163,144,197,164,145,197,166,148,197,166,148,198,167,149,200,169,151,204,172,157,205,176,158,207,175,160,205,176,158,205,176,158,204,176,155,203,175,154,203,175,154,204,176,154,205,177,155,202,175,154,203,176,155,205,177,156,206,178,156,209,178,157,207,179,157,208,180,159,207,180,159,205,178,161,207,180,163,209,180,164,208,179,161,211,178,161,214,177,158,215,177,156
210,173,154,210,173,154,210,173,154,210,173,154,209,172,153,208,171,152,207,170,151,206,169,150,208,173,153,207,172,152,207,172,152,207,172,152,206,171,151,206,171,151,206,171,151,205,170,150,206,174,153,206,174,153,205,173,152,204,172,151,205,170,148,204,169,147,201,169,148,201,169,148,197,164,145,193,162,142,191,160,142,187,158,140,187,158,142,186,159,142,186,158,144,185,158,141,188,159,143,194,163,145,198,165,146,199,166,147,201,166,146,202,167,147,204,169,147,207,172,150,210,176,151,212,178,153,214,179,157,212,180,157,211,180,159,210,182,160,211,183,162,209,183,160,211,183,161,213,185,163,214,186,164,215,187,165,216,188,167,215,186,168,209,182,165,202,176,163,193,169,159,182,163,157,166,155,153,150,146,145,130,135,138,110,124,127,97,116,122,87,114,121,81,113,124,85,118,133,90,123,140,95,128,145,100,133,152,105,138,157,107,138,158,109,138,156,105,132,149,105,132,143,106,131,138,107,128,131,107,127,126,107,126,120,109,126,118,110,127,119,116,131,128,116,130,130,116,130,130,114,128,128,112,126,126,108,122,122,105,119,119,103,117,118,103,119,119,106,122,122,108,124,124,113,129,129,122,138,138,133,149,149,148,166,168,168,183,186,188,203,206,202,216,219,214,227,233,219,234,241,222,236,245,226,240,249,227,241,252,224,238,249,225,239,250,225,239,250,226,239,248,228,241,250,232,242,251,234,244,253,235,246,252,237,246,251,232,240,243,231,236,239,225,230,233,219,223,224,214,214,214,206,205,201,203,196,190,203,190,181,205,187,173,207,186,169,209,182,163,210,179,159,208,175,156,205,172,153,203,170,151,202,169,150,200,168,147,200,168,147,201,169,148,201,169,148,203,171,150,205,173,152,207,175,154,208,176,155,209,177,156,211,179,158,215,180,161,216,181,162,216,181,162,216,181,162,217,182,163,218,183,164,215,182,163,214,181,162,213,180,161,211,179,158,210,178,157,210,178,155,211,176,154,211,176,154,212,177,155,213,178,156,214,178,156,212,176,154,211,173,152,210,172,151,211,173,152,212,174,151,211,175,151,210,176,151,209,174,152,207,175,152,207,176,155,208,177,156,207,179,158,207,178,160,210,181,163,210,181,163,210,181,163,210,181,163,211,180,160,210,179,159,208,177,156,208,176,155,207,174,155,208,173,154,208,173,154,208,173,154,208,173,153,207,172,152,206,171,149,205,170,148,205,170,148,206,171,149,207,172,150,207,172,150,207,172,152,208,173,153,206,169,150,202,167,147,198,165,146,197,166,146,198,167,149,198,167,149,198,166,151,199,170,154,202,173,157,204,177,160,204,176,162,203,176,159,202,175,158,202,173,155,203,174,156,203,175,154,205,177,156,205,177,155,201,174,153,202,175,154,204,176,154,206,178,156,209,178,157,210,179,158,210,179,159,208,179,161,208,179,163,210,181,165,213,181,166,215,182,165,218,183,164,222,184,165,225,184,162
205,170,150,205,170,150,205,170,150,205,170,150,204,169,149,204,169,149,204,169,149,203,168,148,205,170,150,205,170,150,205,170,150,205,170,150,205,170,150,205,170,150,205,170,150,204,169,149,206,171,151,206,171,151,206,171,151,207,172,152,206,171,151,206,171,151,203,171,150,203,171,150,197,166,146,195,164,144,192,161,143,188,159,141,188,159,143,186,159,142,185,157,143,183,156,139,188,159,143,194,163,145,199,166,147,201,168,149,203,168,148,204,169,149,208,172,150,211,175,153,212,176,154,213,178,156,214,179,157,212,180,157,211,180,159,211,183,161,212,184,162,211,183,161,213,185,163,215,187,163,217,189,167,217,189,167,216,188,167,214,185,167,209,181,167,203,176,165,193,170,162,184,167,160,171,160,158,154,150,149,131,136,139,108,123,126,93,114,117,84,111,118,82,114,125,83,119,131,87,123,137,91,127,143,98,131,150,102,135,154,105,136,154,106,135,151,102,130,144,102,129,140,103,128,135,104,125,128,103,123,121,104,124,115,107,124,114,108,125,115,114,129,124,116,128,126,117,129,127,117,129,127,116,128,126,113,125,123,108,123,120,105,119,119,106,120,120,107,121,121,106,122,121,111,127,126,123,139,138,136,152,151,155,171,171,174,190,190,190,205,208,203,218,223,215,230,237,219,234,241,223,237,246,225,242,250,225,242,252,222,239,249,223,237,248,223,237,248,224,238,247,226,240,249,230,243,251,232,245,253,235,246,252,237,246,251,235,240,244,233,237,240,228,232,235,222,226,227,217,217,217,212,208,205,208,199,194,207,194,185,205,187,173,208,185,167,211,183,162,211,180,159,209,177,156,208,173,153,204,171,152,203,170,151,203,172,151,203,172,151,203,172,151,204,173,152,206,174,153,207,175,154,208,176,155,209,177,156,210,178,157,212,180,159,216,181,161,216,181,161,215,180,160,215,180,160,215,180,160,217,182,162,214,181,162,213,180,161,211,179,158,210,178,157,209,177,156,208,176,153,208,176,153,208,176,151,211,177,152,210,176,151,211,175,151,210,174,150,210,172,149,209,171,148,211,170,148,209,171,148,210,174,150,208,174,147,207,173,148,205,173,148,205,175,151,206,175,154,205,177,156,206,178,157,208,181,160,208,181,160,209,182,161,209,182,161,210,182,161,209,181,160,207,179,158,208,177,157,207,174,155,206,173,154,206,174,153,206,174,153,208,173,153,207,172,152,206,171,149,204,169,147,205,169,147,206,170,148,208,172,150,208,172,150,209,172,153,210,173,154,207,170,152,202,167,148,199,166,149,199,168,150,199,167,152,197,168,152,198,169,155,199,171,157,201,175,160,204,178,163,204,178,165,203,177,162,202,176,161,203,176,159,204,177,158,205,178,157,206,178,157,207,179,158,204,177,156,204,177,156,204,176,154,208,177,156,210,177,158,211,178,159,211,178,161,209,178,160,211,179,164,213,181,166,214,181,166,216,180,164,220,182,163,227,184,165,231,186,165
207,172,152,206,171,151,206,171,151,205,170,150,204,169,149,204,169,149,204,169,149,205,170,150,204,169,149,204,169,149,205,170,150,205,170,150,206,171,151,207,172,152,207,172,152,207,172,152,205,170,150,206,171,151,207,172,152,209,174,154,210,175,155,211,176,156,209,177,156,209,177,156,199,168,148,197,166,146,192,163,145,190,161,143,188,161,144,186,160,143,184,158,143,183,156,139,189,160,142,195,164,146,201,168,149,203,170,151,205,170,150,207,172,152,211,175,153,215,179,157,216,180,158,219,183,161,219,184,162,219,184,162,217,185,164,218,187,166,219,188,167,217,189,167,215,187,163,218,190,166,220,192,170,220,192,170,219,190,172,217,188,172,212,184,170,208,181,170,198,175,167,188,171,164,173,162,160,152,151,149,128,136,138,106,121,124,92,113,116,82,111,115,81,115,124,82,118,130,85,121,135,87,123,137,92,125,142,95,128,145,96,127,145,97,126,142,98,126,138,100,124,134,100,123,129,100,121,122,100,121,116,101,121,112,105,123,111,107,125,113,109,124,119,111,123,121,113,125,123,115,127,125,116,128,126,115,127,125,110,125,122,108,123,120,106,120,120,105,119,119,103,119,118,109,125,124,123,139,138,139,155,154,159,175,174,178,194,194,194,209,212,207,222,227,218,233,240,222,237,244,223,240,248,228,245,253,228,245,255,224,241,251,222,236,247,223,237,248,224,238,247,226,240,249,230,243,251,232,245,253,236,247,253,237,246,251,236,241,245,234,238,241,229,233,236,225,226,228,220,220,220,215,211,208,212,203,196,211,197,186,209,190,175,212,189,171,215,187,166,216,184,163,216,181,161,213,178,158,209,176,157,208,175,156,206,175,154,205,174,153,205,174,153,205,174,153,206,174,153,206,174,153,207,175,154,207,175,154,206,174,153,208,176,155,212,177,157,211,176,156,209,174,154,208,173,153,209,174,154,210,175,155,210,177,158,209,176,157,208,176,155,206,174,153,205,173,150,205,173,150,205,173,148,205,173,148,207,173,148,206,172,147,207,171,147,207,171,147,208,170,147,209,171,148,211,170,148,208,170,147,207,171,145,206,170,144,204,170,145,205,171,146,204,172,149,205,175,151,206,175,154,205,177,156,207,179,158,207,180,159,208,181,160,209,182,161,210,182,161,209,181,160,207,179,158,206,178,157,205,174,154,205,172,153,205,173,152,205,173,152,208,173,153,207,172,152,206,171,149,204,169,147,202,166,144,204,168,146,206,170,148,207,171,149,209,172,153,209,172,153,206,169,151,201,166,147,201,168,151,200,168,153,199,170,154,198,170,156,198,170,156,200,174,161,202,178,166,204,182,169,205,183,170,205,183,169,206,183,169,208,182,167,208,182,165,210,183,164,210,181,163,210,182,161,208,181,160,207,179,158,207,176,155,207,176,155,210,177,158,211,178,159,210,177,160,209,176,159,211,178,163,213,177,163,213,175,162,213,174,159,220,174,158,226,178,158,232,180,159
204,169,149,205,170,150,205,170,150,205,170,150,204,169,149,205,170,150,206,171,151,207,172,152,204,169,149,204,169,149,204,169,149,203,168,148,203,168,148,204,169,149,205,170,150,205,170,150,204,167,148,204,167,148,205,168,149,208,171,152,210,175,153,210,175,153,208,173,153,203,171,150,199,168,148,196,165,145,192,163,145,191,162,144,190,163,146,189,163,146,187,161,146,185,159,142,190,161,143,198,167,147,206,173,154,208,175,156,211,176,156,213,178,158,216,180,158,216,180,158,218,182,160,219,183,161,221,185,163,221,186,164,220,188,167,219,188,167,219,188,167,218,187,166,216,186,162,216,186,162,217,186,165,218,187,166,215,186,168,213,184,168,209,181,167,206,179,168,196,173,167,184,166,162,167,157,156,146,144,145,123,131,134,100,118,120,86,110,112,78,107,111,77,111,120,79,116,125,83,117,129,83,116,131,88,120,135,94,126,141,97,126,142,93,122,136,90,118,129,104,129,136,97,121,125,93,114,115,104,125,120,100,120,111,97,114,104,109,126,116,108,123,118,112,127,124,114,129,126,112,127,124,112,127,124,114,129,126,112,127,124,107,122,119,106,122,119,106,122,119,107,123,120,111,127,124,122,138,135,142,158,155,165,184,180,183,202,200,197,212,215,208,223,228,218,233,240,221,236,243,221,238,246,225,242,252,225,241,254,221,237,250,221,238,248,221,238,248,224,238,247,228,242,251,230,243,251,231,244,252,232,245,251,236,247,251,236,244,247,236,241,245,232,236,239,227,228,230,222,222,222,219,215,212,216,207,200,214,200,189,216,197,182,217,192,172,219,188,168,220,188,167,220,185,163,217,182,162,212,179,160,211,178,159,208,177,157,207,176,156,206,175,155,206,175,155,206,175,154,205,174,153,204,172,151,202,170,149,205,170,150,206,171,151,207,172,150,208,173,151,208,172,150,207,171,149,207,171,149,206,171,149,207,175,154,207,175,154,207,175,154,207,175,154,207,175,152,206,174,151,206,174,149,205,173,148,204,172,147,207,173,148,209,173,149,209,173,149,209,171,148,208,170,147,210,169,147,208,170,147,204,168,142,202,168,141,202,168,143,203,169,144,203,171,148,205,175,151,206,175,154,205,177,155,208,180,159,208,180,159,208,181,160,208,181,160,208,181,160,207,180,159,206,179,158,206,178,157,206,175,155,205,172,153,202,170,149,201,169,148,202,170,147,204,172,149,206,171,149,205,170,148,203,168,146,204,169,147,206,169,150,208,171,152,210,173,154,210,173,154,209,172,154,207,172,153,204,171,154,205,173,158,204,175,161,202,174,162,198,174,162,199,177,164,201,181,170,205,185,174,207,187,176,207,187,176,209,187,174,209,187,173,210,184,169,209,183,166,208,181,162,207,180,161,206,178,157,206,178,157,207,176,156,206,175,155,206,173,156,205,172,155,206,173,158,207,174,159,209,173,161,211,173,160,213,171,159,216,170,155,223,172,155,232,175,156,238,177,158
208,173,153,208,173,153,207,172,152,206,171,151,204,169,149,204,169,149,204,169,149,204,169,149,203,168,148,203,168,148,204,169,149,204,169,149,205,170,150,206,171,151,206,171,151,206,171,151,206,169,150,206,169,150,207,170,151,210,173,154,212,176,154,212,177,155,211,176,156,209,174,154,205,172,153,201,170,150,197,168,150,195,168,149,194,167,150,193,167,150,189,166,150,189,163,146,197,168,150,204,173,153,210,177,158,211,178,159,213,178,158,213,178,158,215,179,157,215,179,157,217,181,159,217,181,159,217,181,159,217,181,159,216,181,161,213,181,160,212,180,159,211,180,159,212,180,157,212,182,158,212,181,160,213,182,161,213,182,162,209,180,162,206,177,163,202,175,164,191,168,162,179,161,157,162,152,151,142,140,141,119,127,130,98,116,120,85,109,113,78,107,113,71,105,114,75,112,121,81,115,127,81,115,127,82,114,127,85,117,130,89,118,132,90,118,130,89,116,125,93,118,125,92,116,120,93,114,115,100,120,118,101,122,115,100,120,111,103,120,112,108,124,121,111,127,126,112,126,126,110,126,125,111,125,125,113,129,128,113,127,127,109,125,124,110,126,125,107,123,120,104,120,119,108,124,121,122,138,137,143,159,156,164,183,179,179,198,196,199,214,217,213,228,233,225,240,247,230,244,253,230,247,255,231,248,255,227,243,255,220,236,249,221,238,248,218,235,245,219,233,244,220,234,243,225,238,246,228,241,249,234,247,253,240,251,255,237,244,250,237,242,246,234,237,242,230,231,233,224,224,224,220,217,212,216,205,199,212,198,185,214,192,178,214,189,169,216,185,165,216,184,163,217,182,160,214,179,157,209,176,157,208,175,156,205,174,154,204,173,153,203,172,152,204,173,153,205,174,153,205,174,153,204,172,151,203,171,150,207,172,152,208,173,151,209,174,152,210,174,152,209,173,151,208,172,150,208,172,150,208,172,150,208,173,153,206,174,153,206,174,153,207,175,152,207,175,152,208,176,153,208,176,151,208,176,151,209,177,152,209,177,152,212,178,153,212,176,152,211,175,151,210,172,149,210,172,149,209,171,148,206,170,146,205,171,146,204,170,145,205,171,146,205,173,150,207,175,152,207,176,155,208,177,156,208,180,159,208,180,159,208,180,159,208,181,160,208,181,160,208,181,160,207,180,159,208,180,159,207,176,156,205,172,153,203,171,150,203,171,150,205,173,150,207,175,152,209,174,152,209,174,152,209,174,152,209,174,152,210,173,154,211,174,155,212,175,156,212,175,156,210,173,155,208,172,156,208,176,161,207,178,164,207,179,167,205,178,167,201,179,168,200,180,171,203,184,177,205,188,180,203,186,178,203,186,176,204,186,174,204,185,171,206,183,169,206,180,165,204,178,161,204,177,158,204,175,157,204,176,155,206,175,155,205,174,154,205,172,155,203,170,153,202,169,154,204,168,154,208,170,159,213,171,159,217,171,158,222,170,157,232,170,155,239,172,155,244,171,152
210,175,153,209,174,152,208,173,151,205,170,148,203,168,146,202,167,145,202,167,145,203,168,146,204,168,146,205,169,147,206,170,148,207,171,149,208,172,150,208,172,150,207,171,149,207,171,149,211,173,152,211,173,152,211,173,152,213,175,154,216,178,157,216,180,158,215,179,157,213,178,156,210,178,157,207,176,155,202,174,153,200,173,152,199,172,153,197,172,152,193,170,152,194,168,151,197,170,151,205,174,154,210,177,158,209,176,157,210,175,155,210,175,155,212,175,156,213,175,156,214,176,157,213,175,156,212,176,154,212,176,154,211,176,154,212,177,155,212,177,155,211,179,156,213,178,158,211,179,158,211,179,158,211,179,158,211,178,159,208,177,159,203,174,160,200,172,160,188,163,156,175,156,152,157,145,145,137,135,136,117,125,128,99,114,121,86,109,115,80,109,117,81,114,123,81,115,125,82,114,125,80,112,123,81,111,122,81,111,122,85,113,125,87,115,126,96,123,132,85,110,117,86,110,114,97,118,121,99,119,120,102,122,121,106,126,124,108,127,125,107,125,125,111,129,131,114,130,130,111,129,129,113,129,129,112,130,130,112,128,128,107,125,125,109,127,127,103,122,120,99,117,117,105,124,122,124,142,142,150,169,167,174,193,191,189,207,207,204,219,224,215,230,237,224,238,247,226,240,249,225,242,252,226,243,253,225,241,254,221,237,250,215,231,244,215,232,242,220,234,245,225,239,248,230,243,251,231,244,252,232,243,249,233,242,249,236,243,249,238,243,247,236,239,244,232,233,237,227,227,227,222,219,214,217,206,200,212,198,185,212,190,176,212,187,167,211,183,161,213,183,159,212,180,157,209,177,154,207,174,155,206,173,154,202,171,151,201,170,150,202,171,151,203,172,152,206,174,153,206,174,153,207,172,152,206,171,151,209,173,151,209,173,151,210,174,152,211,173,150,211,173,150,210,172,149,211,173,150,211,173,152,210,175,155,210,175,155,208,176,153,209,177,154,209,179,155,210,180,154,211,181,155,211,181,155,210,180,154,211,179,154,211,179,154,213,179,154,211,176,154,211,175,153,211,175,153,211,175,153,207,172,150,207,172,150,207,172,150,208,173,151,208,176,155,210,178,157,211,180,159,212,181,160,212,181,161,211,183,162,211,183,162,212,184,163,212,184,163,212,184,163,212,184,163,212,184,163,212,181,160,211,179,158,209,177,156,210,178,157,211,179,156,212,180,157,213,181,158,212,180,157,211,179,156,211,179,156,213,178,158,213,178,158,212,177,158,211,176,157,209,174,155,206,173,156,202,173,159,202,174,162,202,175,164,199,175,165,194,174,167,193,176,169,193,178,173,195,182,176,196,183,177,196,183,175,198,184,175,201,183,173,203,181,168,203,180,166,203,177,162,204,177,160,205,176,158,207,176,158,206,175,157,205,174,156,203,171,156,200,168,153,198,164,152,199,163,151,201,161,151,208,164,153,217,165,154,224,164,153,233,164,149,241,164,148,246,160,143
210,175,153,210,175,153,208,173,151,207,172,150,205,170,148,205,170,148,205,170,148,206,171,149,209,173,151,209,173,151,210,174,152,210,174,152,210,174,152,210,174,152,209,173,151,210,172,151,215,177,156,214,176,155,214,176,155,215,177,156,216,178,157,216,178,157,216,178,157,214,178,156,207,172,152,203,171,150,199,168,148,195,167,146,193,166,147,190,165,145,189,163,146,188,163,143,193,166,145,199,171,150,204,173,153,205,172,153,206,171,151,206,171,151,210,172,153,211,173,154,211,173,154,211,173,154,210,172,151,209,173,151,209,173,151,210,175,153,211,176,154,212,177,155,212,177,157,212,177,157,211,176,156,209,177,156,207,174,155,205,172,153,201,169,154,196,168,156,185,161,151,172,153,147,155,144,142,136,134,137,119,124,130,102,116,125,90,112,123,84,112,123,83,115,126,79,113,123,80,112,123,83,115,126,87,117,128,87,117,128,87,115,126,88,115,126,81,105,115,89,114,121,102,125,131,107,130,136,108,129,134,115,134,140,122,141,145,121,140,144,123,142,148,123,142,148,121,140,146,117,136,140,115,134,138,116,135,139,117,136,140,116,135,139,105,123,127,103,121,123,102,120,122,110,128,130,129,147,149,155,173,175,180,198,198,195,213,215,211,226,233,222,237,244,232,246,255,233,247,255,228,245,255,226,243,253,223,239,252,220,236,249,218,234,247,215,231,244,214,228,239,217,231,240,222,235,244,225,238,246,230,241,247,234,243,250,235,242,248,237,242,248,236,239,246,233,234,238,228,228,228,224,221,216,220,209,203,216,202,189,213,191,177,212,187,167,211,183,161,212,182,158,212,180,157,209,177,156,206,173,154,205,172,153,201,170,150,201,170,150,201,170,150,203,172,152,206,174,153,207,175,154,208,173,153,207,172,152,208,172,150,208,172,150,209,171,148,209,171,148,209,171,148,212,171,149,213,172,150,212,174,151,212,176,154,211,176,154,211,176,154,209,177,154,209,179,153,210,180,154,211,181,155,211,181,155,210,180,154,210,180,154,210,180,154,211,179,156,210,178,155,212,177,157,213,176,157,213,176,157,209,174,154,209,174,152,209,174,154,211,176,156,211,179,158,214,182,161,216,184,163,215,184,163,216,185,165,217,186,166,217,186,166,216,188,167,216,188,167,215,187,166,214,186,165,216,185,165,216,184,163,216,184,163,215,183,162,215,183,162,215,183,160,215,183,160,213,181,158,212,180,157,210,178,155,210,178,155,210,178,157,210,178,157,211,176,157,207,174,155,206,171,152,201,168,151,199,170,156,198,171,160,196,172,162,193,173,164,189,172,165,187,174,168,186,175,171,187,177,175,187,177,175,189,178,174,193,180,172,195,181,172,199,181,169,203,181,168,204,181,167,206,178,164,211,179,164,209,178,160,206,175,157,202,171,153,199,167,152,196,164,149,195,161,149,196,160,148,199,159,149,209,161,151,219,162,153,227,161,149,238,159,146,247,158,142,252,155,138
212,178,153,212,178,153,213,177,153,212,176,152,211,175,151,211,175,151,212,176,152,213,177,153,212,176,152,212,176,152,213,175,152,212,174,151,212,174,151,212,174,151,213,175,152,213,175,152,216,175,153,215,174,152,215,174,152,215,174,152,215,174,152,214,176,153,213,175,152,212,176,152,205,170,148,202,170,147,198,167,146,193,165,143,190,163,142,187,162,140,186,161,141,186,161,141,191,164,143,197,169,147,202,171,150,203,171,150,205,170,150,206,171,151,211,173,154,212,174,155,215,174,156,212,174,155,210,172,153,208,171,152,208,172,150,208,172,150,209,173,151,209,173,151,212,175,156,211,174,156,210,173,154,208,173,153,205,170,150,200,167,148,195,164,146,190,161,147,183,156,145,170,150,143,153,142,140,136,134,137,121,125,134,106,120,131,97,116,130,91,117,130,88,117,131,85,117,130,89,118,132,91,120,134,91,119,131,87,115,127,84,111,122,83,110,121,89,113,125,110,134,144,110,132,143,93,115,126,97,117,128,115,135,146,122,141,155,118,138,149,129,149,160,127,147,158,122,142,153,115,135,144,112,132,141,112,132,141,114,134,143,115,135,142,124,143,150,120,139,146,114,133,140,111,130,137,115,134,140,130,149,155,151,170,176,167,184,191,203,217,226,219,232,241,233,247,255,239,253,255,237,251,255,234,248,255,231,245,255,229,243,255,222,236,249,219,233,246,218,230,242,220,233,242,226,236,246,229,239,248,232,243,249,236,245,252,236,243,251,236,243,249,235,240,246,231,234,239,229,229,229,226,223,218,223,212,206,219,205,192,214,192,178,214,189,169,212,184,163,213,182,161,212,180,159,209,177,156,205,174,154,204,173,153,201,170,152,201,170,152,201,170,150,203,172,152,206,173,154,207,174,155,208,173,153,207,172,152,207,171,149,207,169,148,209,168,146,208,167,145,208,168,143,211,169,145,214,172,148,215,174,152,211,173,152,210,175,153,210,175,153,209,177,152,209,179,153,210,180,154,209,182,155,209,182,155,210,182,158,211,183,159,211,183,159,213,182,161,213,181,160,213,180,161,214,179,160,215,180,161,214,179,160,214,179,159,213,178,159,214,179,160,215,180,161,214,181,162,214,181,162,214,181,162,217,184,165,217,186,166,218,187,167,218,187,167,218,187,167,216,185,165,214,183,163,212,181,161,213,181,160,213,181,160,214,182,161,214,182,161,214,182,159,212,180,157,209,177,154,207,175,152,205,175,151,206,176,152,207,176,155,208,177,156,208,175,156,204,173,153,201,168,151,197,165,150,194,166,154,193,166,155,190,167,159,187,168,161,182,167,162,179,168,164,180,170,169,180,172,170,178,170,168,180,172,169,184,175,170,191,178,170,197,180,170,201,181,170,206,183,169,209,181,167,212,180,165,208,175,160,201,168,153,194,162,147,190,158,145,185,156,142,186,154,143,188,151,142,194,151,142,202,152,143,214,151,142,223,149,140,234,146,134,246,146,131,254,144,129
213,179,154,213,179,154,214,178,154,213,177,153,213,177,153,212,176,152,213,177,153,213,177,153,209,173,149,209,173,149,209,171,148,209,171,148,209,171,148,210,172,149,211,173,150,214,173,151,212,170,148,213,171,149,212,171,149,212,171,149,212,171,149,212,171,149,211,173,150,210,174,150,207,171,149,203,171,148,200,168,147,194,166,144,192,164,143,189,162,141,188,163,143,187,162,140,192,164,143,196,168,146,202,171,150,202,171,150,204,169,149,206,171,151,210,172,153,211,173,154,215,174,156,215,174,156,212,174,155,212,174,155,212,174,153,212,176,154,212,176,154,213,177,155,212,175,157,212,175,157,211,174,155,210,173,154,206,171,151,202,167,147,195,162,143,189,160,144,181,155,142,169,149,142,152,141,139,139,134,138,124,128,137,110,124,137,101,120,135,95,121,138,92,121,137,92,124,139,94,123,137,91,120,134,89,117,129,91,119,131,97,124,135,103,130,141,119,143,155,108,132,144,91,113,127,88,110,124,109,128,145,122,140,160,120,138,158,114,135,154,114,135,152,116,139,153,120,142,156,120,142,156,116,138,151,110,132,145,107,126,140,104,123,137,104,124,135,113,133,144,124,142,154,127,145,157,124,142,152,118,136,146,116,134,144,117,134,144,116,130,139,128,141,150,142,156,165,154,168,177,168,182,193,186,200,211,204,218,231,215,229,242,226,240,253,225,239,252,227,239,251,228,241,250,231,241,251,230,240,249,231,242,248,234,243,250,238,247,254,238,245,253,236,241,247,231,234,239,228,228,228,225,221,218,222,213,206,220,206,193,212,193,178,213,188,168,212,184,163,212,181,160,211,179,158,207,176,155,205,174,154,204,173,153,201,170,152,201,170,152,201,170,150,203,172,152,205,172,153,206,173,154,207,172,152,207,170,151,208,170,149,208,170,149,209,168,146,208,167,145,209,167,143,210,168,144,213,171,147,214,174,149,212,174,151,212,176,154,212,178,153,212,180,155,213,181,156,214,184,158,212,185,158,213,186,159,214,186,162,215,187,163,216,188,166,216,188,166,216,185,165,216,183,164,215,182,163,216,181,162,219,184,165,217,182,163,216,181,162,214,179,160,214,179,160,213,178,159,210,177,158,209,176,157,212,179,160,213,180,161,215,182,163,214,183,163,213,182,162,211,180,160,209,178,158,207,176,156,209,177,156,210,178,157,212,180,159,213,181,160,212,180,157,210,178,155,208,176,153,207,175,152,204,174,150,205,175,151,207,176,155,208,177,156,208,177,157,205,174,154,201,170,152,196,167,151,192,164,152,189,165,155,186,163,157,180,163,156,176,162,159,172,162,160,169,163,163,169,165,164,168,162,162,171,166,163,177,169,166,184,173,167,194,177,169,199,181,169,204,182,169,208,182,169,209,177,164,206,170,156,195,162,147,185,153,138,180,148,135,174,145,131,174,142,131,176,139,130,180,137,128,191,138,130,204,137,129,214,134,125,228,131,122,238,130,117,247,129,115
211,175,151,212,176,152,212,176,152,212,176,152,211,175,151,210,174,150,210,174,150,210,174,150,208,170,147,208,170,147,208,170,147,208,170,147,208,170,147,209,171,148,211,170,148,212,171,149,212,170,146,212,170,146,213,171,147,213,171,147,211,171,146,211,171,146,209,171,148,208,172,148,203,167,143,199,167,144,196,164,143,190,162,140,187,159,138,185,158,137,184,159,139,184,159,137,191,163,142,196,168,146,202,171,150,202,171,150,205,170,150,206,171,151,209,171,152,210,172,153,214,173,155,215,174,156,216,175,157,215,177,158,217,179,158,217,179,158,217,181,159,217,181,159,216,177,160,216,177,160,215,178,159,215,178,159,212,177,155,208,173,153,201,169,148,197,166,148,184,158,145,171,151,142,157,143,142,143,138,142,128,132,143,113,126,142,102,120,140,95,120,140,90,117,136,93,122,140,96,123,140,98,126,140,104,132,144,114,142,154,123,150,161,126,153,164,105,128,142,84,107,121,88,109,126,116,137,158,134,154,178,131,151,176,125,145,172,122,142,167,112,134,155,116,142,159,127,150,168,131,154,172,129,152,170,122,145,163,115,136,153,111,132,149,105,127,141,106,128,142,108,127,141,107,126,140,109,127,141,113,131,145,120,138,152,125,141,154,131,145,156,128,141,150,121,133,145,113,125,137,107,121,134,108,122,135,110,124,137,112,126,139,129,143,156,147,161,174,179,191,203,210,223,232,231,241,251,238,248,255,239,248,255,239,248,255,239,248,255,239,246,254,237,242,248,232,235,240,228,229,231,225,221,218,221,212,205,219,205,192,211,192,177,212,187,167,211,183,162,212,181,160,210,179,158,208,177,156,206,175,155,203,174,156,203,172,154,203,172,154,204,171,152,205,172,153,209,174,155,210,175,156,210,173,154,209,172,153,210,172,151,210,172,151,212,171,149,211,170,148,212,170,146,212,170,146,215,170,147,214,172,148,214,176,153,214,178,154,215,181,156,215,183,158,217,185,160,216,186,160,214,187,160,213,187,160,213,187,162,214,188,163,216,190,167,217,189,167,217,186,166,215,184,166,214,183,165,214,181,164,215,179,163,214,178,162,213,177,161,213,177,161,212,176,160,211,175,159,210,175,156,210,175,156,211,176,157,210,177,158,210,177,158,211,178,159,211,178,159,210,177,158,209,176,157,209,176,157,210,178,157,211,179,158,212,180,157,212,180,157,212,180,157,211,179,156,209,179,155,209,179,155,206,176,152,207,177,153,206,178,156,207,179,157,207,179,158,205,177,156,202,173,155,199,172,155,196,169,158,191,169,158,186,166,159,180,162,158,174,160,159,168,160,158,164,160,159,162,160,161,163,159,160,165,161,160,173,165,162,180,171,166,189,174,167,196,178,168,202,180,169,207,181,168,208,176,163,204,168,156,193,159,147,183,151,138,175,143,132,167,137,126,164,132,121,164,127,118,175,131,122,188,133,126,203,135,126,217,133,123,230,129,119,241,127,116,250,124,110
210,174,150,211,175,151,212,176,152,212,176,152,211,175,151,210,174,150,209,173,149,209,173,149,210,174,150,211,173,150,212,174,151,212,174,151,212,174,151,211,173,150,212,171,149,212,171,149,213,173,148,214,174,149,214,174,149,214,174,149,212,172,147,209,172,146,209,171,148,208,172,148,205,171,146,202,170,147,198,167,146,193,165,143,189,162,141,187,162,140,187,162,142,188,163,143,192,164,143,199,168,147,203,172,151,205,173,152,207,172,152,208,173,153,211,174,155,212,174,155,213,175,156,214,176,157,215,177,158,216,178,159,216,178,159,215,179,157,214,177,158,214,177,158,216,178,159,217,179,160,217,180,161,218,182,160,216,181,159,210,178,157,205,173,152,199,170,152,189,163,150,175,157,147,162,148,145,146,141,145,128,135,145,113,126,142,102,120,140,93,118,138,100,125,145,104,131,150,109,135,152,115,141,156,124,150,163,129,155,168,121,147,160,110,133,147,81,104,118,83,106,122,108,129,148,119,140,161,103,123,147,102,122,147,118,138,165,120,141,168,118,140,163,119,144,164,124,146,167,126,148,169,126,148,169,125,147,168,126,147,166,127,148,167,123,144,161,119,140,157,116,135,152,113,132,147,110,129,144,108,127,142,106,123,139,104,121,137,106,122,137,114,128,141,123,137,150,131,144,160,133,149,164,129,145,160,118,134,149,110,123,139,104,117,133,106,120,133,113,125,139,128,140,152,150,163,172,182,192,201,213,223,232,236,245,254,238,247,255,238,245,253,235,242,250,231,236,240,229,230,232,224,223,219,221,214,206,218,206,192,211,192,175,212,187,167,211,183,161,212,182,158,212,180,157,209,178,157,207,176,156,205,176,158,206,175,157,205,174,156,205,174,156,208,175,156,210,177,158,213,178,159,212,177,158,211,174,155,212,174,155,213,175,154,216,175,155,215,174,152,215,173,151,214,172,148,213,171,149,212,170,148,213,175,152,214,178,154,215,181,156,214,182,157,215,183,158,212,185,158,211,184,157,210,184,159,209,183,158,211,185,162,213,187,164,214,187,166,214,186,165,212,184,163,210,181,163,211,180,162,207,174,157,207,174,157,207,174,157,208,175,156,209,176,157,212,177,158,212,177,157,212,177,157,211,176,157,211,176,157,209,176,157,210,177,158,210,177,158,211,178,159,212,179,160,212,179,160,211,180,159,211,181,157,211,181,157,210,180,156,211,179,156,210,180,156,210,180,156,209,181,159,207,179,157,206,178,156,207,179,157,207,179,158,207,179,158,206,178,157,206,175,157,202,173,157,194,167,156,189,166,158,182,161,156,175,157,153,167,153,153,161,151,152,156,150,152,155,150,154,162,157,161,164,160,161,172,164,162,179,168,164,188,173,168,194,177,169,199,179,168,204,180,168,205,177,165,202,170,159,193,161,150,184,152,141,174,144,134,165,135,125,157,127,117,157,120,112,169,124,118,186,127,123,207,129,125,223,128,122,237,124,116,248,122,110,255,117,104
214,176,153,214,176,153,213,177,153,212,176,152,209,175,150,207,173,148,206,172,147,206,172,147,205,171,146,207,171,147,208,172,148,209,173,149,209,173,149,209,173,149,209,171,148,208,170,147,210,172,149,210,172,149,211,173,150,212,174,151,212,174,151,210,174,150,208,172,148,206,172,147,207,172,150,201,169,146,197,166,145,194,166,145,191,164,145,188,163,143,186,160,143,187,162,142,192,164,143,198,166,145,202,170,149,204,172,151,206,171,151,206,171,151,208,173,153,210,173,154,212,175,156,214,177,158,214,177,159,213,176,158,214,177,159,216,181,161,218,183,164,219,182,163,221,183,162,223,185,162,221,185,161,220,184,162,218,183,161,216,184,163,210,179,159,202,175,158,193,170,156,182,165,155,166,155,151,146,144,145,127,134,142,114,128,141,106,125,142,103,126,144,107,130,146,117,140,156,119,142,158,119,142,156,128,151,165,127,150,164,101,124,138,74,95,112,81,102,119,95,116,133,102,125,143,100,123,141,102,124,145,113,135,156,120,142,163,118,140,161,116,138,159,116,138,159,118,139,160,118,139,160,119,140,161,121,142,163,123,144,163,124,145,164,124,145,164,127,148,167,127,148,167,124,145,162,121,142,159,118,139,156,114,133,150,107,126,143,104,122,142,102,120,140,100,118,138,102,121,138,109,126,144,120,137,155,131,148,164,139,155,171,134,150,166,125,141,156,121,135,148,120,134,145,116,130,141,117,130,139,135,148,157,160,170,180,197,206,215,228,235,243,246,253,255,238,243,249,222,226,229,219,219,217,219,215,206,218,206,192,214,196,176,211,186,164,212,182,158,216,184,159,218,184,159,212,180,157,209,178,158,211,180,162,208,179,161,209,180,162,210,181,163,214,183,165,215,184,166,215,182,163,216,181,162,214,179,160,214,177,159,215,178,159,216,178,159,215,177,156,215,174,154,212,171,149,210,169,149,209,168,148,209,171,150,210,174,152,211,177,152,210,178,153,211,179,154,209,182,155,210,182,158,209,183,160,208,183,161,210,185,163,214,189,167,217,192,170,218,191,170,217,191,168,214,188,163,213,187,162,209,181,160,208,179,161,209,178,158,209,178,157,211,181,157,213,181,158,213,181,158,213,181,158,212,180,159,212,179,160,211,178,159,211,178,161,210,179,161,212,181,163,213,182,162,214,183,162,211,183,159,210,184,159,211,183,159,210,182,158,210,179,158,208,180,158,208,180,158,208,181,160,210,183,162,208,181,160,207,180,159,207,180,159,207,179,158,207,176,156,205,172,153,202,170,155,195,168,159,188,165,159,179,158,155,171,153,151,162,147,150,156,144,148,154,144,152,155,148,155,158,151,158,166,157,162,175,165,166,184,173,171,192,177,174,198,181,174,201,183,173,203,183,172,206,184,173,203,179,169,196,167,159,183,153,145,173,144,136,165,136,130,154,125,119,147,112,108,161,113,111,185,119,120,211,121,123,227,114,116,239,107,103,250,106,97,255,104,90
214,176,153,215,177,154,213,177,153,212,176,152,210,174,150,208,174,149,207,173,148,207,173,148,206,172,147,207,173,148,209,173,149,209,173,149,210,174,150,209,173,149,210,172,149,209,171,148,209,173,149,209,173,149,210,174,150,211,175,151,212,176,152,211,175,151,209,175,150,208,174,149,202,170,147,197,167,143,194,163,142,191,164,143,189,162,143,187,162,142,184,161,143,187,162,142,195,164,144,199,167,146,203,171,150,205,173,152,208,173,153,208,173,153,210,175,155,212,177,157,216,181,161,217,182,162,217,180,161,215,180,160,216,179,161,218,183,164,219,182,164,218,181,162,216,178,155,218,181,155,219,183,159,219,184,162,215,183,162,209,178,158,203,174,156,198,172,157,189,167,154,176,159,151,158,149,144,143,143,143,130,139,146,120,134,147,111,130,147,107,130,148,109,130,147,112,134,148,119,141,155,125,147,161,114,136,150,88,110,124,74,95,112,78,99,116,102,123,140,112,133,150,117,140,158,117,140,158,118,141,159,121,144,162,116,139,157,107,130,148,101,122,143,104,125,146,106,127,148,108,129,150,111,132,153,115,136,157,117,138,157,117,138,157,119,140,159,121,142,161,123,144,163,124,145,164,124,145,162,123,144,161,121,142,159,117,138,157,115,136,157,117,137,161,113,134,155,100,121,142,88,106,126,83,101,121,93,110,128,104,121,139,118,134,150,128,144,160,134,147,163,128,142,155,123,137,150,123,137,148,124,136,148,122,132,142,132,141,150,153,160,168,185,192,200,215,222,228,230,235,239,227,229,228,215,212,205,207,197,185,210,193,175,216,191,169,216,186,162,214,180,155,215,181,156,218,183,161,217,185,164,214,183,163,208,179,163,208,179,163,209,180,162,211,182,164,214,183,165,213,182,164,213,180,161,213,178,159,211,176,157,212,175,157,212,175,156,212,174,155,211,173,152,210,172,151,211,170,150,209,171,150,210,174,152,208,173,151,208,173,151,206,174,149,206,176,150,206,178,154,209,181,159,211,184,163,210,185,165,213,187,170,217,191,174,219,193,176,219,194,174,218,193,171,216,192,168,215,191,167,213,186,167,211,184,165,210,181,163,210,182,160,212,181,160,212,182,158,213,181,158,212,180,157,213,181,160,213,180,161,213,180,163,212,181,163,212,181,163,212,181,161,212,181,161,210,182,160,209,183,158,208,184,158,211,183,159,210,182,158,209,181,159,208,180,158,208,180,159,207,180,159,208,181,162,207,182,162,207,182,162,208,181,162,209,180,162,208,177,159,205,172,155,199,170,156,191,166,161,183,162,159,177,157,158,168,152,155,161,146,153,152,140,150,150,140,151,150,142,155,153,145,158,160,152,163,172,162,170,184,172,176,194,180,180,201,186,183,207,190,183,210,191,184,201,184,176,198,180,170,192,167,160,180,153,146,167,140,133,153,125,121,134,109,104,123,92,89,141,93,93,170,101,104,202,107,113,222,103,107,237,98,95,248,95,87,253,96,79
217,179,156,217,179,156,217,179,156,215,179,155,214,178,154,212,176,152,211,177,152,211,177,152,211,177,152,211,177,152,212,178,153,212,178,153,214,178,154,214,178,154,214,178,154,214,178,154,210,174,148,210,174,148,210,174,148,211,175,149,212,176,150,213,177,151,211,177,152,210,176,151,209,177,154,204,174,150,201,170,149,197,170,149,196,169,150,194,169,149,192,169,151,195,170,150,201,173,152,207,176,155,211,179,158,213,181,160,215,180,158,215,180,158,218,182,160,220,184,162,218,182,160,218,182,160,218,180,159,216,180,158,218,180,161,218,181,162,218,180,161,216,178,157,222,181,159,219,178,156,215,177,156,213,178,158,211,178,161,205,176,160,201,173,159,197,173,161,181,161,152,175,160,155,167,159,157,151,151,153,126,135,144,106,120,133,100,119,136,103,124,143,120,141,158,126,147,164,126,147,164,118,139,156,103,124,141,87,108,125,87,108,125,99,120,137,117,138,155,115,136,153,112,133,150,108,129,146,108,129,148,106,127,146,97,120,138,88,111,129,94,115,136,97,118,139,97,118,139,95,116,137,98,119,140,107,128,149,113,134,153,114,135,154,115,136,155,115,136,155,117,138,157,121,142,161,123,144,161,123,144,161,124,145,162,126,147,166,129,151,172,121,143,164,112,133,154,108,129,150,107,128,147,102,123,142,94,113,130,84,103,120,84,101,117,97,114,130,115,131,146,125,141,154,129,143,156,126,140,153,120,134,147,117,129,141,121,129,140,121,128,138,125,134,143,144,151,159,177,182,188,206,207,209,215,211,208,213,204,195,211,195,180,208,185,167,211,180,159,217,182,160,218,183,161,215,179,157,212,177,157,213,180,161,207,178,162,206,179,162,207,178,160,209,180,162,210,181,163,212,181,163,212,181,161,212,179,160,209,177,156,211,176,156,210,175,155,209,172,153,208,172,150,208,172,150,209,171,150,208,172,150,210,173,154,208,173,151,207,172,150,205,173,150,204,174,150,205,177,153,209,181,159,210,183,162,210,184,167,213,187,172,216,190,177,216,190,177,215,189,176,213,187,172,212,186,169,212,186,169,213,187,174,211,185,170,210,182,168,209,182,163,211,182,164,211,183,162,212,181,160,211,180,160,212,179,160,213,180,163,212,181,163,213,182,164,212,181,163,209,181,160,208,180,159,207,179,157,208,182,159,208,184,160,211,183,161,211,183,161,212,181,161,209,181,160,209,181,160,208,181,160,210,183,164,210,183,164,210,184,167,212,186,169,212,184,170,209,181,169,205,175,164,200,171,163,192,168,168,184,164,166,175,158,164,167,151,161,156,144,158,145,136,153,140,133,151,138,133,153,141,138,157,149,145,162,161,155,167,174,164,173,184,171,178,191,176,179,198,180,180,200,182,178,195,180,173,193,176,168,186,166,159,174,151,145,160,137,131,141,118,112,117,97,90,104,76,72,121,77,76,151,87,88,185,95,97,207,93,93,223,88,84,238,87,78,244,89,71
218,180,157,219,181,158,219,181,158,219,181,158,217,181,157,216,180,156,215,181,156,215,181,156,212,178,153,212,178,153,211,177,152,211,177,152,213,177,153,213,177,153,214,178,154,214,178,154,216,180,154,215,179,153,215,179,153,215,179,153,215,179,153,215,179,153,214,180,155,213,179,154,209,177,154,205,175,151,201,170,149,197,171,148,196,169,148,193,168,148,191,168,150,194,169,149,200,172,151,205,174,153,209,177,156,210,178,157,211,176,154,211,176,154,213,177,155,214,178,154,214,176,155,213,175,152,213,175,154,213,175,154,217,176,156,216,178,157,215,177,158,215,174,154,213,172,150,216,175,153,215,178,159,214,178,162,211,179,164,207,179,167,203,179,169,199,179,170,200,182,178,178,167,165,151,145,147,128,129,134,110,118,129,103,116,132,111,129,149,123,144,165,129,150,169,130,151,168,119,140,157,105,126,143,103,124,141,107,128,145,106,127,144,103,124,141,98,119,136,93,114,131,88,109,126,88,109,126,91,112,131,93,114,133,93,116,134,93,116,134,91,112,133,94,115,136,92,113,134,87,108,129,88,109,130,96,117,138,103,124,143,103,124,143,105,126,145,103,124,143,104,125,144,108,129,148,111,132,149,113,134,151,117,138,155,122,143,162,113,136,154,112,134,155,113,134,155,115,136,155,116,137,156,113,134,153,107,126,143,100,119,136,96,113,129,85,102,118,84,100,115,98,114,129,113,129,144,120,134,147,118,132,145,116,128,142,120,128,139,123,132,141,119,127,138,112,121,130,119,126,134,146,149,154,179,179,179,203,196,190,210,196,185,207,185,171,207,180,163,215,182,163,216,181,161,211,174,155,208,171,152,210,175,156,207,176,158,204,177,160,205,176,158,207,178,160,208,179,161,210,182,161,212,181,161,212,181,161,212,180,159,210,178,157,210,175,155,209,174,152,209,173,151,208,172,150,208,172,150,207,171,149,207,172,152,208,173,153,210,175,153,209,177,154,210,178,155,209,179,155,209,181,159,209,182,163,216,189,172,218,192,179,220,193,182,218,191,182,215,188,179,212,185,176,212,185,176,213,186,177,210,183,174,209,182,171,208,180,168,209,181,167,211,182,166,212,183,165,214,183,165,213,182,164,214,181,164,214,181,166,215,182,167,214,183,165,211,182,164,210,182,161,209,181,159,207,181,158,209,183,160,210,184,161,211,183,162,211,183,162,213,182,162,213,182,162,214,183,163,212,184,163,214,185,167,213,186,167,213,187,170,214,188,175,212,188,178,208,183,176,203,178,173,198,174,172,190,169,174,182,165,175,172,158,171,162,151,167,151,143,164,139,135,160,134,131,158,131,131,159,135,136,164,143,143,167,154,152,173,165,161,176,175,164,178,181,168,177,187,172,177,189,175,175,190,176,173,185,172,166,179,162,155,167,150,143,155,136,130,137,120,112,115,98,90,102,79,73,117,79,76,143,85,84,172,88,88,195,85,84,214,82,77,229,85,74,241,88,70
221,180,158,222,181,159,220,182,159,220,182,159,219,183,159,218,182,158,217,183,158,218,184,159,217,183,158,217,183,158,216,182,157,216,182,157,216,182,157,217,183,158,219,183,159,219,183,159,221,185,159,220,184,158,218,182,156,217,181,155,217,181,155,216,180,154,214,180,153,213,179,154,205,173,150,200,170,146,197,166,145,193,167,144,192,165,144,189,164,142,187,165,144,191,166,146,195,168,147,199,171,150,204,173,152,206,174,153,207,172,150,206,171,149,208,172,148,210,173,147,213,172,150,212,172,147,212,171,149,213,172,150,216,174,152,216,175,153,215,174,154,215,174,154,212,171,151,216,178,157,215,180,161,209,177,162,207,179,168,209,184,177,206,187,181,199,184,179,178,166,166,142,136,138,108,107,112,100,104,113,111,121,133,121,137,153,125,143,163,124,145,166,126,149,167,114,137,155,104,125,144,105,126,145,112,133,152,108,129,148,99,120,137,96,117,134,90,111,128,88,109,126,88,109,126,90,111,128,90,111,128,90,111,128,92,113,130,95,116,135,86,107,128,90,111,132,91,112,133,87,108,129,87,108,127,92,113,132,96,117,136,95,116,135,94,115,134,91,112,131,91,112,131,94,115,134,96,117,136,98,119,138,103,124,143,110,131,150,107,130,148,110,133,151,112,135,153,109,132,150,105,126,145,101,122,139,103,124,141,106,127,144,108,127,142,103,122,137,94,111,127,84,102,116,83,101,115,94,110,125,106,122,137,116,130,143,116,126,138,112,120,131,111,121,133,114,124,134,113,123,133,115,122,130,132,136,139,154,153,151,189,180,173,208,191,181,217,194,180,211,182,166,208,175,156,215,178,159,216,179,160,209,174,155,208,177,159,205,176,158,205,176,158,206,177,159,209,178,158,210,179,159,211,180,160,210,179,158,211,179,158,210,178,157,208,176,153,207,175,152,208,173,151,207,173,148,206,172,147,205,170,148,208,171,152,209,174,154,212,177,155,211,179,156,212,180,155,211,181,157,209,181,159,208,181,160,215,187,173,217,189,178,219,190,182,217,188,184,212,184,180,210,182,179,210,182,179,211,183,180,210,183,176,209,182,173,209,181,170,210,182,170,214,185,171,218,186,171,219,186,171,219,186,171,221,185,171,218,185,170,218,185,170,216,185,167,214,185,167,213,185,164,211,185,162,211,185,162,210,183,162,211,184,163,212,183,165,212,184,163,214,183,163,215,182,163,217,184,165,217,186,166,215,186,168,213,186,169,212,186,171,210,186,176,207,184,178,202,181,178,196,176,178,191,172,178,183,167,180,174,161,179,164,155,176,153,147,173,142,141,172,132,135,168,127,133,169,124,132,169,122,130,166,131,137,171,143,146,177,155,155,181,165,160,180,173,164,181,181,169,181,184,173,179,184,174,175,177,167,165,168,157,153,157,146,140,149,136,130,134,124,115,118,108,99,112,93,86,121,90,85,141,90,87,167,89,89,190,88,86,211,88,81,230,92,79,243,93,76
224,183,161,225,184,162,223,185,162,223,185,162,221,185,161,221,185,161,220,186,161,220,186,161,221,187,162,220,186,161,220,186,161,219,185,160,219,185,160,220,186,161,221,185,161,221,185,161,219,183,157,218,182,156,216,180,154,214,178,152,213,177,151,212,176,150,209,175,148,208,174,147,203,171,146,198,168,144,195,164,143,191,165,142,191,164,143,190,165,143,188,166,145,192,167,147,197,170,149,201,173,152,204,176,154,207,176,155,208,176,153,210,176,151,213,176,150,215,178,152,214,174,149,213,173,148,214,172,148,216,174,150,216,174,152,215,173,151,215,174,154,216,175,155,219,181,162,218,181,163,215,182,167,215,187,176,216,193,185,209,190,186,182,168,167,156,146,147,113,108,112,105,104,110,104,107,116,113,121,132,123,135,149,122,139,155,112,130,150,100,121,142,104,127,145,97,120,138,94,115,134,99,120,139,104,125,144,98,119,138,95,116,133,101,122,139,95,116,133,94,115,132,92,113,130,89,110,127,82,103,120,76,97,114,75,96,113,79,100,117,78,99,118,79,100,121,78,99,120,76,97,118,77,98,117,83,104,123,91,112,131,95,116,135,93,114,133,92,113,132,90,111,130,89,110,129,88,109,128,88,109,128,91,112,131,94,115,134,107,130,148,104,127,145,102,125,143,103,126,144,107,128,145,107,128,145,104,125,142,101,122,139,100,119,134,104,123,138,108,125,141,102,119,135,87,104,120,79,97,111,89,107,121,105,121,136,117,129,143,111,120,135,104,116,130,105,119,132,109,121,133,111,121,131,113,120,128,119,120,124,150,146,143,179,168,162,207,189,179,218,192,179,216,184,169,215,179,163,214,177,159,210,175,156,211,178,159,207,178,160,209,178,160,209,178,158,209,178,158,209,178,158,209,178,157,208,177,156,209,177,156,207,175,154,205,173,150,205,173,150,208,174,149,208,174,149,207,173,148,206,172,147,210,174,152,211,175,153,212,176,154,212,178,153,212,178,153,211,179,154,211,181,157,210,182,160,210,181,165,211,183,171,213,184,176,212,183,179,210,180,178,207,179,178,208,179,181,209,181,180,213,185,181,212,185,176,213,185,174,215,185,174,219,187,174,222,188,176,223,189,177,224,188,176,222,186,174,221,185,173,220,184,170,216,183,168,214,183,165,212,184,163,211,185,162,211,185,162,210,183,164,210,183,164,212,183,167,212,183,165,214,183,165,215,182,163,217,184,165,218,185,166,216,185,167,212,185,168,209,183,170,205,182,174,199,179,178,194,175,179,186,170,180,179,167,181,172,163,184,161,157,182,151,148,179,139,142,175,129,134,172,118,130,172,113,126,171,112,126,171,112,126,171,119,132,174,132,141,180,144,149,181,154,154,182,162,158,181,171,164,182,176,168,181,174,169,173,167,163,162,158,153,150,148,143,139,141,134,128,133,126,118,123,116,108,120,107,99,123,98,93,141,97,94,164,96,95,187,96,93,211,98,90,232,102,89,243,100,84
226,185,165,226,185,165,224,186,165,223,185,164,221,185,163,220,184,162,218,183,161,218,183,161,214,179,157,214,179,157,214,180,155,213,179,154,213,179,154,212,178,153,212,178,153,212,178,153,215,179,153,214,178,152,212,176,150,211,175,149,210,174,148,208,172,146,206,172,145,205,171,144,199,167,142,194,164,140,191,160,139,188,162,139,187,160,139,186,161,139,185,163,142,187,165,144,193,168,146,197,170,149,201,173,151,205,174,153,206,174,151,208,174,149,211,174,148,213,176,149,214,174,148,215,173,148,215,173,149,216,174,150,214,173,151,213,172,150,215,174,154,216,178,159,214,179,160,214,182,167,218,190,179,220,197,189,207,189,185,172,160,160,130,124,126,102,100,105,100,100,108,110,114,123,120,128,139,121,133,147,114,130,146,105,124,141,96,117,136,90,112,133,76,98,119,83,105,126,83,105,126,78,100,121,80,103,121,84,107,125,89,110,129,92,113,132,81,102,119,80,101,118,77,98,115,74,95,112,70,91,108,67,88,105,68,90,104,70,91,108,67,88,107,65,86,105,64,85,104,65,86,105,67,88,107,73,94,113,82,103,122,91,112,131,92,113,132,94,115,134,94,115,134,90,111,130,86,107,126,84,105,124,84,105,124,83,104,123,83,106,122,87,110,126,93,116,132,98,121,137,101,124,140,102,125,141,104,125,142,104,125,142,106,127,144,96,117,134,97,116,133,106,125,142,106,125,142,93,112,127,81,100,115,79,97,111,91,107,122,108,121,137,114,130,145,108,124,139,99,115,130,100,114,127,103,116,125,106,113,121,117,118,122,136,130,130,171,158,152,204,184,175,217,191,178,211,179,164,208,172,156,212,177,158,211,178,159,210,179,159,210,177,158,210,177,158,211,178,159,211,179,158,210,178,157,209,177,156,209,177,154,206,174,151,204,172,149,204,172,149,205,173,148,207,175,150,207,175,150,209,175,150,211,175,153,212,174,153,213,175,152,212,176,150,213,177,151,213,179,152,213,182,154,213,183,159,216,185,167,216,187,173,217,187,177,216,187,181,216,186,184,215,185,183,215,185,185,215,185,183,214,187,180,212,185,174,213,185,173,215,186,172,219,187,174,221,188,173,224,188,174,224,186,173,220,182,171,218,182,170,217,181,169,213,180,165,211,180,162,208,180,159,206,180,157,206,179,158,206,180,163,207,181,164,209,181,167,211,182,166,213,181,166,213,182,164,214,181,162,214,181,162,214,183,165,210,181,165,206,179,168,200,176,172,192,173,175,184,168,178,175,162,179,167,159,182,154,154,182,143,148,180,133,138,176,120,132,174,111,125,172,100,120,170,95,116,169,93,116,170,104,127,181,111,133,183,123,140,184,133,145,185,142,148,182,150,151,181,159,157,181,164,161,178,159,159,167,155,154,159,147,147,147,140,140,138,135,134,130,128,127,122,123,122,117,124,117,111,124,105,101,140,105,103,162,104,103,184,105,101,208,106,101,228,107,98,240,106,94
223,182,162,223,182,162,221,183,162,220,182,161,217,181,159,215,179,157,213,178,156,213,178,156,215,180,158,214,179,157,214,180,155,213,179,154,213,179,154,212,178,153,212,178,153,211,177,152,214,178,152,214,178,152,213,177,151,212,176,150,211,175,149,210,174,148,208,174,147,207,173,146,202,170,145,197,167,143,194,163,142,190,164,141,189,162,141,187,162,140,186,164,143,188,166,145,194,169,147,197,172,150,201,175,152,203,175,151,206,174,151,207,173,148,209,173,147,211,174,147,212,172,146,212,172,147,213,173,148,214,173,151,211,173,150,209,171,150,213,175,156,215,180,161,214,185,171,213,189,177,211,191,182,190,175,170,147,137,136,106,101,105,96,97,102,106,110,119,113,122,131,113,123,135,108,122,135,105,121,136,103,122,139,99,120,139,86,108,129,72,94,115,73,95,116,79,101,122,79,101,122,75,97,118,76,99,117,76,99,117,74,95,114,73,94,113,72,93,110,72,93,110,71,92,109,70,91,108,69,90,107,68,89,106,64,86,100,61,82,99,64,85,104,66,87,106,72,93,112,80,101,120,82,103,122,81,102,121,84,105,124,90,111,130,83,104,123,88,109,128,91,112,131,89,110,129,86,107,126,85,106,125,83,104,123,80,101,120,80,103,119,81,104,120,84,107,123,89,112,128,95,118,134,99,122,138,103,124,141,104,125,142,98,119,136,100,121,138,101,120,137,96,115,132,96,115,132,100,119,136,97,116,131,89,108,123,81,98,114,85,102,118,95,112,128,103,122,137,104,123,138,98,115,131,95,111,124,98,111,120,103,110,118,113,114,118,136,131,128,171,158,152,199,179,170,212,185,174,211,182,168,211,179,164,209,176,159,209,176,157,210,177,158,211,178,159,212,179,160,212,180,159,212,179,160,211,179,158,211,179,158,208,176,153,204,172,151,203,173,149,205,173,150,207,177,153,209,177,154,209,177,154,210,174,152,213,175,154,215,177,154,215,179,153,215,179,153,215,181,153,213,182,154,214,182,157,218,187,167,216,187,171,217,187,177,216,187,181,217,188,184,215,187,184,214,186,183,214,186,182,210,183,174,209,183,170,210,182,170,212,183,169,216,184,169,219,186,169,221,185,171,222,184,171,220,182,169,219,181,170,217,181,169,213,179,167,210,178,163,207,178,162,204,177,158,202,177,157,200,177,161,203,180,166,207,181,168,209,183,170,210,182,168,209,180,164,208,179,163,210,179,161,207,178,162,204,176,162,199,175,165,193,172,171,184,167,175,174,161,178,163,155,178,152,152,180,134,140,176,123,135,175,114,128,173,106,124,174,98,121,175,90,116,173,84,114,174,83,115,174,89,119,179,97,124,179,107,130,180,117,136,179,125,137,175,132,141,172,141,145,174,148,150,171,147,151,163,143,148,154,140,143,148,135,139,140,131,135,134,126,131,127,124,126,121,126,123,118,125,111,108,139,111,110,158,110,110,178,110,109,199,110,106,218,111,105,233,112,103
218,177,159,219,178,160,217,179,160,217,179,160,215,179,157,215,179,157,214,179,157,215,180,158,213,178,156,213,178,156,213,179,154,214,180,155,215,181,156,215,181,156,215,179,155,215,179,155,214,178,152,214,178,152,214,178,152,213,177,151,212,176,150,212,176,150,210,176,149,210,176,149,202,170,145,198,168,144,195,164,143,190,164,141,190,163,142,189,164,144,189,167,146,191,169,148,196,174,153,201,176,154,205,179,156,208,180,156,212,180,157,214,180,155,214,178,152,212,175,149,212,175,149,213,176,150,213,175,152,211,175,153,211,176,156,217,182,163,217,184,167,209,180,166,216,194,183,208,191,183,169,156,150,117,112,109,95,95,97,95,100,106,102,111,120,109,121,133,106,120,133,102,120,132,101,119,133,97,116,131,91,114,130,88,114,131,80,105,125,68,93,113,76,98,119,71,93,114,67,89,110,66,88,109,66,88,109,66,88,109,67,90,108,69,92,110,73,94,113,73,94,113,72,93,110,72,93,110,75,96,113,81,102,119,84,105,122,85,106,123,90,111,130,92,113,132,96,117,136,99,120,139,93,114,133,83,104,123,80,101,120,83,104,123,85,106,125,88,109,128,89,110,129,86,107,126,83,104,123,81,102,121,79,100,119,77,98,117,78,101,117,78,101,117,79,100,117,81,102,119,85,106,123,90,111,128,95,116,133,98,119,136,97,118,135,97,118,135,97,118,135,96,117,134,94,115,132,93,114,131,93,114,131,93,114,131,88,107,124,77,98,115,75,96,113,86,107,124,96,117,134,97,119,133,96,115,130,98,116,128,97,110,119,99,106,114,109,110,114,128,122,122,159,146,140,196,178,168,214,190,178,208,180,166,212,179,164,210,174,158,212,179,162,215,182,165,211,178,161,213,180,161,218,185,168,216,183,164,218,187,167,216,185,164,213,182,162,210,182,160,212,181,160,210,182,160,211,180,159,210,179,158,216,181,161,216,180,158,215,179,155,215,179,153,216,180,154,215,181,154,214,182,157,215,183,160,214,183,163,210,181,165,210,182,171,208,181,174,203,175,171,200,175,170,200,175,170,198,173,168,198,174,164,199,176,162,203,177,164,206,179,162,214,183,165,219,186,167,222,186,170,221,184,168,220,182,169,219,181,170,216,180,168,212,178,168,207,177,166,204,176,164,201,175,160,197,174,158,199,177,164,198,179,165,199,179,168,200,178,167,203,181,168,206,183,169,204,178,165,199,173,158,197,169,155,197,170,159,193,170,164,185,166,168,173,159,172,160,151,172,146,141,171,133,137,172,116,129,171,105,126,173,97,118,171,89,114,170,84,114,174,81,115,178,79,114,178,76,114,179,79,115,177,83,118,176,89,119,173,95,119,167,101,119,159,109,124,157,122,131,162,131,139,162,132,139,157,133,139,151,131,138,148,129,136,142,129,137,139,128,137,136,125,131,129,123,123,121,126,118,116,136,116,117,151,115,115,169,115,115,190,116,115,209,118,115,224,116,113
215,174,156,214,176,157,215,177,158,214,177,158,214,178,156,214,178,156,213,178,156,214,179,157,212,177,155,212,177,155,211,177,152,212,178,153,213,179,154,213,179,154,214,178,154,214,178,154,214,178,152,214,178,152,214,178,152,213,177,151,213,177,151,212,176,150,210,176,149,209,175,150,201,169,146,196,166,142,192,161,140,188,161,140,187,160,141,186,161,141,186,164,143,189,167,146,197,175,154,200,178,157,206,179,158,208,180,158,211,181,157,212,180,155,214,178,154,212,176,150,214,178,152,214,178,154,212,177,155,214,181,162,218,187,169,210,181,165,210,182,168,222,198,186,196,181,174,150,142,139,110,106,105,97,98,100,99,106,112,104,114,124,103,117,130,100,118,132,97,116,130,99,121,135,96,118,132,91,114,130,88,114,129,82,109,126,72,99,118,67,94,113,70,95,115,71,93,114,71,93,114,73,95,116,75,97,118,75,97,118,78,101,119,81,104,122,86,107,126,88,109,128,90,111,128,91,112,129,95,116,133,100,121,138,102,123,140,102,123,140,98,119,138,96,117,136,95,116,135,94,115,134,88,109,128,79,100,119,76,97,116,78,99,118,85,106,125,87,108,127,86,107,126,83,104,123,80,101,120,78,99,118,78,99,118,76,97,116,75,98,116,76,99,115,78,99,116,79,100,117,80,101,118,84,105,122,88,109,126,92,113,130,94,115,132,95,116,133,98,119,136,98,119,136,96,117,134,94,115,132,93,114,131,92,113,130,86,107,124,84,107,123,81,104,120,79,102,118,82,105,121,89,112,128,94,115,132,94,116,130,91,109,123,94,108,119,97,104,112,103,104,108,123,118,115,160,149,143,198,181,173,216,194,181,209,180,166,212,180,165,216,184,169,216,184,169,215,183,168,214,185,169,217,188,172,216,187,171,217,188,172,214,187,170,213,186,169,210,184,167,210,184,167,209,183,166,208,182,165,208,181,164,210,179,161,211,178,159,210,177,158,211,179,158,212,180,159,210,179,158,207,179,158,205,178,159,204,176,162,199,175,163,199,176,170,194,173,168,187,166,163,183,163,162,183,163,162,181,162,158,188,169,162,192,174,164,197,178,164,203,180,166,208,182,165,213,184,166,217,184,167,216,183,166,213,180,165,212,178,166,210,178,167,206,178,167,204,177,168,200,178,167,198,176,165,195,177,165,191,174,164,193,179,170,196,182,173,199,184,177,203,189,180,208,191,181,206,188,176,202,182,171,197,175,164,191,171,162,182,164,162,173,158,163,159,150,167,146,142,167,131,131,165,116,125,166,104,122,170,93,118,172,84,113,169,79,109,169,75,111,173,73,111,176,71,112,178,70,111,177,72,111,176,75,114,173,81,114,167,86,114,161,92,114,155,99,118,151,110,125,154,119,131,155,132,140,159,135,143,156,135,143,154,133,142,149,132,142,144,129,139,140,124,133,132,121,125,124,124,122,123,132,122,123,144,122,124,161,122,123,181,123,122,198,124,123,212,122,121
212,174,155,213,175,156,214,176,157,214,177,158,213,176,157,212,177,157,212,177,155,212,177,155,211,176,154,211,176,154,212,176,152,212,176,152,212,176,152,213,177,153,215,177,154,215,177,154,213,177,153,213,177,153,214,178,154,214,178,154,213,177,153,212,176,152,209,175,150,208,174,149,201,169,146,196,166,142,192,161,140,188,161,140,188,161,142,187,162,142,188,165,147,191,168,150,197,174,156,201,179,158,208,181,160,211,183,161,215,185,161,219,187,162,221,187,162,220,186,161,218,184,159,215,183,160,224,193,173,220,191,175,209,183,170,219,195,183,221,199,188,192,177,170,140,135,132,98,99,101,84,89,93,99,108,115,105,118,127,101,117,130,99,118,133,95,117,131,92,115,129,94,117,133,92,115,131,90,116,131,88,114,129,73,101,115,66,93,110,76,103,120,79,104,124,80,105,125,84,106,127,86,108,129,86,109,127,87,110,128,90,113,131,93,116,134,99,120,139,101,122,141,102,123,142,102,123,142,104,122,142,103,121,141,101,119,139,97,115,135,90,111,130,84,105,124,79,100,119,76,97,116,74,95,114,72,93,112,73,94,113,76,97,116,84,105,124,85,106,125,84,105,124,80,101,120,76,97,118,75,96,117,75,96,117,75,96,115,74,95,114,76,97,116,77,98,117,77,98,117,76,97,116,77,98,117,81,102,119,84,105,122,88,109,126,92,113,130,95,116,133,96,117,134,95,116,133,93,114,131,92,113,130,92,113,130,86,109,127,89,112,130,86,109,125,79,102,118,74,97,113,78,101,117,85,108,124,89,112,128,86,108,122,89,107,121,89,103,114,93,100,108,103,104,108,125,121,120,164,155,150,201,187,178,205,183,172,207,180,169,206,179,168,207,180,169,210,183,172,206,182,170,205,181,169,207,185,172,203,181,168,201,182,168,201,182,168,202,183,169,201,183,171,200,182,170,199,181,169,200,180,169,205,178,167,205,177,165,205,177,165,204,178,165,205,179,166,201,178,164,196,174,161,190,170,161,188,167,164,184,166,166,181,165,168,176,161,166,167,154,161,166,155,161,171,160,166,172,161,165,180,170,169,187,176,172,195,182,174,202,185,175,205,186,172,208,187,170,210,184,169,210,182,168,207,179,165,205,179,166,202,178,168,199,176,168,195,176,169,192,177,170,192,177,170,188,178,169,185,178,170,189,185,176,195,190,186,198,193,189,202,197,193,205,200,194,204,195,188,199,189,180,188,175,167,179,166,160,166,154,154,156,146,155,143,140,161,131,132,163,116,121,161,101,115,162,90,113,167,80,111,168,74,106,165,69,105,167,67,105,170,66,107,173,66,106,175,65,106,172,68,108,170,70,109,166,75,111,161,79,110,154,86,112,149,94,114,147,102,119,147,109,124,147,122,133,151,127,136,151,130,140,150,131,142,148,129,140,142,126,136,137,122,131,130,120,124,125,125,126,128,129,127,130,139,129,130,150,128,130,169,129,130,186,130,131,199,127,128
210,172,153,210,173,154,212,175,156,212,175,156,210,175,155,208,173,153,207,172,150,207,172,150,209,174,152,210,175,153,211,175,151,212,176,152,212,176,152,212,176,152,214,176,153,214,176,153,214,178,154,215,179,155,215,179,155,216,180,156,214,178,154,212,176,152,209,175,150,208,174,149,203,171,148,198,167,146,194,163,143,191,164,143,192,165,146,192,167,147,192,169,151,194,171,153,198,175,157,203,180,162,210,183,164,212,185,164,218,187,166,220,190,166,223,191,168,223,191,168,221,189,166,215,187,166,219,192,175,212,189,175,207,187,176,220,203,195,195,180,173,129,121,118,93,94,98,88,97,104,101,111,121,109,123,134,101,119,133,92,114,128,93,116,132,96,119,135,93,119,134,87,113,128,90,116,131,94,120,135,83,109,124,66,94,108,71,98,115,88,115,132,91,116,136,91,116,136,93,115,136,93,115,136,94,117,135,94,117,135,97,120,138,99,122,140,97,118,137,98,119,138,97,118,137,93,114,133,91,109,129,86,104,124,80,98,118,74,92,112,71,92,111,66,87,106,62,83,102,63,84,103,68,89,108,73,94,113,76,97,116,78,99,118,85,106,125,86,107,126,86,107,126,82,103,122,78,99,120,77,98,119,76,97,118,75,96,117,74,95,114,75,96,115,76,97,116,76,97,116,75,96,115,75,96,115,76,97,114,78,99,116,82,103,120,86,107,124,90,111,128,91,112,129,90,111,128,89,110,127,90,111,128,92,113,130,88,111,129,87,110,128,87,110,126,87,108,125,80,101,118,72,93,110,74,95,114,81,104,122,87,110,128,86,107,124,87,105,119,94,106,118,100,107,115,103,104,108,124,123,121,161,154,148,203,186,179,203,184,177,200,180,173,201,182,175,205,186,179,199,182,174,195,178,171,201,186,179,192,179,171,195,182,174,196,186,177,199,188,182,199,190,183,200,191,184,200,191,186,201,190,184,203,186,179,204,183,178,200,181,175,197,178,172,195,177,173,192,177,174,187,171,172,179,166,173,175,163,173,169,158,172,164,155,174,156,151,171,150,147,166,154,153,171,164,163,181,170,169,183,175,175,187,182,179,186,190,186,187,198,190,187,202,192,183,204,190,179,202,186,173,199,181,167,197,179,165,196,178,166,194,177,169,189,176,170,184,175,170,181,176,172,180,176,173,178,177,173,181,183,178,186,191,187,191,197,195,194,200,200,197,203,203,198,204,204,198,200,197,195,194,190,182,178,175,173,167,167,159,154,160,146,144,157,133,135,160,119,125,161,104,115,161,92,109,163,78,107,165,72,106,167,67,103,165,64,102,165,63,102,167,63,104,170,63,104,170,62,103,167,66,106,167,71,108,163,76,110,158,81,113,154,88,114,149,92,115,146,99,119,144,104,121,141,110,121,139,117,127,139,120,133,142,122,136,139,123,134,136,122,132,131,119,128,127,119,125,125,122,127,130,125,129,132,130,131,133,139,130,131,153,131,133,171,132,133,187,131,134
207,170,152,207,172,153,208,173,154,208,173,154,207,172,152,206,171,151,205,170,150,205,170,150,209,174,152,210,175,153,212,176,152,213,177,153,214,176,153,213,175,152,215,174,152,214,176,153,218,182,158,219,183,159,219,183,159,219,183,159,218,182,160,215,179,157,211,176,154,210,175,153,204,172,151,199,168,147,196,165,145,194,167,148,195,168,151,194,168,151,192,169,153,193,170,154,199,176,158,203,180,162,210,183,164,211,184,163,214,183,162,215,184,163,216,185,164,216,185,164,219,191,170,214,187,168,202,180,166,208,190,178,213,200,192,176,167,162,122,114,111,92,92,94,92,101,110,102,116,129,103,119,134,96,115,130,93,114,131,92,115,133,90,116,133,94,120,137,96,119,135,90,113,129,96,119,133,91,114,128,72,95,111,69,95,110,85,111,128,90,116,133,89,115,132,89,115,132,90,116,133,92,118,135,96,119,137,97,120,138,97,120,138,95,118,136,88,109,128,88,109,128,86,107,128,83,104,125,81,99,121,78,96,118,73,91,113,68,86,106,66,87,106,68,89,106,72,93,110,78,99,116,84,105,124,85,106,125,82,103,122,77,98,117,84,105,124,86,107,126,88,109,130,85,106,127,82,103,124,80,101,122,77,98,119,75,96,117,77,95,117,76,94,116,75,93,113,76,94,114,77,95,115,77,95,115,76,94,114,75,93,113,75,96,113,79,100,117,84,105,122,87,108,125,87,108,125,87,108,125,87,108,125,88,109,126,88,109,128,86,107,126,89,108,125,90,109,126,85,104,119,76,95,110,72,91,108,71,92,111,83,106,124,87,110,128,87,106,123,84,102,116,87,100,109,90,97,105,100,104,107,121,119,120,170,162,160,189,180,175,197,186,182,191,182,177,189,181,178,186,181,177,185,180,177,188,184,181,181,180,178,185,184,182,190,190,188,194,194,194,195,197,196,195,197,196,195,199,200,199,199,199,200,194,196,200,189,193,194,183,189,187,178,183,182,175,183,179,173,185,176,169,187,169,165,188,165,162,191,156,157,188,149,151,189,143,147,185,136,144,181,141,151,187,152,165,200,158,171,203,164,174,201,171,179,200,178,184,198,187,190,197,194,194,194,198,195,190,193,189,180,188,182,170,189,181,170,187,180,170,184,179,173,179,178,174,175,177,174,171,177,177,170,178,180,169,179,180,175,189,189,180,196,196,184,202,204,185,204,208,187,206,212,189,208,214,190,205,208,190,201,203,183,188,191,174,177,182,159,161,173,142,147,166,124,133,164,105,118,160,92,108,160,82,104,162,73,103,165,67,102,166,65,100,164,62,100,165,62,100,165,62,101,166,62,102,164,62,100,162,66,103,158,70,106,156,78,111,156,86,114,153,91,115,149,96,117,144,99,119,143,103,120,138,109,121,137,114,124,134,116,129,137,118,132,133,119,131,131,117,128,124,118,127,124,118,127,126,117,125,127,118,128,129,119,131,131,124,130,130,138,129,130,153,131,133,169,130,133
207,172,153,208,173,154,210,175,156,210,175,156,210,175,155,210,175,155,210,175,155,210,175,155,212,177,155,214,179,157,216,180,156,216,180,156,217,179,156,216,178,155,219,178,156,220,179,157,222,184,161,222,186,162,222,186,162,222,186,162,221,185,163,218,182,160,214,179,157,213,178,156,205,173,152,199,168,148,195,164,146,192,165,146,192,165,148,191,165,148,188,165,149,189,166,150,196,173,157,201,178,160,208,181,162,209,182,163,211,183,162,214,183,162,215,184,163,213,185,164,214,187,168,211,188,172,212,194,180,212,199,190,179,170,165,114,110,107,84,82,83,97,102,108,104,116,130,103,120,138,91,109,129,83,104,123,91,113,134,91,116,136,87,112,132,92,114,135,93,116,134,94,115,132,95,117,131,80,102,116,65,86,103,80,103,119,94,117,135,82,108,125,86,112,129,88,114,131,90,116,133,92,118,135,96,119,137,95,118,136,91,114,132,86,109,127,84,105,124,84,105,124,83,104,125,81,102,123,82,100,122,82,100,122,81,99,121,79,97,119,78,99,118,85,106,123,93,114,131,98,119,136,98,119,138,92,113,132,80,101,120,69,90,109,77,98,117,81,102,121,84,105,126,84,105,126,81,102,123,78,99,120,74,95,116,71,92,113,74,92,114,72,90,112,71,89,109,72,90,110,74,92,112,75,93,113,73,91,111,71,89,109,68,89,106,72,93,110,79,100,117,84,105,122,86,107,124,86,107,124,84,105,122,82,103,120,84,105,124,90,108,128,89,106,124,85,101,117,83,99,115,83,99,115,77,94,112,67,85,105,69,90,111,84,106,127,88,109,128,79,98,115,77,93,106,85,98,107,93,100,108,95,98,103,121,121,121,161,160,158,186,185,183,179,179,179,172,174,173,178,179,181,178,182,183,172,177,180,168,176,178,172,182,184,179,188,193,181,192,196,181,192,198,179,192,198,180,193,199,184,195,201,190,193,202,190,188,201,183,181,194,172,171,187,165,166,186,163,165,190,159,162,195,156,159,200,151,158,204,144,151,203,138,149,203,132,147,202,130,147,203,135,155,208,145,166,219,149,171,220,155,174,216,161,177,210,168,182,208,178,189,207,188,197,206,191,199,201,189,194,188,184,187,178,185,186,178,185,188,179,183,188,182,178,187,184,174,186,186,170,185,188,167,186,190,167,188,191,174,198,200,178,203,207,180,207,214,178,207,215,176,206,216,178,206,217,180,204,214,180,200,207,177,192,199,166,179,188,152,161,176,133,144,166,111,125,160,92,109,155,79,100,157,73,99,160,67,98,162,64,99,163,63,98,164,60,98,163,62,97,163,63,98,162,62,98,160,62,98,156,66,99,152,71,103,150,80,109,151,88,114,149,92,115,146,97,117,142,101,119,141,105,121,137,117,126,141,118,127,136,117,128,132,116,128,128,114,125,121,112,121,116,114,120,116,113,122,119,111,123,121,110,126,125,109,128,126,111,127,126,121,125,124,135,126,127,150,124,127
211,176,157,212,177,158,211,178,159,212,179,160,212,180,159,212,180,159,214,179,159,215,180,160,214,179,157,215,180,158,216,180,158,216,178,157,217,176,154,218,177,155,221,179,157,222,181,159,221,183,162,221,185,163,221,185,163,221,185,163,220,184,162,218,182,160,215,180,160,214,179,159,204,171,152,198,167,147,192,161,143,188,161,142,189,162,145,188,162,147,187,164,150,188,165,149,193,170,154,199,176,158,208,181,162,210,183,164,213,185,164,215,187,166,216,188,167,216,189,168,213,187,170,212,193,178,213,199,188,180,171,164,118,113,110,88,88,88,96,100,103,100,109,118,98,114,130,91,112,133,86,108,131,86,108,131,88,113,135,88,113,135,88,110,133,88,110,131,92,113,132,93,112,129,83,102,117,72,91,105,76,95,110,87,109,123,90,111,128,83,106,122,88,114,129,90,116,131,92,118,133,92,118,133,92,115,133,91,114,132,86,109,127,82,105,123,86,107,128,86,107,128,86,104,126,84,102,124,85,103,125,88,106,128,89,107,131,89,107,129,90,111,130,94,115,132,95,116,133,91,112,129,86,107,126,82,103,122,75,96,115,68,89,108,71,92,111,76,97,116,81,102,123,81,102,123,79,100,121,76,97,118,72,93,114,69,90,111,71,89,111,71,87,110,70,86,109,70,86,109,71,87,110,72,88,111,70,88,108,68,86,106,67,86,103,70,89,106,72,93,110,77,98,115,81,103,117,82,104,118,81,103,117,79,100,117,83,101,121,88,105,125,88,103,122,84,97,114,83,94,112,86,97,115,81,94,113,71,88,108,63,81,103,71,91,115,80,102,123,80,101,120,79,96,112,84,98,111,88,98,107,84,93,98,95,100,104,126,131,134,157,165,167,169,177,180,168,178,180,171,180,185,171,182,186,164,177,183,163,178,185,166,183,190,172,189,197,173,192,199,170,190,199,167,190,198,168,190,201,172,190,202,178,187,204,178,185,203,171,177,199,161,167,193,152,158,190,149,157,196,147,155,202,142,153,207,136,150,211,129,144,211,124,143,212,121,144,214,121,145,217,127,156,226,137,167,237,141,171,235,147,174,227,154,178,222,162,184,221,172,192,219,182,199,215,187,202,209,187,199,199,182,194,190,184,195,187,183,196,189,181,196,191,176,195,193,171,192,193,166,191,195,164,193,197,163,194,199,171,202,207,174,207,214,176,210,220,171,207,219,167,204,220,166,204,217,168,202,214,169,197,209,166,188,199,154,173,187,136,153,171,117,133,159,97,115,155,79,99,149,70,94,154,67,97,161,62,96,160,60,95,161,60,95,161,61,96,162,62,96,160,62,96,159,64,96,155,64,97,151,68,98,148,75,104,148,84,109,149,90,113,145,94,114,141,98,116,140,103,120,140,110,123,139,120,130,140,118,127,134,114,125,127,112,124,122,109,120,114,107,117,109,108,115,108,107,116,111,107,119,117,105,124,122,102,127,123,104,126,123,109,124,121,119,121,120,132,116,119
213,176,160,212,176,160,213,177,161,211,178,159,211,178,159,211,179,158,212,180,159,212,180,159,210,175,153,210,175,153,211,175,153,209,173,151,209,171,148,210,172,149,216,175,153,217,179,156,217,181,159,217,182,160,217,182,160,218,183,161,217,182,160,216,181,159,214,179,159,211,179,158,204,171,152,197,166,146,189,160,142,187,160,141,188,160,146,189,163,148,189,166,152,190,167,151,194,171,155,202,176,159,209,182,163,211,184,163,213,185,164,214,186,165,215,187,166,214,189,169,216,195,178,213,197,184,179,170,161,119,116,111,83,84,86,93,101,104,104,113,120,88,102,113,92,110,130,84,106,129,86,111,133,89,114,136,84,108,132,89,111,134,93,115,138,87,108,129,92,113,132,86,105,122,67,86,103,69,88,103,89,110,127,89,110,127,80,103,121,89,112,130,87,113,130,90,116,133,91,117,134,89,112,130,87,110,128,87,110,128,87,110,128,85,108,126,86,107,126,86,107,126,84,105,124,85,103,123,87,105,125,91,109,129,95,111,134,94,112,132,94,117,133,90,116,131,82,105,123,69,92,110,63,86,104,68,91,109,73,96,112,76,97,114,73,91,111,80,97,117,85,102,120,85,104,121,83,102,117,79,101,114,77,96,111,73,92,107,69,86,102,70,85,104,71,86,109,70,85,108,69,86,104,69,86,104,68,87,104,68,87,104,68,86,106,67,85,105,66,88,102,69,91,105,74,96,110,80,99,113,81,100,114,81,100,115,82,99,119,83,98,119,84,99,118,86,99,116,85,96,114,80,91,109,78,91,108,77,94,112,67,85,105,57,78,99,65,86,107,80,101,120,81,100,117,76,92,107,79,93,104,85,95,104,86,97,103,91,102,106,120,133,139,155,170,177,163,180,187,157,176,183,154,174,181,152,175,181,153,178,185,156,183,190,162,189,198,162,190,201,158,188,199,156,185,199,157,186,202,159,186,205,165,185,209,170,186,212,165,180,211,153,169,205,143,160,204,138,158,209,136,156,215,130,153,220,123,149,223,114,141,218,107,138,220,103,138,220,104,141,222,113,151,232,124,162,243,129,167,242,141,175,238,150,180,234,158,186,233,167,193,230,174,198,226,180,201,220,180,200,211,177,198,203,176,197,198,177,199,197,174,200,199,169,197,198,163,194,197,157,192,196,155,192,198,155,192,200,161,200,207,166,204,213,169,209,221,164,206,220,161,203,219,161,203,219,163,200,218,164,197,214,163,192,208,147,173,190,124,149,171,104,127,158,86,109,151,70,95,149,62,92,152,61,95,159,57,95,158,57,95,158,58,96,161,58,96,159,61,96,160,61,97,159,62,97,155,64,97,151,70,100,150,77,106,148,86,112,149,90,113,144,94,114,139,99,117,139,105,122,140,113,127,140,120,130,139,117,126,131,112,124,124,110,122,120,107,118,112,104,115,107,104,113,108,105,114,111,105,117,115,104,123,121,103,125,123,102,124,122,105,121,120,108,117,116,116,111,115
211,171,161,212,174,163,213,175,162,212,176,162,208,175,158,207,174,155,206,174,153,205,174,153,203,171,148,202,170,147,201,169,146,202,170,147,203,171,148,205,173,150,209,174,152,209,174,152,210,178,153,213,181,156,216,184,159,217,185,160,216,184,159,213,181,156,211,179,156,210,178,155,203,171,150,198,167,147,192,163,145,188,161,142,187,159,145,188,162,147,191,168,154,196,173,157,202,177,157,213,188,166,211,184,163,211,183,161,216,185,164,213,185,164,218,191,172,220,197,181,213,197,182,192,183,174,126,125,120,79,83,84,91,102,108,99,116,126,87,105,119,84,105,122,85,110,130,82,107,129,81,106,128,83,108,128,87,109,132,89,110,131,90,111,132,91,112,133,87,108,129,70,91,112,63,84,105,76,98,119,85,110,130,85,110,130,83,110,131,88,115,136,90,115,135,88,113,133,88,110,131,87,108,127,86,107,126,84,105,124,83,104,121,82,103,120,80,103,119,81,104,120,81,104,120,80,101,118,85,104,121,89,106,124,89,104,123,82,101,116,77,107,117,65,97,108,61,88,107,69,94,114,70,97,116,82,110,124,98,124,137,87,109,123,79,92,111,77,85,106,80,92,106,88,102,111,83,103,104,74,96,94,73,92,96,75,92,99,77,92,97,74,86,98,70,82,104,69,81,105,66,82,95,68,87,94,68,88,99,63,82,99,66,84,108,66,84,106,67,86,100,69,89,100,73,93,104,77,95,107,81,99,111,83,101,115,81,96,117,80,95,118,81,96,117,83,98,117,81,96,115,77,93,109,73,90,106,73,92,107,72,91,108,62,81,98,57,76,93,71,90,107,87,104,120,81,98,114,73,89,104,79,93,106,81,91,101,84,97,105,93,107,116,119,137,147,148,172,182,146,173,182,133,163,171,136,169,176,134,169,175,139,176,182,152,189,197,155,193,202,148,186,199,144,183,200,148,186,209,152,188,214,166,195,229,166,191,231,156,183,226,143,171,221,133,163,223,128,161,228,122,158,232,116,155,234,110,152,234,99,144,229,88,134,220,83,130,218,85,135,222,96,146,235,110,160,249,124,171,253,129,168,237,135,167,228,143,174,229,157,187,237,167,196,238,166,195,229,164,191,218,161,192,210,162,194,207,160,194,204,156,193,201,153,192,199,150,191,197,145,188,195,143,186,193,141,184,193,148,192,203,150,196,209,160,203,219,163,206,222,163,204,222,164,205,223,166,203,222,160,195,215,149,184,206,130,162,187,108,139,168,88,120,158,70,103,148,59,92,145,57,91,152,56,94,156,56,98,158,56,101,160,58,102,163,59,103,164,60,101,163,59,99,161,59,98,157,60,97,152,70,104,152,75,107,148,83,112,146,91,116,146,98,120,143,104,122,142,109,126,142,112,128,141,116,129,135,115,126,128,108,122,123,105,119,119,104,119,116,103,118,115,104,116,114,102,114,112,106,118,118,108,120,120,108,122,123,107,121,122,104,118,119,104,115,117,104,114,116
211,173,164,212,174,163,212,176,164,212,176,162,208,175,158,206,175,155,206,175,155,205,177,155,201,173,149,202,172,148,202,172,148,202,172,148,203,173,149,204,174,150,205,173,150,205,173,150,206,176,152,208,178,152,210,180,154,211,181,155,211,179,154,209,177,152,208,176,153,207,176,155,201,170,149,196,168,147,193,164,146,191,164,147,189,163,148,187,164,150,190,167,153,193,170,154,200,178,157,210,185,163,212,185,164,214,187,166,212,184,163,212,185,166,221,195,180,217,198,184,203,190,181,138,133,127,96,98,97,94,103,108,92,109,117,87,106,120,84,107,123,83,108,128,80,105,125,79,106,127,81,106,126,86,108,129,89,110,131,90,111,132,88,106,128,85,103,125,76,97,118,68,89,110,67,89,112,80,102,125,86,111,133,83,110,131,82,108,131,86,112,135,86,111,133,87,109,132,85,106,127,83,104,125,84,102,122,83,101,121,80,101,118,79,100,117,76,99,113,77,100,114,78,101,115,80,102,116,83,102,117,83,100,116,81,97,113,75,94,109,63,93,103,64,96,109,72,94,118,86,106,133,91,112,133,87,108,125,95,113,123,98,111,120,96,95,109,97,93,107,95,93,98,87,89,86,74,86,76,76,89,80,80,92,92,79,88,93,75,85,87,75,85,94,72,80,103,68,80,104,69,86,94,65,84,88,62,81,88,65,83,97,64,80,103,64,80,103,64,82,96,66,84,94,69,85,98,73,89,102,77,93,106,80,96,111,81,96,115,80,95,116,79,96,116,80,97,115,79,96,114,75,92,108,71,90,105,72,91,106,75,94,109,69,88,103,63,80,96,64,81,97,74,91,107,79,96,112,76,92,108,75,88,104,73,85,97,79,93,104,81,97,110,91,113,126,119,145,158,136,168,179,132,169,178,125,164,171,128,169,175,129,172,178,138,183,188,147,191,200,147,193,208,149,194,215,150,194,221,150,190,225,155,192,234,154,188,236,143,178,232,131,169,231,124,164,234,119,162,240,111,158,240,101,151,238,87,141,231,82,137,228,76,133,223,74,131,221,76,132,225,84,140,233,97,153,248,112,163,252,128,172,247,134,173,240,143,178,242,150,186,244,154,187,240,150,184,229,146,182,218,146,183,210,146,187,209,145,188,205,142,188,201,139,187,197,137,185,195,135,183,193,134,182,192,134,182,192,136,186,197,142,191,205,153,200,216,159,205,221,161,204,221,161,202,220,158,196,215,148,186,207,123,161,184,107,144,171,92,128,160,77,115,152,62,99,144,55,91,143,55,91,149,57,96,155,54,99,158,53,102,160,58,104,164,58,104,166,58,102,165,59,100,162,58,98,157,59,99,151,68,102,148,74,106,145,82,111,143,90,116,141,97,119,140,104,123,138,108,126,140,112,129,139,114,127,133,111,125,126,107,123,123,104,120,120,103,119,118,102,118,117,100,116,115,100,114,114,105,117,117,107,119,119,109,119,121,107,118,120,105,116,120,99,113,116,94,112,114
207,175,162,208,176,163,208,176,163,208,176,161,205,176,158,204,177,156,204,177,156,205,179,156,203,177,152,203,175,151,203,175,151,204,176,152,206,176,152,206,176,152,206,174,153,205,173,150,208,178,154,209,179,155,210,180,156,210,180,156,209,179,155,208,178,154,207,176,155,207,176,155,199,171,150,194,167,148,191,164,147,190,164,149,188,165,149,188,166,152,189,167,154,192,170,156,198,177,158,201,180,159,206,184,163,210,184,167,206,180,163,211,188,172,219,197,184,203,186,176,158,149,142,96,95,91,78,83,86,97,108,114,90,107,117,84,103,118,86,109,127,78,103,123,77,102,122,79,104,124,83,105,126,84,106,127,87,108,127,87,108,127,83,101,121,75,93,113,67,85,105,67,88,107,74,96,117,84,106,127,86,111,133,83,110,131,81,107,130,83,109,132,83,108,130,84,106,129,82,103,124,80,101,122,82,100,120,81,99,119,79,100,117,78,99,116,73,96,112,73,96,112,74,97,113,77,98,115,78,97,114,76,93,111,75,90,109,74,91,107,71,94,108,83,106,124,89,102,136,101,109,145,113,120,149,102,107,126,89,89,97,85,79,79,86,66,67,74,48,47,60,38,27,53,37,21,47,42,23,55,53,41,69,64,71,75,71,85,75,78,85,78,85,95,70,78,101,63,73,98,67,81,90,65,83,85,62,80,82,64,81,89,64,77,94,64,77,94,65,77,91,65,77,91,64,77,93,67,80,97,71,87,102,75,91,106,78,93,112,77,92,111,78,93,112,79,94,113,77,94,112,74,91,107,72,89,105,73,91,105,75,93,107,74,92,106,68,86,100,59,77,91,62,78,94,76,92,108,79,95,111,70,86,101,70,84,97,76,93,103,76,94,106,73,95,108,93,119,132,126,158,169,137,174,183,122,163,169,120,165,170,120,168,172,128,177,184,137,187,198,143,190,208,148,194,218,149,194,225,145,189,226,138,178,227,132,173,227,123,165,225,113,158,225,109,157,233,105,156,239,94,148,236,84,139,230,70,129,223,69,129,225,69,129,225,66,129,224,64,127,222,67,130,225,76,139,236,90,147,237,112,161,240,120,167,237,130,173,241,132,176,237,132,173,229,129,171,219,128,172,211,130,175,208,132,179,205,132,183,202,132,185,199,130,184,196,127,181,191,127,181,191,128,182,192,132,184,195,132,184,197,140,189,203,150,199,213,156,204,218,155,203,217,151,197,212,142,185,201,126,169,186,103,144,164,90,130,155,80,119,148,71,109,145,57,94,136,49,87,134,52,89,142,54,93,152,56,98,158,56,102,164,59,103,166,60,104,167,61,102,166,61,101,163,60,99,158,62,99,151,69,102,147,75,105,143,82,109,138,89,114,136,96,117,134,103,122,136,107,125,137,111,128,136,111,126,129,109,125,125,107,123,123,104,122,122,103,122,120,102,121,119,99,118,116,99,115,114,101,115,115,102,116,116,105,116,118,103,117,118,101,115,118,96,111,114,90,109,113
204,176,162,204,176,162,204,177,160,203,177,160,202,176,159,200,178,157,201,179,156,201,179,155,204,180,156,203,179,155,203,177,154,203,177,154,205,177,155,207,176,155,208,175,156,208,176,155,209,178,157,210,180,156,210,179,158,210,179,158,209,178,157,205,177,155,204,176,155,203,175,154,198,171,152,193,167,150,187,164,148,186,164,150,185,166,152,185,167,153,188,170,158,191,173,161,199,182,166,202,185,167,205,186,169,205,186,171,206,187,173,219,201,191,216,199,191,173,162,156,101,97,94,88,89,91,83,90,96,87,100,109,87,105,117,82,104,118,78,101,119,76,98,119,77,102,122,80,105,125,82,104,125,80,102,123,82,103,122,83,104,123,78,96,116,68,86,106,63,81,101,71,89,109,80,101,122,85,107,128,84,109,131,82,107,129,80,106,129,79,106,127,82,104,127,80,102,123,78,99,120,76,97,118,78,96,116,78,96,116,76,97,114,76,97,114,75,96,113,71,94,110,70,93,109,72,93,110,73,92,109,74,89,108,78,91,110,80,95,114,80,102,116,93,112,129,100,106,138,99,98,130,89,86,105,67,61,63,54,42,28,59,39,14,87,53,28,104,65,34,122,89,48,129,102,57,112,95,49,92,79,45,81,64,54,71,57,57,73,69,70,76,76,84,76,78,101,68,76,97,61,75,84,60,78,80,62,80,80,64,79,84,63,75,87,66,75,92,67,74,90,65,72,88,63,71,90,62,73,93,66,79,96,68,84,100,72,88,104,73,89,105,75,90,109,76,92,108,74,91,107,73,91,105,73,91,105,74,92,106,70,88,102,71,89,103,71,89,103,63,81,95,59,75,91,70,86,102,78,94,110,72,88,103,68,84,97,71,89,101,74,93,107,70,92,106,77,103,118,109,138,152,132,168,180,131,174,181,122,171,176,123,176,182,130,185,192,133,186,200,131,182,203,131,180,210,133,179,213,129,173,218,115,162,216,108,156,218,98,149,215,92,144,219,89,144,226,86,143,232,78,137,231,67,130,227,62,126,224,62,128,225,62,128,225,61,127,224,56,122,219,54,120,217,57,122,222,64,127,222,80,136,221,92,145,221,101,153,228,105,155,224,106,156,217,110,160,213,115,166,213,118,170,209,122,177,208,124,182,206,126,185,203,123,185,198,123,183,194,123,183,193,128,186,197,133,191,202,142,196,208,147,199,212,153,205,218,155,207,220,153,202,216,146,195,209,131,179,193,112,160,174,96,142,158,82,127,146,73,115,140,65,106,136,53,92,131,47,85,130,50,87,139,52,91,148,55,96,158,58,99,165,61,102,168,62,103,169,62,101,166,62,100,162,64,101,156,65,101,151,71,103,144,75,105,139,82,108,133,87,113,130,97,116,131,102,120,130,106,123,131,108,126,130,110,125,128,107,125,125,107,125,125,105,125,124,105,125,123,103,123,121,101,120,118,99,118,116,98,114,113,99,113,113,100,114,115,99,115,115,98,113,116,94,112,114,90,111,114
200,179,162,200,179,162,199,178,161,197,179,159,196,178,158,195,179,156,195,179,156,195,179,154,196,178,154,197,177,153,197,175,152,197,175,152,201,176,156,204,177,158,206,177,159,209,178,160,207,176,156,208,177,156,207,179,158,208,180,159,207,179,158,205,178,157,202,175,156,200,174,157,196,173,157,192,170,156,188,169,155,187,169,157,187,170,160,185,171,160,187,173,164,189,176,167,193,181,167,202,188,175,203,189,176,203,189,178,209,194,187,218,205,199,190,180,178,125,121,120,79,80,82,87,94,100,86,99,107,83,99,112,84,103,118,77,98,115,71,94,112,77,99,120,76,98,119,80,102,123,81,102,121,79,100,119,82,100,120,82,100,120,74,92,112,64,82,102,67,85,105,75,93,113,81,102,123,82,104,125,80,105,125,80,105,125,78,105,126,75,102,123,76,98,121,74,96,117,73,94,115,73,91,111,73,91,111,73,91,111,74,93,110,72,93,110,73,94,111,70,91,108,69,90,107,70,91,108,73,91,111,75,90,111,80,92,114,84,99,118,79,101,112,79,97,109,80,85,105,64,60,74,43,34,27,50,37,5,94,73,18,142,113,47,195,154,88,215,171,100,229,191,110,233,201,114,230,209,118,217,200,120,177,156,99,126,106,71,87,74,58,71,62,63,74,71,88,79,82,101,63,76,85,56,71,74,59,77,77,60,75,78,63,73,83,65,73,86,67,73,89,65,70,89,61,67,89,60,68,91,59,72,91,60,76,92,68,81,98,71,84,100,72,88,104,73,89,104,73,89,104,73,89,102,72,90,102,72,90,102,69,87,99,67,85,97,71,87,102,70,86,101,60,76,92,61,77,93,74,87,104,77,93,108,69,87,99,64,84,95,67,86,100,69,91,105,68,91,107,82,111,127,119,155,169,150,194,203,144,194,201,140,197,204,140,200,210,136,195,211,127,183,208,122,172,205,116,163,205,107,154,206,97,151,215,89,146,217,82,139,216,75,136,217,73,134,223,70,135,229,65,130,230,57,126,227,54,126,228,54,126,228,53,125,227,51,123,225,47,119,219,43,115,215,44,113,214,47,115,212,52,116,206,62,123,206,71,129,211,77,134,211,84,141,210,92,151,211,103,160,215,107,165,211,111,173,210,115,180,208,118,184,206,118,185,202,117,183,197,119,185,197,128,192,202,135,197,208,148,206,218,153,206,220,155,208,222,154,207,221,151,205,217,146,200,212,132,184,195,113,165,178,95,144,158,78,127,142,64,110,133,58,102,129,50,93,127,47,89,129,52,90,137,52,92,144,53,93,155,56,95,162,60,99,166,62,100,165,61,99,162,62,98,158,64,99,153,67,101,147,74,104,142,76,105,135,82,107,129,87,110,124,95,113,125,100,117,124,105,120,125,107,122,125,106,124,124,106,126,125,106,126,125,106,128,126,105,127,125,103,125,123,101,121,119,100,119,117,100,116,116,99,115,115,98,114,114,97,113,113,95,113,115,93,113,114,91,112,115
197,180,164,195,179,163,195,179,163,192,179,162,192,179,160,191,180,160,190,179,159,189,178,158,188,175,156,188,175,156,192,175,157,194,177,159,200,179,162,202,180,166,204,181,167,206,180,165,208,181,164,210,181,163,210,183,164,211,184,165,211,185,168,208,185,167,205,182,166,203,181,167,195,176,162,193,177,164,191,177,166,191,178,169,188,178,169,186,177,168,187,178,171,188,181,173,192,185,175,204,195,186,205,196,187,208,199,192,212,202,200,195,189,189,146,144,147,86,87,92,83,90,98,88,98,108,87,103,116,81,98,114,73,94,111,76,97,116,77,99,120,72,94,115,71,93,114,75,97,118,79,100,119,80,101,120,82,100,120,79,97,117,71,89,109,62,80,100,72,90,110,78,96,116,80,101,122,79,100,121,77,99,120,76,101,121,76,101,123,74,99,119,73,95,116,72,93,112,72,90,110,71,89,109,71,89,109,71,89,109,71,90,107,71,90,107,68,89,106,67,88,105,68,89,106,72,91,108,74,91,111,74,89,110,77,89,111,78,91,110,67,85,99,62,75,84,57,53,67,46,31,28,69,49,16,138,112,51,206,174,87,246,207,112,255,207,120,255,214,125,255,224,129,255,224,120,250,224,111,248,224,116,240,210,120,219,190,124,147,123,85,92,75,59,66,55,59,73,71,82,70,77,87,60,75,80,58,76,78,56,74,78,58,71,79,62,70,83,66,69,86,65,68,87,60,64,89,57,65,88,54,67,86,53,69,85,64,77,93,68,81,97,71,84,100,70,86,99,69,85,98,69,85,98,68,86,98,68,86,98,70,88,100,65,83,95,68,84,99,69,85,100,61,77,93,55,71,87,66,79,96,75,91,106,74,92,106,65,84,98,63,82,97,69,88,105,66,87,106,65,92,109,103,139,153,160,204,215,160,213,221,151,209,220,144,206,219,139,202,220,135,192,221,130,182,221,118,164,213,98,147,205,85,142,213,76,139,218,69,134,218,64,130,217,61,127,223,58,128,226,54,125,229,51,124,229,48,122,227,46,120,225,44,119,221,43,118,220,42,115,217,39,112,214,37,109,211,39,109,207,40,109,204,45,110,200,50,114,201,59,121,204,69,131,206,79,142,211,90,152,213,94,160,212,99,168,210,103,173,207,108,180,205,109,180,200,109,181,196,115,185,197,125,193,204,136,200,210,144,204,215,146,204,216,147,205,219,146,204,216,144,202,214,145,203,214,136,193,204,120,177,186,99,153,165,80,132,146,64,112,132,57,103,127,51,96,127,48,90,128,48,90,132,47,87,138,50,88,150,53,90,158,56,94,159,57,95,158,58,94,156,59,94,150,63,96,147,66,99,142,73,103,137,76,103,130,79,105,122,85,107,120,93,112,119,100,115,120,104,118,121,105,120,123,105,123,123,105,125,124,106,126,125,106,128,126,105,127,125,103,125,123,101,121,119,99,119,117,102,118,118,101,117,117,100,116,116,96,114,114,94,112,114,91,112,113,88,112,114
192,180,166,192,180,166,189,180,165,189,182,166,189,182,166,188,182,166,187,181,165,185,179,163,186,180,164,189,183,167,195,186,171,200,191,176,207,193,180,207,193,182,208,191,181,207,189,177,211,188,174,213,187,172,211,188,174,211,188,174,211,189,175,208,189,174,205,187,173,202,186,173,193,181,169,191,181,171,191,182,173,188,184,175,185,182,175,183,182,177,186,185,181,191,190,185,203,202,197,215,212,207,214,210,207,219,218,216,211,209,212,161,160,165,106,109,116,76,83,93,83,95,107,84,100,115,84,101,117,74,95,112,69,90,109,75,97,118,78,99,120,69,90,111,71,92,113,74,95,114,77,98,117,78,99,118,79,98,115,73,92,109,68,85,103,63,80,98,73,92,109,78,97,114,79,100,119,77,98,117,74,96,117,74,96,117,75,97,118,75,97,118,72,94,115,72,93,112,72,90,110,71,90,107,72,89,107,71,88,106,71,88,106,70,89,106,64,85,102,65,86,103,67,86,103,67,86,103,69,86,106,69,84,105,67,79,103,65,76,98,51,62,82,55,57,70,59,42,48,74,45,27,147,111,51,227,186,96,248,204,95,247,196,87,254,197,108,229,172,91,217,166,83,231,188,94,246,213,100,253,221,102,255,213,103,247,204,112,219,181,116,154,125,85,93,72,55,70,60,59,72,72,80,68,78,88,57,74,82,53,72,79,56,70,81,59,69,81,61,67,83,61,66,86,58,64,86,56,64,87,53,66,85,51,67,83,58,71,87,63,77,90,68,82,95,68,82,93,65,82,92,65,82,92,65,82,92,64,81,91,68,85,95,68,85,95,65,81,94,63,79,92,63,76,92,58,71,87,61,72,90,67,80,96,71,89,103,72,91,105,66,83,99,68,85,103,71,89,109,61,84,102,83,114,132,137,179,193,159,211,222,148,206,218,139,202,219,136,201,223,138,197,231,136,189,233,122,169,223,97,146,212,73,132,210,63,129,213,58,125,214,53,123,218,51,123,221,50,123,226,48,122,227,45,122,228,42,119,225,39,116,220,37,115,216,38,113,215,37,110,212,34,108,207,32,104,204,31,103,201,35,105,201,34,103,198,38,105,196,47,113,200,57,122,204,66,132,206,76,144,209,84,153,210,88,160,208,93,167,206,98,171,203,101,176,199,105,178,195,112,184,198,124,194,204,134,201,210,139,201,214,142,201,215,142,201,217,140,199,213,138,200,213,142,204,215,136,199,208,124,184,194,105,163,174,86,142,155,72,125,141,65,115,138,59,106,136,53,97,132,48,90,130,44,84,133,47,86,145,51,86,150,54,90,152,54,90,150,53,88,146,53,89,141,58,92,138,63,95,134,69,98,128,72,99,120,77,100,116,83,103,112,91,108,115,99,114,117,103,117,120,105,119,120,107,123,123,105,125,124,107,127,126,107,127,126,105,127,125,103,125,123,101,121,120,100,120,119,102,118,118,102,118,118,101,116,119,96,114,116,93,111,115,89,110,113,86,110,114
189,180,171,187,180,170,185,181,170,185,183,171,184,184,172,184,184,172,181,183,170,180,182,169,186,189,178,191,193,182,200,200,190,207,207,197,213,210,201,213,209,200,211,204,198,210,199,193,206,189,179,206,188,176,204,186,174,203,186,176,200,186,175,199,187,175,195,185,175,192,183,174,189,185,176,187,184,177,183,184,178,180,182,177,177,182,178,179,185,183,187,193,191,195,201,199,208,212,211,213,217,216,211,212,214,218,222,225,199,202,209,124,128,137,71,79,90,73,85,99,78,94,110,79,96,114,73,94,113,72,94,115,75,97,118,69,91,112,66,86,110,74,95,116,75,96,115,75,96,115,75,96,115,77,96,113,74,93,110,68,87,104,65,82,100,64,81,99,72,91,108,77,96,113,80,98,118,76,97,116,73,94,115,72,94,115,73,95,116,75,98,116,70,91,110,69,90,109,70,89,106,69,88,105,70,87,105,69,86,104,69,86,104,68,85,103,65,84,101,64,85,102,65,84,101,63,80,98,63,78,99,64,76,98,60,70,95,56,64,87,52,60,81,53,51,62,64,41,35,103,67,31,187,142,61,234,186,76,230,180,59,235,183,71,205,149,72,158,104,44,122,77,20,138,101,31,183,153,57,227,193,85,250,204,93,248,196,94,250,202,117,220,176,111,147,115,77,87,68,53,73,67,71,66,72,84,54,67,83,53,71,85,54,70,83,56,70,83,58,67,84,59,66,84,57,65,86,55,66,86,54,67,84,51,67,82,54,66,80,60,72,86,65,79,90,66,80,91,65,79,90,64,81,91,64,81,91,63,80,90,62,79,89,68,85,95,64,80,93,58,74,87,63,76,92,62,75,91,58,69,87,56,69,85,63,79,94,76,94,108,68,84,100,65,80,99,75,90,111,60,78,98,61,90,108,102,139,155,156,204,218,144,200,215,137,198,217,134,195,223,133,191,229,131,184,234,118,164,224,93,143,214,63,126,206,53,123,211,49,118,211,47,120,215,48,121,223,48,122,227,45,122,228,43,122,227,39,118,223,38,115,219,36,114,215,36,112,210,33,107,206,29,101,199,28,98,194,28,98,194,31,99,198,27,95,192,31,97,193,41,106,198,51,117,203,58,125,204,69,137,208,80,150,212,84,155,207,88,163,205,94,168,203,98,172,199,104,177,196,112,184,198,125,195,205,136,202,214,142,204,219,143,205,220,143,204,222,139,202,217,138,201,216,142,206,218,137,201,211,123,187,196,106,169,178,91,151,162,80,136,153,76,128,150,68,117,147,60,106,140,53,97,136,48,89,135,44,83,138,47,86,143,51,87,145,50,87,142,48,85,137,49,85,133,54,89,131,59,92,127,65,95,121,69,96,115,73,96,110,81,101,110,89,107,111,98,113,116,105,116,118,106,120,121,108,124,124,107,125,125,109,127,127,108,128,127,107,127,126,104,126,124,103,123,122,102,120,120,100,116,116,101,117,117,101,116,119,99,114,117,93,111,115,88,109,112,85,109,113
188,185,180,188,187,182,188,189,184,186,188,183,182,187,181,180,187,180,179,188,183,180,191,185,186,198,194,194,206,202,202,213,209,203,214,210,203,212,209,204,210,208,205,209,208,206,206,204,204,197,191,198,188,179,194,184,175,192,183,176,189,182,174,188,183,177,185,185,177,181,182,176,179,184,178,178,184,180,174,183,180,169,179,178,170,182,182,177,191,192,186,200,201,191,205,206,201,211,213,204,214,216,204,211,217,216,225,232,156,164,175,70,80,92,68,80,96,76,92,108,78,95,115,71,92,113,68,90,111,69,91,114,70,92,115,69,91,114,68,88,112,70,88,110,71,89,109,75,94,111,70,89,106,69,86,104,69,86,104,59,76,92,56,73,89,71,88,104,73,90,106,74,93,108,75,94,111,72,93,110,70,91,110,68,89,108,67,88,107,68,89,108,69,87,107,69,88,105,70,87,105,69,86,104,68,84,100,66,82,98,64,81,97,64,81,97,62,81,96,61,80,95,60,77,95,58,75,93,58,73,92,58,71,90,54,65,87,49,60,80,56,68,84,57,58,60,76,55,34,152,117,63,216,172,73,230,181,60,229,183,61,205,162,60,146,103,48,90,53,26,80,53,34,71,50,21,101,82,24,163,138,58,218,177,87,249,197,98,252,195,92,255,202,111,203,159,96,113,83,49,68,53,48,65,63,76,61,69,88,60,77,97,53,70,86,55,71,86,52,65,81,50,62,78,55,67,83,56,69,85,51,67,82,48,64,77,54,66,80,56,68,80,61,73,85,63,77,88,65,79,88,65,79,88,64,78,87,64,78,87,66,80,91,65,79,90,64,78,91,65,79,92,67,79,95,65,77,93,61,73,89,58,70,86,62,75,91,72,85,101,74,85,103,70,81,101,71,82,104,67,84,104,64,87,105,64,97,114,124,167,183,162,213,230,144,200,223,141,198,228,137,191,235,123,174,229,125,173,239,85,134,211,60,122,207,49,118,209,44,113,208,42,114,212,46,119,221,48,122,227,45,122,228,42,119,225,39,117,218,37,115,215,37,111,210,35,108,203,33,103,199,29,98,193,27,93,187,25,89,186,27,93,190,28,92,190,30,94,191,37,100,195,45,109,197,54,119,201,64,130,206,71,140,207,78,149,205,88,160,208,97,169,207,101,175,204,109,180,202,116,185,201,127,195,206,140,206,218,146,207,225,146,207,225,149,210,229,146,209,226,144,207,224,146,212,226,141,207,219,128,192,202,108,172,182,102,164,175,93,152,168,84,141,161,78,129,158,70,119,152,60,108,148,55,100,142,51,93,141,53,95,145,56,96,147,55,95,144,56,94,141,56,93,137,61,96,134,64,99,131,69,101,124,70,99,115,74,98,110,81,101,108,89,106,113,96,111,114,105,116,118,110,121,123,109,123,124,109,125,125,108,126,126,108,128,127,108,128,127,107,127,126,104,122,122,102,120,120,102,118,118,103,117,118,102,116,119,98,113,116,93,111,115,89,110,115,86,110,114
184,188,189,184,190,190,182,190,192,180,190,191,175,189,189,174,190,189,174,192,192,174,194,193,185,206,207,188,209,210,190,211,212,189,209,210,187,207,208,188,206,208,192,207,210,196,208,208,197,199,198,190,189,185,184,183,179,183,184,179,181,183,180,180,186,182,179,188,185,174,186,182,172,187,184,170,186,185,165,183,183,161,181,182,164,185,188,171,195,197,179,203,207,185,206,211,191,208,215,188,203,210,201,214,223,183,195,207,109,121,135,59,72,88,66,82,98,76,93,111,76,94,114,71,92,113,68,90,113,66,91,113,68,90,113,68,88,112,70,88,112,70,88,110,71,89,109,73,92,109,71,88,106,67,84,100,63,80,96,57,74,90,59,76,92,71,88,104,72,89,105,73,90,106,72,91,108,72,91,108,70,88,108,67,88,107,65,86,105,65,86,105,66,85,102,65,84,101,65,82,100,64,81,97,63,79,95,62,78,94,61,77,93,61,78,94,61,78,94,61,80,95,61,78,94,60,75,94,61,74,93,61,72,92,62,70,91,60,68,87,62,72,82,60,59,54,90,66,32,187,146,80,255,204,97,254,203,78,244,195,76,207,164,72,119,82,40,75,46,38,75,58,64,69,58,56,67,53,24,102,81,28,181,143,72,245,192,100,255,195,82,254,190,80,225,173,87,161,122,67,90,64,47,63,52,58,62,63,81,57,68,88,47,63,78,50,66,81,53,69,84,57,71,84,55,69,80,48,62,73,45,62,72,53,67,78,50,62,74,54,66,78,58,70,82,61,73,85,62,75,84,62,76,85,63,77,86,64,78,87,64,78,89,63,77,88,64,78,91,65,79,92,67,79,95,65,77,93,62,74,90,59,71,87,57,69,85,68,80,96,75,83,102,73,81,100,70,81,101,67,82,101,65,83,103,59,86,103,93,130,148,150,195,216,153,203,228,137,190,224,140,192,239,133,183,242,112,161,230,78,129,210,54,116,203,46,112,206,42,111,206,42,112,210,45,117,219,47,120,223,45,119,224,40,117,221,39,114,215,38,114,212,37,110,205,36,105,200,34,100,194,30,95,187,28,89,180,26,87,180,26,89,186,26,89,186,29,89,187,34,95,188,42,101,193,52,114,199,66,129,208,74,141,211,79,147,208,88,160,210,97,169,209,103,174,206,111,179,202,117,184,201,125,191,203,138,202,214,150,211,229,151,212,231,150,211,230,148,211,229,149,212,229,150,216,230,140,206,220,124,190,202,107,171,181,101,165,177,94,155,173,89,147,167,84,140,167,79,132,164,74,123,163,69,118,159,68,113,155,70,114,159,72,116,161,74,117,162,74,115,159,76,115,156,78,116,153,81,117,149,79,113,138,80,109,127,80,106,119,84,107,115,91,108,115,96,111,116,102,116,119,108,119,121,110,124,125,110,124,125,111,127,127,110,128,128,111,129,129,108,128,127,105,123,123,104,120,120,102,116,117,103,117,118,102,116,119,99,114,119,94,111,118,90,111,116,88,109,114
175,188,194,175,188,194,173,188,193,169,188,192,165,189,193,165,190,194,165,194,198,166,197,200,177,208,213,178,209,214,180,211,216,180,211,216,178,207,213,178,205,212,180,207,214,188,209,214,193,204,208,183,193,194,176,186,187,174,186,186,171,185,185,169,188,186,169,189,188,165,186,187,165,189,189,159,187,188,154,184,186,152,183,186,157,188,191,164,197,202,172,205,212,178,209,214,186,211,218,184,204,213,201,219,231,144,162,174,65,81,96,57,73,89,68,85,103,75,92,110,73,91,111,69,90,109,66,88,109,66,88,109,66,87,108,66,87,108,70,88,110,73,90,110,74,91,109,75,92,108,74,91,107,67,84,100,57,74,90,56,74,88,64,82,96,71,89,103,71,88,104,71,88,104,71,88,104,69,88,103,69,88,105,68,87,104,66,84,104,64,82,102,65,82,100,65,82,98,65,81,97,63,79,95,63,76,93,60,76,91,61,77,92,60,78,92,60,78,92,62,80,94,61,79,93,60,76,92,60,73,90,62,73,91,65,73,92,67,73,89,65,68,73,69,60,45,109,76,33,209,159,86,255,204,97,255,196,75,246,190,79,201,154,72,109,71,35,78,50,47,75,61,76,74,63,77,68,55,46,75,54,23,138,98,47,215,160,80,255,187,73,250,180,58,246,187,83,204,156,80,115,81,44,69,46,38,71,61,69,66,68,81,60,68,79,57,71,82,57,71,82,52,69,79,48,65,73,44,61,68,48,62,71,53,67,78,48,60,72,53,62,77,56,66,78,57,69,81,59,71,83,60,72,84,62,76,85,63,77,86,60,74,85,62,76,87,65,77,89,66,78,90,68,77,92,66,75,90,64,73,90,63,72,89,56,65,80,63,72,87,72,81,98,73,81,100,69,80,98,70,83,100,67,84,102,58,81,97,66,95,113,120,156,178,161,202,232,153,198,237,143,191,240,131,181,242,98,148,221,69,124,206,47,108,197,43,108,202,42,108,204,43,111,210,45,117,217,46,119,222,44,117,220,40,115,217,38,112,211,37,111,208,38,108,203,36,103,194,32,96,186,29,90,179,28,85,175,27,84,174,27,83,178,27,83,178,29,85,180,33,89,182,39,96,186,50,107,196,63,124,205,74,138,210,78,146,209,87,156,211,96,164,209,101,171,205,109,176,202,113,180,197,121,185,197,130,192,205,140,201,219,148,209,228,150,211,230,148,211,229,149,212,229,146,209,224,131,194,209,118,182,194,105,169,181,101,165,177,96,159,176,93,154,175,91,148,177,89,145,178,87,140,180,85,138,178,87,136,177,88,137,178,89,136,180,90,137,181,91,135,180,90,133,175,90,132,170,92,131,164,90,125,153,89,120,141,87,115,129,88,112,122,92,111,118,95,113,117,101,115,118,105,119,122,110,124,125,111,125,126,113,129,129,112,130,130,112,130,130,110,128,128,107,123,123,104,120,120,102,116,119,102,116,119,102,115,121,100,115,120,95,112,119,90,111,116,88,108,115
165,188,196,165,188,196,163,188,195,160,189,195,156,189,196,157,192,198,156,195,202,158,197,204,165,205,213,166,206,214,168,208,216,171,209,218,172,209,218,173,207,217,176,210,220,185,213,224,186,209,215,178,197,201,171,190,196,168,189,192,163,188,192,161,189,192,160,190,192,155,186,189,154,189,191,150,188,191,145,184,189,144,183,188,148,189,195,157,198,204,165,208,215,174,212,221,178,208,218,191,215,227,185,207,220,105,124,139,48,67,82,65,82,98,69,86,104,72,89,107,67,86,103,65,86,105,64,85,104,65,86,105,64,85,106,66,84,106,71,87,110,76,93,113,77,94,112,76,93,109,78,95,111,68,85,101,53,71,85,57,75,89,69,87,101,70,88,102,71,88,104,70,87,103,69,86,102,69,86,102,68,87,104,67,86,103,65,83,103,62,81,98,63,80,96,63,80,96,64,80,96,63,79,94,64,77,93,63,76,92,61,77,92,62,78,93,61,77,92,60,78,90,59,77,91,57,73,88,58,71,87,62,71,88,63,70,89,65,69,81,68,66,71,72,56,40,111,73,26,200,147,71,246,182,76,246,181,65,243,185,78,197,148,69,108,70,31,82,55,48,71,59,73,68,61,77,75,66,67,69,52,36,92,58,23,171,120,55,245,177,70,251,180,56,253,190,74,230,177,83,159,114,57,92,58,30,71,48,40,61,51,52,54,54,56,54,61,67,57,67,76,49,64,71,46,61,66,50,65,70,53,67,76,51,63,75,51,60,75,52,61,76,54,63,78,57,67,79,59,71,83,61,73,85,62,75,84,61,75,84,59,73,84,61,75,86,64,76,88,64,76,88,65,74,89,64,73,88,64,73,90,64,73,88,58,67,82,58,67,82,67,76,93,71,83,99,69,81,97,70,83,99,71,87,103,65,84,99,57,79,100,84,112,136,149,182,213,170,209,250,137,183,235,110,160,223,82,136,210,58,117,197,42,103,192,40,105,199,42,108,205,45,113,212,48,117,220,46,119,221,43,116,219,40,113,215,36,110,209,37,110,205,38,107,200,36,101,191,32,93,182,29,86,175,27,82,172,26,81,171,26,79,171,28,81,173,31,84,176,34,89,180,38,93,184,46,102,189,58,116,198,67,131,205,74,141,209,83,152,209,92,160,207,96,166,202,104,171,198,107,174,193,114,177,192,121,183,196,126,185,203,143,202,220,151,210,228,147,208,226,145,206,224,135,197,212,119,181,194,111,175,187,106,170,182,104,168,180,101,164,181,98,160,181,97,158,186,97,158,189,98,156,194,98,156,196,101,156,195,101,154,196,100,151,196,98,149,194,98,146,192,95,142,188,93,138,180,92,134,172,95,131,163,91,125,150,91,120,138,90,116,129,92,115,123,95,114,120,101,116,121,105,119,122,109,123,124,111,127,127,113,129,129,113,131,131,113,131,131,109,127,127,105,123,123,104,120,120,100,115,118,100,115,118,101,114,120,99,114,119,93,112,118,90,111,116,86,109,115
157,190,199,155,189,198,153,190,199,151,189,198,148,191,200,147,191,200,146,193,203,146,194,204,156,204,216,156,204,216,158,204,217,160,206,219,164,206,218,168,208,220,174,212,225,180,216,228,173,203,213,163,194,199,158,188,196,156,189,194,154,189,195,153,190,196,151,192,196,145,188,194,143,188,193,139,187,191,138,185,191,136,185,192,138,186,196,146,194,204,158,206,218,170,214,225,172,206,218,193,221,233,143,169,182,62,85,99,50,69,84,68,87,102,65,82,98,69,86,102,65,82,98,64,83,100,64,83,100,64,83,100,63,81,101,64,81,101,68,85,105,74,89,110,77,92,111,75,91,107,78,94,109,69,85,100,53,69,84,60,76,91,71,89,103,66,84,98,69,87,101,68,86,100,67,84,100,67,84,100,67,84,102,66,83,101,64,81,99,61,78,96,58,75,91,59,76,92,61,77,92,61,77,92,63,76,92,62,76,89,61,75,88,59,75,88,60,76,89,59,76,86,57,73,86,55,71,84,57,71,84,61,70,85,59,66,84,60,62,75,71,66,72,66,48,34,108,70,25,197,144,68,242,180,77,250,187,74,251,194,89,212,164,80,124,87,35,77,51,28,69,57,57,68,65,74,67,65,70,60,53,45,67,47,23,141,101,50,226,165,74,254,185,68,252,188,65,245,187,77,209,154,74,124,77,23,71,35,3,73,46,29,64,50,41,57,52,49,58,59,64,56,65,72,51,65,68,51,66,71,51,65,74,48,60,74,53,62,77,52,59,75,51,60,75,55,64,79,60,70,82,61,73,85,60,72,84,57,69,81,60,72,84,61,73,85,64,74,86,64,74,86,62,72,84,62,72,84,64,71,87,66,73,89,62,69,85,55,65,77,60,72,86,70,84,97,68,84,97,67,83,96,70,86,101,69,87,101,62,79,99,66,88,112,112,138,171,149,184,226,127,170,223,88,139,202,63,123,195,43,108,188,38,102,192,40,105,199,43,109,206,45,115,213,45,117,219,44,117,220,42,115,218,39,114,215,36,110,209,37,110,205,38,107,200,35,100,190,31,92,181,28,85,175,26,81,171,27,81,171,28,79,168,30,81,170,32,83,172,33,87,177,35,89,179,41,97,184,52,110,192,61,124,201,68,135,205,76,146,206,84,154,205,92,161,202,101,167,199,106,172,196,113,176,194,121,183,198,125,184,200,142,201,217,149,208,224,148,207,223,145,204,220,135,194,208,121,181,192,114,176,187,112,174,185,110,172,185,107,170,187,107,169,190,105,169,196,107,170,201,107,171,207,109,171,210,111,170,212,108,167,211,106,162,209,105,158,208,103,155,205,100,150,201,97,143,192,97,140,183,97,135,172,95,130,160,94,125,146,94,122,136,95,119,129,96,117,122,99,117,121,103,118,121,107,123,123,109,125,125,111,129,129,111,131,130,110,130,129,106,126,125,102,122,121,100,118,118,97,115,117,97,115,117,98,113,118,94,112,116,90,111,116,86,109,115,84,109,114
145,188,197,143,187,196,140,187,195,137,185,195,136,186,195,133,185,196,132,186,196,132,186,198,143,197,209,149,203,215,156,208,221,162,211,225,165,211,226,167,211,224,167,209,223,167,207,219,151,189,200,143,181,190,140,178,187,141,181,189,139,182,189,140,185,191,139,188,195,136,186,193,131,184,190,130,185,190,130,185,192,130,184,194,131,185,195,137,191,203,148,202,214,161,210,224,177,215,228,185,217,230,101,129,143,38,64,79,55,77,91,64,83,98,62,79,95,66,84,98,64,81,97,64,81,97,64,81,97,63,82,99,62,79,97,61,78,96,64,79,100,68,83,102,71,87,103,68,84,100,70,86,101,63,79,94,52,68,83,60,76,91,69,87,101,63,81,95,66,84,98,66,84,98,65,82,98,65,82,98,64,81,99,63,80,98,61,78,96,59,76,94,56,73,89,57,74,90,60,76,91,61,77,92,62,76,89,61,75,88,60,74,87,60,74,85,57,74,84,57,74,84,55,72,82,56,70,81,59,71,83,61,71,83,59,66,82,59,61,73,66,57,60,71,50,31,136,96,45,220,168,85,252,189,83,252,189,73,253,195,85,238,185,91,169,126,58,85,53,14,63,45,31,75,66,67,67,64,71,68,64,65,66,54,42,102,72,34,201,145,70,252,185,81,249,185,61,246,184,61,231,167,67,153,94,18,119,68,15,152,112,77,148,120,99,93,76,68,58,52,54,56,59,64,56,66,68,49,62,68,47,59,71,47,59,73,53,62,79,51,58,76,49,58,75,51,60,75,56,65,80,60,70,82,57,69,81,55,67,79,59,71,83,60,72,84,62,72,84,62,72,84,61,71,83,61,71,83,63,70,86,64,71,87,63,71,84,55,65,77,56,70,83,65,81,94,68,86,98,65,83,95,66,82,95,67,83,98,69,82,101,72,88,113,77,97,130,102,134,175,113,156,209,82,136,198,52,116,187,37,106,184,35,102,191,39,105,201,42,110,209,44,113,214,42,115,218,41,116,218,39,114,216,39,114,215,36,112,210,36,110,205,37,106,199,34,99,191,31,92,183,27,86,176,27,82,173,27,81,169,28,80,164,29,79,164,29,81,167,30,81,170,29,83,171,36,92,179,48,106,190,57,120,199,61,128,199,70,140,202,79,150,202,87,158,200,98,167,200,107,174,200,117,182,202,129,192,209,138,197,211,143,203,214,146,204,218,145,203,215,146,204,216,142,200,212,132,190,201,122,182,192,116,176,186,113,175,186,110,173,188,109,174,192,111,177,201,113,180,209,114,180,215,115,180,220,113,176,220,111,173,222,111,171,223,111,168,223,110,165,221,108,160,217,105,155,208,106,150,199,101,143,185,101,137,171,97,131,156,97,126,144,97,121,131,95,119,123,97,116,120,99,117,119,102,120,120,105,123,123,107,127,126,108,130,128,106,128,126,102,124,122,98,120,118,96,116,115,93,113,114,93,113,114,93,111,115,90,109,113,85,108,114,82,107,112,80,108,112
129,182,190,128,181,189,125,180,187,122,179,188,121,179,190,120,180,190,121,181,191,122,182,193,127,187,198,139,197,209,152,205,219,157,209,223,162,209,225,166,209,225,162,204,220,155,197,211,142,186,197,133,180,190,130,177,187,129,177,187,126,176,185,125,178,186,127,182,189,124,181,188,124,181,188,123,182,190,124,183,191,124,184,194,125,185,196,129,189,200,136,196,207,147,200,214,174,216,230,152,185,200,67,96,112,40,66,81,61,83,97,59,78,93,64,82,96,62,78,91,64,80,95,62,80,94,62,80,94,63,80,96,61,78,94,59,76,92,60,75,94,62,77,96,66,79,96,62,75,91,61,74,90,58,71,87,52,68,83,61,77,92,69,85,98,64,80,93,64,82,96,65,83,97,65,83,97,65,83,97,63,80,96,61,78,94,60,77,95,59,76,94,57,74,90,58,75,91,60,76,91,63,76,92,63,75,89,62,74,88,60,74,85,60,74,85,55,72,82,55,72,80,55,72,80,56,70,79,57,70,79,60,70,80,59,67,80,62,62,70,63,49,46,95,69,42,184,140,77,242,187,94,248,186,67,247,182,52,249,185,62,251,191,81,217,163,77,137,95,35,77,47,19,71,54,47,68,58,66,70,65,72,65,55,53,71,45,22,164,113,56,236,172,82,248,184,61,245,181,49,239,170,53,197,129,32,193,130,59,227,174,124,204,163,131,119,91,77,60,46,45,54,53,58,57,62,66,49,60,66,46,58,70,47,59,75,52,60,79,51,58,76,49,56,74,50,57,73,52,61,76,55,64,79,56,68,80,56,68,80,57,69,81,58,70,82,61,71,83,61,71,83,62,70,83,61,69,82,61,68,84,61,68,84,62,70,83,59,69,79,54,68,79,56,74,84,63,83,92,65,85,94,64,82,92,68,82,95,72,83,101,77,89,113,65,81,115,73,100,143,96,139,192,83,139,200,49,118,187,35,108,185,35,104,195,39,107,204,42,111,212,42,114,216,40,114,219,37,114,218,36,113,217,37,115,216,34,112,212,34,110,206,34,104,199,32,99,190,29,93,183,28,87,179,27,82,175,26,80,170,27,79,162,27,78,159,27,77,162,26,78,164,26,80,168,31,88,175,41,102,185,48,114,192,55,123,196,65,136,200,75,148,203,84,157,202,97,167,203,107,176,205,121,189,210,136,202,218,145,204,218,145,203,214,146,202,215,146,203,214,146,203,214,146,203,212,140,197,206,128,187,195,117,177,185,113,176,185,110,174,186,110,175,193,113,181,204,114,184,210,113,184,216,112,181,220,112,178,226,115,178,232,117,178,235,117,177,237,115,173,236,114,168,230,111,161,220,111,158,212,107,150,195,104,142,179,100,134,162,96,127,147,95,122,133,93,116,122,95,115,116,96,116,115,98,118,117,101,121,120,104,124,123,104,126,124,102,124,122,96,121,118,92,117,114,92,114,112,89,110,111,89,110,111,90,109,113,88,109,112,82,107,112,78,106,110,76,105,111
121,178,187,118,177,185,116,175,183,112,175,184,112,176,186,115,179,189,115,182,191,117,184,193,119,183,195,129,191,204,138,196,208,140,193,207,147,196,211,155,202,218,157,203,218,152,198,213,148,196,210,139,188,202,132,184,195,127,181,191,119,176,185,118,175,184,120,177,186,119,177,188,119,179,189,117,180,189,117,181,191,120,184,194,122,186,198,124,188,200,128,190,203,139,192,206,157,199,213,112,145,160,44,73,89,47,73,88,63,85,99,57,76,91,67,85,99,59,75,88,62,78,91,61,77,90,62,78,93,62,80,94,62,78,94,60,76,92,59,75,91,60,76,92,61,74,90,56,69,85,54,67,83,53,66,82,52,68,83,62,78,93,69,85,98,66,82,95,65,83,97,66,84,98,67,85,99,66,84,98,63,80,96,61,78,94,60,77,93,60,77,93,59,75,91,59,75,90,62,75,91,61,75,88,61,73,87,60,72,86,59,73,84,59,73,84,53,70,80,55,72,82,55,72,82,55,69,80,55,68,77,58,66,77,59,65,77,65,63,68,72,54,44,124,90,53,214,166,90,245,188,81,240,175,45,250,183,43,250,182,49,248,182,60,245,187,79,214,164,79,122,81,25,79,48,17,68,49,35,69,51,47,73,56,48,82,54,30,137,85,35,220,155,73,246,181,61,252,184,47,255,184,53,243,170,57,237,167,82,229,167,110,169,123,89,101,68,49,63,40,32,65,54,50,64,61,54,55,57,54,51,58,66,51,58,74,53,59,81,52,59,78,50,58,71,48,58,68,49,59,71,51,63,77,56,68,82,60,72,86,56,66,78,58,68,80,60,67,83,62,70,83,63,71,82,62,70,81,59,69,81,58,68,78,61,71,81,61,74,83,51,68,76,47,65,75,59,77,87,68,86,98,69,85,100,70,83,99,72,83,101,69,81,103,66,83,111,71,97,134,83,124,170,83,133,192,57,117,187,39,106,185,38,107,198,40,110,206,44,114,212,44,113,214,41,113,215,39,112,215,37,115,216,38,116,216,34,112,210,34,110,204,33,103,198,32,99,190,31,92,181,28,88,176,26,83,172,25,81,166,24,77,157,25,76,155,26,77,158,27,79,162,28,80,164,29,85,168,37,95,177,42,105,184,55,121,195,65,134,201,74,146,204,82,154,202,95,164,203,107,176,207,123,191,214,140,205,223,144,203,217,144,202,214,149,207,219,150,208,220,146,202,215,144,202,213,141,199,210,131,190,198,119,179,187,114,177,186,111,175,187,112,178,194,114,182,203,115,185,211,115,184,217,113,181,220,118,182,230,121,182,237,124,185,240,125,184,242,121,180,240,118,172,232,114,166,223,114,161,213,108,152,197,105,144,183,100,135,165,96,127,148,92,120,132,91,116,123,92,113,116,94,114,115,97,117,116,98,120,118,102,123,124,102,123,124,98,122,124,94,118,120,90,114,116,88,112,114,85,109,113,85,109,113,86,109,115,85,108,114,80,107,114,76,105,113,73,103,111
122,179,188,114,173,181,110,168,179,109,172,181,111,175,185,111,178,187,113,181,192,116,184,195,116,182,194,116,182,194,121,183,196,128,187,201,139,195,208,150,202,216,157,206,221,159,208,223,157,209,223,145,201,214,133,191,202,125,185,195,120,180,190,116,174,185,115,172,183,114,170,183,116,174,188,120,182,195,115,183,194,119,189,199,120,188,199,125,191,203,125,187,198,147,199,212,148,184,198,77,105,119,39,65,80,56,79,93,62,84,98,58,77,92,58,75,91,61,77,92,58,74,89,61,74,90,62,75,91,62,78,93,66,79,95,67,80,96,66,79,95,65,78,94,56,72,85,50,66,79,47,63,76,48,64,77,55,71,84,65,81,94,69,85,98,65,81,94,67,83,96,68,84,97,66,82,97,64,80,95,62,78,93,62,78,93,62,78,93,60,76,91,60,73,89,59,72,88,59,71,87,58,70,84,60,69,84,58,70,82,56,70,81,56,70,81,50,66,79,52,68,81,54,68,81,51,65,78,52,64,76,57,65,76,58,64,76,64,60,61,78,52,37,153,112,66,241,187,99,255,197,77,242,176,36,246,176,29,251,178,39,247,177,43,241,182,52,237,185,65,212,160,61,153,105,29,98,58,7,72,38,3,67,33,5,71,31,0,104,47,0,196,129,48,255,184,68,250,178,40,251,178,37,253,180,52,233,157,69,177,110,55,112,65,35,77,42,23,86,53,34,127,101,78,98,81,53,59,48,28,52,48,47,55,54,68,55,56,84,60,64,89,51,60,65,41,53,53,45,60,67,49,63,74,49,61,77,57,66,83,57,64,80,57,64,80,59,64,83,60,66,82,60,69,78,59,70,76,57,70,76,57,70,76,58,73,78,60,75,82,58,73,80,54,68,77,57,71,84,66,79,96,72,83,105,70,83,102,68,81,98,68,84,100,65,86,103,65,93,115,72,106,144,79,116,171,70,112,184,50,102,186,37,104,195,37,110,205,48,114,210,51,115,212,50,112,211,45,111,208,39,111,211,39,115,213,32,111,206,31,106,199,30,99,192,30,96,183,33,93,179,32,90,172,27,86,166,23,82,160,22,78,153,24,77,153,26,78,154,26,77,156,27,78,157,28,81,161,33,88,168,38,97,175,49,112,189,61,128,199,70,140,202,75,145,197,86,153,196,102,168,202,123,187,214,141,203,224,146,205,221,149,206,223,149,206,223,143,202,220,143,200,219,144,203,219,141,200,214,133,195,206,118,180,191,108,172,182,103,167,179,105,171,187,112,177,199,116,181,209,119,183,218,122,185,226,130,188,234,133,189,238,132,188,237,128,184,233,123,179,228,120,174,221,116,168,215,114,163,206,109,154,195,103,143,179,95,132,161,91,123,146,88,117,133,84,111,122,87,110,116,92,113,116,93,114,115,95,119,119,98,122,124,96,119,125,93,116,124,90,112,123,87,109,120,85,107,120,82,104,115,81,105,115,81,105,117,76,102,115,73,99,112,70,98,112,69,98,114
127,184,195,117,175,186,109,169,179,107,170,179,106,173,182,108,176,185,111,181,191,115,185,195,114,184,194,115,183,194,119,185,197,130,194,206,144,203,217,153,209,222,153,206,220,148,201,215,145,201,216,143,201,215,137,199,210,130,194,203,119,183,192,111,174,183,113,171,183,115,173,187,119,178,194,121,184,199,116,186,198,119,191,203,118,190,202,126,194,205,130,192,203,154,204,215,133,167,179,64,90,103,42,65,79,54,77,91,62,81,96,57,76,91,57,74,90,59,75,91,59,72,88,59,72,88,60,73,89,62,75,91,63,76,92,64,77,93,64,78,91,65,79,92,60,76,89,55,71,84,48,64,77,48,64,77,55,71,84,64,80,93,66,82,95,64,80,93,63,79,92,64,80,93,63,79,94,60,76,91,59,75,90,59,75,90,59,75,90,57,73,88,62,74,90,61,73,89,59,71,85,58,70,84,60,70,82,60,70,82,57,69,81,56,70,83,53,66,82,53,69,84,54,67,83,53,65,79,56,66,78,59,67,78,60,64,75,65,57,55,84,56,32,173,128,71,246,191,91,252,189,60,245,177,32,247,175,28,246,168,34,248,174,43,242,183,47,249,192,61,252,192,72,234,172,71,193,138,58,154,103,40,130,80,27,125,70,16,158,90,27,218,142,58,255,179,62,254,172,34,248,170,22,236,162,31,201,127,38,131,68,15,76,32,5,80,43,25,144,100,73,189,146,111,133,100,59,72,49,17,63,53,44,61,58,67,59,55,78,52,53,74,59,67,70,57,69,67,39,54,59,40,54,65,51,65,78,50,62,78,55,63,76,56,62,76,58,64,80,59,65,79,59,68,77,58,69,75,57,70,78,56,71,78,54,71,78,56,73,80,57,72,79,54,68,79,58,67,84,65,73,94,71,82,104,74,85,107,72,85,101,69,87,99,64,88,98,63,90,107,69,98,130,76,107,154,75,105,175,59,101,183,41,105,195,38,111,206,48,112,209,52,112,210,50,109,209,45,109,207,40,110,208,38,112,209,34,110,204,31,106,199,31,100,193,33,97,185,37,94,181,35,93,175,29,88,168,25,84,162,22,78,153,23,77,151,24,76,151,26,75,151,27,75,151,28,77,154,31,82,161,34,90,167,44,103,179,55,119,190,63,131,194,70,137,192,82,146,190,98,160,197,119,180,208,139,197,219,148,205,224,148,205,222,146,203,222,145,202,222,150,207,227,153,212,230,145,204,220,132,194,207,114,176,187,107,171,181,103,167,179,108,171,188,116,178,201,119,183,211,123,186,221,128,187,229,133,190,235,133,187,234,129,183,229,124,178,224,120,174,218,115,169,213,108,161,203,104,153,193,97,142,181,91,134,169,86,125,156,86,120,147,84,115,135,81,109,121,83,108,115,86,109,115,87,112,116,92,117,121,94,119,126,92,116,126,87,110,124,84,107,123,82,105,123,80,103,121,75,101,116,75,101,116,73,100,117,71,98,115,69,96,115,66,95,113,66,94,116
132,190,202,121,181,192,109,171,182,105,169,179,103,171,182,103,173,183,105,177,189,108,180,192,109,181,193,113,183,195,120,188,201,131,197,211,144,206,221,148,207,221,146,202,217,141,197,212,140,196,213,141,200,214,140,204,216,132,199,208,119,186,195,110,174,184,109,171,184,112,174,187,111,174,189,112,179,195,109,181,195,114,188,201,113,185,197,120,188,199,131,193,204,151,200,214,107,141,153,46,72,85,45,68,82,52,75,89,59,78,93,55,74,89,55,73,87,56,72,87,58,71,87,59,72,88,60,73,89,60,73,89,60,74,87,61,75,88,63,77,90,65,79,92,66,82,95,63,79,92,52,68,81,48,64,77,57,73,86,62,78,91,61,77,90,62,78,91,63,79,92,64,80,93,63,79,94,61,77,92,60,76,91,60,76,91,60,76,91,58,74,89,62,74,90,60,72,88,59,71,85,58,70,84,59,69,81,59,69,81,56,68,82,54,68,81,52,65,81,53,66,83,52,65,81,52,64,78,56,64,77,58,64,76,56,60,69,60,53,47,96,67,35,195,150,83,251,195,86,250,186,52,255,187,44,255,181,43,234,151,31,229,149,36,240,174,54,235,173,52,243,174,55,251,181,70,251,185,88,245,180,90,233,167,83,226,155,73,234,151,71,244,153,60,255,162,36,253,158,14,249,163,16,239,162,34,192,126,42,106,53,3,66,30,6,96,61,41,176,123,91,226,172,128,191,143,94,102,69,28,55,39,24,48,42,44,60,53,61,58,52,64,58,58,68,54,61,69,46,56,65,40,54,63,45,59,68,48,63,70,51,64,72,54,65,71,56,65,74,57,66,75,57,65,76,57,67,79,55,67,83,55,69,82,53,70,78,55,72,79,58,72,81,56,70,81,57,66,83,61,69,88,70,78,99,77,88,106,73,87,100,70,88,98,66,89,97,63,89,104,65,92,119,69,98,138,70,101,158,63,103,175,48,105,194,43,109,206,48,110,211,48,110,213,45,108,213,43,108,212,37,109,209,35,109,206,34,108,203,31,104,199,32,98,194,34,97,190,37,96,188,37,94,184,31,88,175,27,83,166,25,78,154,24,76,149,25,73,147,25,73,147,26,72,147,26,74,148,29,78,154,29,83,157,35,93,166,49,109,179,59,123,185,69,132,186,81,142,187,99,157,194,121,176,207,139,193,217,152,204,225,153,206,224,153,205,226,152,207,227,156,211,231,156,213,232,145,202,219,130,189,203,114,174,185,107,169,180,106,168,181,110,173,190,117,179,202,121,182,211,125,185,221,129,188,228,128,185,230,127,183,230,122,179,224,115,172,217,108,165,210,103,157,201,96,149,191,92,144,184,86,134,174,83,127,162,80,121,153,82,117,145,82,114,135,79,108,124,79,106,117,79,106,115,81,110,116,84,115,120,86,114,125,83,111,123,78,105,122,75,102,121,73,100,121,72,99,120,70,98,119,69,97,118,69,97,118,65,96,116,64,95,116,62,94,115,62,94,119
136,198,209,123,185,196,110,174,184,103,169,181,100,170,180,98,171,180,98,172,183,101,175,186,103,177,190,110,182,196,122,192,204,131,199,212,138,201,216,138,200,215,139,198,214,141,199,213,142,199,216,143,202,218,139,202,217,130,198,209,119,187,198,109,177,188,108,172,184,108,171,186,104,170,186,105,174,190,105,178,193,109,185,199,109,183,196,117,185,196,134,193,207,143,192,206,83,117,129,33,59,72,51,74,88,53,75,89,57,76,91,54,73,88,56,72,87,56,72,87,59,72,88,60,73,89,60,73,89,60,73,89,59,73,86,60,74,87,63,77,90,66,80,93,68,84,97,68,84,97,55,71,84,51,67,80,60,76,89,62,78,91,57,73,86,61,77,90,63,79,92,64,80,93,64,80,95,62,78,93,61,77,92,62,78,93,61,77,92,62,75,91,59,72,88,59,71,85,58,70,84,57,69,83,58,68,80,57,66,81,54,66,80,53,65,81,51,64,81,52,65,82,51,64,80,52,64,78,56,64,75,60,64,75,55,58,65,57,48,39,116,84,43,212,164,88,253,193,79,250,184,48,255,191,54,255,181,56,205,122,26,172,94,11,195,131,44,213,152,63,232,166,72,237,168,77,237,171,85,242,177,95,239,172,91,232,159,80,223,140,64,218,127,36,238,140,17,248,151,10,250,162,13,246,169,39,205,141,54,111,61,10,64,32,7,106,73,56,201,148,117,250,188,147,210,153,100,116,70,21,82,53,23,98,80,60,80,63,47,65,52,44,56,46,54,56,54,67,54,60,72,48,58,68,43,57,66,48,63,70,51,66,73,52,65,71,55,66,70,55,66,72,56,66,76,57,66,83,55,66,84,55,66,84,55,69,80,55,72,80,60,74,85,60,72,86,57,66,83,56,65,82,64,73,90,73,85,99,72,86,95,69,88,95,68,88,97,66,89,103,65,91,114,66,95,127,69,98,142,64,103,162,54,105,186,49,108,202,49,108,210,46,109,215,44,108,216,40,108,215,36,108,210,34,108,205,32,105,200,31,101,196,31,97,193,34,97,192,38,96,193,38,94,189,32,89,179,28,84,169,27,79,155,26,76,147,25,72,144,27,71,142,26,70,141,27,71,142,26,75,144,28,78,147,29,83,153,42,100,164,56,116,176,68,128,182,83,140,185,100,154,192,120,170,203,139,186,212,154,202,222,162,211,228,164,215,234,161,212,233,154,206,227,148,201,219,135,191,208,123,181,193,114,172,184,109,169,179,108,168,179,111,173,188,116,177,198,118,179,207,120,180,214,124,183,223,121,178,223,123,179,226,121,178,223,112,169,214,100,157,202,92,149,194,89,143,187,88,141,183,86,135,175,83,129,165,79,122,156,79,118,147,80,114,139,77,110,129,77,106,122,76,106,117,74,108,118,76,110,122,75,108,123,72,105,124,70,101,122,69,99,123,66,96,122,64,94,120,62,94,119,62,94,117,61,93,116,60,92,117,58,92,117,58,92,119,58,93,121
139,203,215,123,189,201,108,174,186,100,168,181,96,168,180,95,169,180,97,171,184,98,174,187,102,178,191,110,184,197,121,193,207,132,201,216,137,203,219,138,201,216,138,200,215,140,202,217,144,203,221,144,206,221,140,206,220,130,200,212,116,188,200,107,179,191,106,174,187,105,172,188,106,175,191,106,177,195,108,184,200,113,191,204,113,187,200,121,189,200,139,198,212,136,184,198,67,99,112,33,57,69,56,78,91,54,76,89,56,75,89,53,72,86,56,72,87,56,72,87,58,71,87,59,72,88,60,74,87,59,73,86,58,72,85,58,72,85,62,76,89,65,79,92,64,78,89,64,78,89,55,69,80,53,67,78,64,78,91,64,78,91,59,73,86,63,77,90,63,77,90,65,79,92,65,79,92,63,77,90,62,75,91,63,76,92,62,75,91,60,73,89,59,73,86,59,71,85,58,70,84,59,69,81,59,68,83,58,67,82,54,66,82,53,64,82,54,65,83,55,66,84,54,66,82,55,65,77,59,66,76,61,65,74,58,59,64,61,49,35,134,96,49,221,166,84,248,183,65,243,173,41,247,176,50,236,161,59,169,91,29,112,40,0,105,51,13,133,85,45,164,111,67,172,118,72,175,122,78,180,127,85,171,116,75,159,96,52,138,67,15,161,81,8,223,135,27,255,167,35,255,169,24,250,172,38,219,150,55,126,74,14,64,30,3,89,57,46,191,142,125,227,168,138,171,109,58,132,73,15,170,119,64,197,156,102,139,108,54,78,54,18,57,36,31,68,54,67,58,56,69,49,55,69,51,63,77,45,59,72,50,64,77,50,64,73,52,66,69,55,66,68,56,66,76,57,66,81,58,67,84,57,69,85,56,70,81,58,72,81,62,74,88,62,74,90,58,67,84,53,62,77,58,68,80,67,77,87,74,87,95,71,88,95,70,88,100,67,89,103,65,90,110,67,93,118,70,97,126,66,101,143,59,102,171,55,107,193,53,108,208,46,109,215,41,109,220,38,110,218,36,109,211,33,107,202,33,104,196,32,101,192,33,99,193,35,98,193,38,98,194,38,94,189,33,90,180,31,85,171,31,80,157,29,76,148,27,72,140,26,69,137,25,68,136,24,68,133,25,70,135,25,75,138,26,77,142,38,92,154,53,108,165,69,122,174,83,134,179,97,145,185,113,157,192,127,171,198,145,190,211,157,202,221,165,212,232,162,209,229,152,200,222,144,192,212,132,183,202,122,175,189,117,170,184,110,167,178,107,165,177,109,168,184,113,171,193,112,172,200,114,173,207,117,175,213,116,175,219,117,175,221,116,174,220,110,168,214,102,160,206,96,153,198,92,149,194,91,145,189,88,140,180,84,132,170,80,124,159,77,118,148,75,115,140,75,111,133,73,108,127,72,107,126,69,108,125,68,106,125,66,104,125,64,101,127,65,100,128,64,99,127,60,95,125,56,91,121,53,88,118,53,88,116,51,88,115,50,87,114,51,88,117,52,88,120,51,90,121
136,202,214,122,188,200,106,174,187,99,169,181,97,169,181,98,172,183,102,176,189,104,180,193,107,183,196,110,184,197,118,190,204,132,201,216,141,208,224,143,209,225,143,206,221,141,204,219,144,203,221,148,209,227,145,213,226,132,204,216,115,189,200,105,179,190,106,175,190,108,177,192,108,180,195,109,182,199,111,188,204,114,192,205,115,187,199,122,188,200,139,195,208,120,164,177,55,85,96,37,59,72,56,78,91,53,75,88,54,73,87,53,71,85,54,70,85,55,71,86,56,69,85,56,69,85,57,71,84,57,71,84,56,70,83,57,71,84,59,73,86,60,74,87,53,67,78,53,67,78,49,63,74,52,66,77,62,76,89,63,77,90,60,74,87,63,77,90,63,77,90,64,78,91,64,78,91,63,77,90,62,75,91,62,75,91,61,74,90,59,73,86,59,73,86,59,71,85,61,71,83,60,70,82,60,69,84,59,68,83,57,65,84,54,65,83,53,64,84,54,65,83,56,65,82,55,63,76,59,63,74,60,63,68,58,57,62,64,48,32,140,97,46,223,161,74,243,173,49,237,165,27,233,162,38,218,148,53,149,78,32,86,27,9,77,39,28,76,46,36,84,51,36,89,56,37,95,64,46,99,66,49,94,57,39,88,43,24,88,34,6,123,60,9,208,133,42,254,174,51,252,171,27,252,175,35,235,162,59,148,90,26,71,37,12,72,43,39,120,79,75,129,76,58,116,55,10,158,93,29,228,160,87,249,188,108,213,166,86,128,90,28,68,33,13,63,37,40,62,50,60,55,53,67,49,56,72,48,59,77,47,60,77,48,62,75,50,64,67,52,66,67,56,66,75,58,68,80,60,69,84,61,71,83,59,71,83,59,73,84,63,75,89,64,76,92,62,71,88,57,66,81,58,68,77,62,73,79,77,88,94,75,89,98,72,88,103,68,87,104,66,87,106,67,93,110,70,97,114,67,98,127,61,98,153,58,104,179,55,108,200,47,110,213,40,111,219,35,112,220,35,110,211,32,107,200,35,105,193,36,103,190,37,102,194,37,100,195,38,98,194,37,96,188,36,92,179,36,88,171,34,82,158,33,77,148,29,72,140,25,69,134,24,65,127,24,66,126,25,70,129,27,76,134,31,82,139,41,93,150,54,107,159,69,119,168,85,132,176,95,139,178,107,145,181,117,156,185,127,168,188,139,182,199,153,196,215,156,201,222,156,201,222,153,200,220,145,194,211,134,186,200,123,175,188,114,168,180,105,161,174,105,162,179,107,163,186,109,166,195,112,168,203,114,172,210,115,174,218,115,173,219,112,170,216,110,168,214,108,166,212,105,163,209,98,154,201,91,148,191,89,142,182,83,135,172,77,126,159,74,119,150,72,116,143,72,114,138,70,111,133,68,109,131,66,108,130,63,108,131,63,104,132,61,102,132,60,101,133,59,100,132,54,92,128,49,87,123,47,86,119,46,85,116,45,84,115,44,85,115,46,85,118,46,86,121,48,88,124
130,196,208,118,184,196,106,174,187,104,174,186,104,176,188,105,179,190,107,181,192,109,183,194,109,183,194,107,181,192,112,184,196,125,195,207,136,204,217,140,208,221,142,208,222,145,208,223,147,206,224,148,209,227,142,210,223,127,199,211,113,187,196,107,181,192,110,179,194,112,181,196,111,183,198,111,184,199,112,188,202,110,186,199,111,181,193,119,181,194,133,185,198,96,138,150,43,71,83,42,62,73,53,73,84,53,73,84,53,71,83,52,70,82,52,68,81,53,69,82,54,68,81,54,68,81,55,69,82,55,69,82,56,70,83,56,70,83,57,69,83,57,69,83,49,63,74,46,60,71,46,60,71,51,65,76,59,73,84,62,76,87,62,76,89,62,76,89,63,77,90,64,78,91,65,79,92,63,77,90,62,76,89,62,76,89,61,75,88,58,72,85,59,71,85,58,70,82,60,70,82,59,69,81,60,67,83,58,67,82,57,65,84,56,64,83,52,60,81,54,62,81,55,62,80,54,60,74,56,59,68,59,60,64,57,55,58,65,46,29,147,97,44,233,166,75,245,172,41,242,170,24,239,171,38,216,152,52,138,80,34,78,35,19,62,43,39,53,47,47,55,50,44,56,52,41,53,49,40,53,46,38,59,48,44,71,52,48,69,39,37,98,56,31,180,124,50,233,167,54,241,166,21,249,170,26,239,161,52,157,94,25,73,37,15,68,43,47,69,39,49,59,20,15,90,38,0,174,109,43,231,153,68,242,166,70,247,183,85,202,147,67,130,81,40,80,43,27,68,44,44,59,49,58,50,49,67,52,58,80,46,57,77,46,59,75,48,61,67,49,63,64,54,65,71,56,66,75,59,67,78,59,69,79,58,71,80,58,72,83,61,73,89,63,75,91,65,74,91,63,73,85,62,71,78,60,71,75,71,82,88,75,87,99,77,90,109,71,87,110,69,87,107,71,92,109,73,97,107,69,96,113,60,92,131,61,101,160,58,109,188,49,112,205,40,113,216,35,114,219,35,111,209,33,106,200,37,104,191,39,105,191,40,104,194,39,103,193,38,99,190,36,96,182,36,93,172,39,91,166,34,82,154,33,78,146,29,73,138,27,68,130,26,66,125,26,69,122,31,77,129,36,83,135,41,91,142,48,100,150,58,110,158,74,122,168,89,134,176,97,139,177,107,143,179,115,150,180,120,156,178,135,174,191,151,189,208,158,199,219,163,204,226,164,206,228,158,203,222,151,198,214,134,186,199,121,175,187,106,162,175,102,159,176,104,160,183,108,165,192,114,170,203,117,175,213,120,179,223,119,180,225,118,179,226,115,176,223,111,172,219,105,166,213,99,157,203,93,150,195,89,144,185,84,138,176,78,131,165,75,124,156,74,121,151,72,117,146,69,113,140,66,110,137,63,108,137,63,110,140,63,108,141,60,104,139,57,100,135,53,95,133,50,89,128,45,84,123,44,84,120,42,82,117,41,81,116,39,82,116,43,83,119,42,85,120,44,86,124
123,189,201,115,181,193,110,176,190,112,180,193,115,185,197,112,184,196,109,181,193,107,181,190,106,178,190,104,177,186,107,179,191,117,187,199,125,193,206,131,199,212,140,206,220,150,213,228,153,212,228,147,209,224,134,200,214,118,191,200,111,185,194,110,184,193,114,184,196,113,182,197,118,187,202,115,187,201,115,189,202,110,184,195,110,176,188,118,178,188,131,179,191,85,123,134,35,62,73,43,63,74,49,67,79,52,70,82,51,69,81,50,68,80,50,66,79,50,66,79,53,67,80,53,67,80,54,68,81,55,69,82,56,70,83,56,70,83,56,68,82,55,67,81,50,64,75,45,59,70,46,60,71,52,66,77,57,71,82,60,74,85,62,76,89,61,75,88,62,76,89,64,78,91,64,78,91,62,76,89,61,75,88,61,75,88,59,73,86,57,71,84,56,68,80,56,68,80,58,68,80,58,68,80,59,66,82,58,65,81,55,64,81,54,62,81,53,61,82,55,63,82,56,63,81,54,60,72,56,59,66,59,58,63,58,56,57,67,48,31,155,103,53,246,176,88,252,178,47,250,178,31,252,186,50,219,160,58,128,76,29,69,33,21,60,51,54,48,55,61,48,56,58,47,57,56,47,57,58,50,55,58,55,54,59,61,51,59,59,39,51,88,56,43,176,128,64,237,175,66,243,171,25,247,166,22,235,154,46,157,92,26,73,40,23,59,39,50,63,40,56,67,37,35,104,58,22,195,131,67,230,150,63,215,129,30,240,162,61,249,179,91,216,156,96,133,85,49,66,34,21,59,40,42,63,57,71,49,52,71,49,58,75,47,59,73,47,60,66,48,62,65,51,62,68,53,63,72,55,63,74,55,65,75,54,67,76,53,67,78,55,67,83,58,70,86,63,72,87,65,75,85,63,72,79,58,67,72,62,72,81,74,83,98,80,90,115,77,89,115,73,89,112,75,94,109,76,96,103,69,93,103,61,87,112,64,98,143,61,110,177,52,114,199,40,114,213,36,113,217,36,110,209,34,104,199,37,102,192,40,104,192,40,104,194,38,102,192,36,98,185,34,95,176,36,92,166,39,92,160,34,81,149,33,78,143,32,73,135,29,71,129,28,69,121,31,75,124,38,85,131,45,93,139,47,98,145,52,105,149,61,112,155,75,124,165,93,137,176,102,142,178,109,143,178,116,150,178,127,164,183,145,182,198,162,199,217,167,205,224,165,206,228,163,206,225,160,203,222,153,200,216,148,197,211,129,183,195,112,165,179,103,159,174,104,160,183,109,166,193,116,172,205,121,179,216,126,185,229,130,191,236,133,194,241,127,188,235,114,174,224,104,165,212,100,158,206,97,156,200,90,148,188,87,143,180,81,135,169,77,130,162,75,126,157,73,122,154,69,116,146,64,110,143,60,109,142,63,112,145,64,112,148,61,106,145,54,99,140,48,91,133,44,86,126,41,83,123,38,80,118,37,80,115,35,78,113,35,78,113,37,79,117,39,81,119,40,82,122
117,181,193,117,183,195,118,184,196,119,187,198,123,191,202,125,195,205,122,192,202,114,187,194,109,179,189,104,174,182,98,168,178,98,166,177,102,170,181,113,179,191,123,189,201,132,196,208,135,194,208,132,194,207,124,190,202,117,187,195,115,188,195,114,187,196,118,186,197,123,191,204,133,201,214,127,197,209,125,197,209,120,190,200,114,177,186,117,174,183,126,170,181,73,107,117,35,57,70,50,68,80,50,66,79,50,66,79,51,67,80,49,65,78,51,67,80,48,64,77,53,67,80,54,68,81,54,68,81,55,69,82,57,69,83,58,70,84,58,70,84,58,70,84,55,67,79,51,63,75,50,62,74,54,66,78,57,69,81,58,70,82,60,72,84,63,75,87,64,76,90,63,75,89,62,74,88,61,73,87,60,72,86,59,71,85,58,70,84,57,69,83,57,69,81,55,67,79,54,64,76,55,65,77,58,65,81,59,66,82,56,65,82,54,63,80,54,62,81,52,61,78,54,61,77,55,61,73,56,59,66,60,59,64,59,57,58,67,48,34,152,103,63,240,172,97,255,183,62,255,184,45,250,183,52,220,161,61,131,79,32,69,35,25,58,51,58,41,49,60,45,54,63,50,59,66,47,56,63,50,53,62,60,54,66,63,49,62,63,41,54,86,52,40,168,117,51,235,169,59,246,170,25,245,164,23,234,154,55,155,93,36,75,47,36,52,38,51,68,51,61,67,40,33,116,73,31,209,149,86,211,133,58,156,67,0,187,97,9,249,165,79,250,178,104,197,140,85,104,65,36,60,36,26,62,51,55,52,50,61,53,60,68,50,61,67,50,61,67,50,61,67,52,61,68,53,61,72,55,61,77,54,61,77,55,65,75,53,66,75,55,64,79,56,65,80,57,67,79,59,69,79,62,71,78,64,73,80,64,74,84,70,79,96,77,87,114,81,92,122,79,91,117,73,88,107,74,91,99,76,96,103,74,97,113,68,99,130,55,101,160,57,116,196,51,121,217,39,112,217,37,108,212,39,107,206,40,105,199,42,103,196,40,101,194,39,100,191,40,100,188,41,100,178,41,95,165,40,91,154,35,83,149,33,79,141,30,72,132,26,69,122,31,75,122,42,86,131,49,96,138,51,103,142,53,106,146,54,109,148,59,113,151,70,122,159,89,135,171,99,142,176,109,145,177,117,153,179,135,170,189,146,183,199,159,196,214,162,200,219,160,201,223,158,201,220,156,199,218,151,198,214,147,196,210,131,185,197,113,166,180,101,157,172,102,158,181,111,168,195,122,178,211,125,185,221,131,192,236,134,197,241,134,196,243,128,190,239,119,179,229,111,172,219,106,164,212,103,162,206,96,154,192,92,148,183,84,140,173,81,136,167,79,132,164,74,127,159,69,119,154,62,112,147,63,113,150,65,115,152,62,111,151,53,101,141,46,91,133,42,87,129,39,82,124,35,79,118,31,73,111,32,75,110,34,74,110,33,73,109,34,73,112,36,75,114,37,76,117
121,185,197,123,187,199,124,190,202,130,196,208,138,204,216,142,210,221,137,205,214,128,198,206,118,186,195,109,177,186,98,166,175,92,160,169,94,160,172,101,167,179,108,174,186,115,179,191,121,180,194,122,184,197,118,186,195,118,188,196,121,194,201,127,197,205,133,199,211,140,206,218,149,215,229,144,210,224,140,208,219,131,198,207,122,182,190,120,173,181,116,159,166,58,91,100,36,56,67,52,68,81,52,68,81,50,66,79,50,66,79,48,64,77,50,66,79,49,65,78,53,67,80,53,67,80,54,68,81,55,69,82,56,68,82,57,69,83,57,69,83,57,69,83,55,67,79,52,64,76,51,63,75,55,67,79,58,70,82,59,71,83,60,72,84,63,75,87,62,74,88,62,74,88,61,73,87,60,72,86,60,72,86,59,71,85,58,70,84,58,70,84,56,68,80,54,66,78,55,65,77,55,65,77,56,64,77,57,64,80,54,63,78,53,62,79,51,60,77,49,58,75,51,59,72,52,58,70,54,57,64,57,58,62,56,54,55,62,44,32,143,98,59,229,167,92,247,177,56,249,178,38,247,180,47,221,159,56,134,81,31,72,34,21,57,48,53,43,49,61,45,53,66,47,55,66,47,53,67,50,52,65,60,52,67,66,50,63,63,40,50,85,48,30,170,116,46,239,169,58,249,167,29,246,162,30,233,152,61,152,90,41,65,40,33,57,47,56,59,47,49,63,40,24,136,94,46,213,152,87,202,118,46,168,72,0,211,114,35,242,151,72,244,167,87,209,150,84,128,84,47,67,40,23,57,43,43,54,51,58,56,61,65,52,61,66,51,60,69,51,60,69,52,61,70,53,61,72,55,60,79,55,62,80,53,63,73,51,64,73,54,64,76,54,64,76,54,64,74,56,66,75,59,68,75,61,70,79,59,69,81,64,72,91,71,81,108,78,87,118,80,91,119,78,90,112,77,91,104,77,94,102,79,99,110,69,99,123,55,98,149,59,113,187,60,125,219,48,117,220,41,108,213,38,103,207,40,102,201,46,106,204,47,107,205,45,104,198,41,101,189,41,98,177,40,95,160,40,92,152,37,85,147,36,80,141,32,74,132,29,72,123,34,78,123,42,90,130,50,100,137,52,104,141,51,107,142,54,110,145,58,114,149,68,123,154,86,135,167,97,142,171,107,147,173,118,154,178,130,167,183,144,182,195,156,193,211,158,196,215,153,194,214,152,194,216,151,196,215,151,198,214,147,199,212,134,188,200,116,172,185,106,163,180,108,166,188,116,176,202,126,185,217,131,191,227,132,195,238,135,198,242,135,197,246,130,192,241,123,183,233,116,176,226,112,170,216,109,168,210,100,158,196,94,153,187,88,144,177,84,141,171,83,137,171,78,132,168,69,123,159,62,114,153,61,113,153,63,115,155,60,109,150,50,99,142,42,89,133,39,83,128,36,79,122,31,74,116,27,69,109,29,71,109,31,71,107,31,71,107,32,71,110,35,74,113,36,75,116
124,187,202,130,193,208,137,200,215,142,205,220,146,210,222,146,212,224,142,209,218,134,202,211,130,197,206,120,187,196,107,174,183,97,164,173,95,161,173,99,165,177,105,171,183,111,175,187,117,179,190,120,184,194,119,187,196,121,191,199,129,199,207,136,204,213,145,209,221,154,216,229,153,215,230,149,211,226,145,209,221,140,203,212,133,190,197,133,182,189,117,158,164,53,83,91,36,54,66,53,67,78,55,69,80,53,67,78,50,64,75,48,62,73,50,67,77,49,66,76,51,65,76,52,66,77,53,67,80,54,68,81,55,67,81,55,67,81,55,67,81,55,67,81,54,66,78,51,63,75,51,63,75,55,67,79,58,70,82,58,70,82,58,70,82,61,73,85,60,72,84,60,72,84,60,72,86,59,71,85,59,71,85,58,70,84,58,70,84,58,70,84,54,66,78,54,66,78,55,65,75,55,65,75,55,63,74,54,62,75,52,62,74,52,61,76,47,59,73,47,56,71,48,56,69,50,57,67,51,55,64,55,56,61,54,52,55,58,42,29,129,90,47,218,161,80,241,176,50,242,172,25,245,176,36,223,160,47,144,85,27,74,33,11,56,45,43,49,53,62,47,53,67,45,51,65,46,52,68,50,52,65,57,49,60,67,50,56,68,40,39,86,44,19,174,116,43,241,169,61,249,164,35,247,158,38,230,147,67,147,84,41,61,37,27,58,52,54,55,46,37,63,42,13,148,103,48,220,150,80,223,125,54,223,112,41,224,121,52,208,117,44,228,153,72,215,156,86,134,90,51,66,37,21,59,43,44,57,51,61,57,60,67,53,60,70,53,59,73,52,60,73,53,62,71,54,63,72,55,63,76,55,63,76,54,64,74,55,65,75,55,65,77,55,65,77,55,65,75,56,66,76,58,68,77,59,69,79,57,66,81,60,68,87,64,74,99,74,83,112,82,92,119,83,93,118,81,92,110,76,92,105,79,99,110,74,102,124,59,97,144,60,109,176,65,122,211,53,115,216,44,107,212,41,104,209,40,102,205,47,106,208,47,106,208,44,102,199,43,100,189,43,100,179,42,97,164,40,92,152,42,88,150,38,83,142,35,78,133,33,77,126,39,84,126,48,96,134,53,106,140,56,110,144,60,119,151,65,124,154,69,128,158,79,136,165,94,145,174,104,151,177,114,156,180,122,163,181,133,172,187,147,187,199,160,199,216,160,201,219,155,198,217,152,197,218,155,202,220,156,205,220,154,208,220,140,197,208,124,182,194,114,173,189,113,174,195,119,181,206,128,189,220,130,193,228,137,200,243,138,202,246,138,200,249,133,195,244,128,188,240,121,181,231,117,175,221,112,171,213,105,163,201,98,157,189,91,150,180,88,147,177,88,144,177,82,138,173,71,126,165,62,115,155,62,115,157,61,114,156,57,108,151,49,97,143,41,88,134,37,81,126,33,76,119,28,71,113,26,68,108,29,68,107,31,69,106,31,69,105,32,70,107,34,72,109,35,73,112
121,184,201,133,196,213,145,208,225,146,209,224,142,205,220,139,203,215,136,202,214,134,201,210,137,203,215,130,197,206,118,184,196,106,172,184,101,167,179,103,169,181,108,174,188,111,177,189,119,183,195,119,186,195,116,186,194,118,188,196,128,198,206,137,205,214,146,210,222,154,213,227,151,210,226,146,205,221,142,204,217,143,203,213,145,200,207,150,199,204,124,163,170,56,85,93,35,53,63,53,65,77,54,66,78,51,65,76,50,64,75,48,62,73,50,67,77,49,66,76,50,64,75,51,65,76,52,66,79,53,67,80,54,66,80,54,66,80,53,65,79,52,64,78,50,62,74,48,60,72,49,61,73,54,66,78,57,69,81,56,68,80,56,68,80,58,70,82,59,71,83,59,71,83,58,70,84,58,70,84,57,69,83,57,69,83,57,69,83,56,68,82,52,64,76,53,65,77,56,66,76,55,65,75,53,61,72,52,60,71,50,60,70,50,60,70,48,60,72,45,57,69,47,57,67,49,58,67,52,56,65,54,57,64,53,52,57,56,42,31,110,75,35,205,152,74,243,179,55,242,171,27,247,176,34,234,164,50,163,99,35,83,38,7,57,43,34,53,56,61,49,55,67,44,51,67,45,54,69,47,53,65,52,49,56,64,50,50,68,41,34,88,45,13,177,117,45,241,168,65,247,161,38,247,157,43,226,143,67,141,78,35,67,40,29,53,45,42,53,41,25,76,52,18,162,112,53,228,149,80,233,124,55,232,117,50,171,72,7,149,66,0,208,140,67,208,154,90,119,79,44,61,35,22,64,49,54,51,47,61,54,56,69,55,58,73,54,59,78,55,61,77,55,64,73,56,65,72,56,65,74,57,65,76,56,66,78,57,67,79,57,67,79,57,67,79,57,67,77,58,68,78,59,69,79,59,69,79,59,68,83,58,66,85,58,69,89,67,78,100,78,88,113,83,94,116,82,93,113,78,91,108,76,95,109,77,104,125,65,100,142,64,105,167,66,115,194,55,112,202,50,110,208,49,111,212,46,108,209,46,108,209,45,103,203,41,97,192,42,98,185,46,102,179,45,100,167,40,91,154,44,90,150,43,85,143,39,82,135,39,83,130,45,90,131,54,102,138,60,113,145,62,119,149,70,129,159,76,137,165,82,143,171,88,148,174,97,153,176,104,155,176,110,157,175,119,162,178,129,171,183,144,186,198,159,201,215,162,205,222,159,204,223,157,204,224,157,206,223,156,207,224,151,207,220,139,197,209,124,183,197,114,176,191,113,175,196,118,182,207,126,189,220,129,193,229,138,203,243,139,203,247,138,200,247,134,196,245,131,191,243,126,186,236,121,179,225,115,174,214,106,164,201,99,158,190,92,152,180,90,150,178,92,148,181,85,141,178,73,128,167,62,116,160,62,116,160,61,114,158,55,107,154,47,98,143,40,88,136,35,82,128,31,75,120,27,70,112,28,70,110,32,72,108,33,71,108,32,70,106,32,70,107,34,72,109,34,72,111
115,180,198,129,194,212,142,207,225,143,209,225,138,204,220,135,201,215,135,201,215,135,201,213,137,203,217,134,200,212,124,192,205,111,179,192,102,170,183,100,168,181,103,170,186,105,173,186,110,178,191,111,179,190,106,179,188,110,183,192,125,195,205,137,205,216,145,207,222,149,206,223,154,211,230,148,205,222,141,203,216,144,204,215,151,205,215,161,210,217,122,163,169,50,80,88,35,52,62,51,64,73,51,64,73,50,63,72,50,64,73,49,63,72,52,66,77,49,63,74,49,63,74,49,63,74,51,65,76,52,66,77,53,65,79,53,65,79,52,64,78,51,63,77,50,60,72,48,58,68,49,59,69,55,65,75,59,69,81,58,68,80,57,67,79,59,69,81,60,70,82,60,70,82,59,69,81,58,68,80,57,66,81,56,65,80,56,65,80,55,64,79,53,62,77,54,64,76,56,64,75,55,63,74,52,61,70,50,59,68,48,58,67,49,59,68,47,60,69,44,57,66,47,57,66,49,58,67,51,55,64,53,56,63,53,52,58,56,43,37,92,57,27,187,136,71,247,181,71,246,172,37,250,174,37,240,167,52,183,116,46,96,48,10,56,40,24,50,55,51,46,57,63,40,54,65,40,56,69,42,57,64,44,53,52,56,51,45,63,41,28,89,48,16,181,122,52,240,166,67,244,159,42,244,156,46,220,137,61,136,73,29,64,36,22,56,45,39,58,41,23,90,57,22,174,118,59,224,141,71,230,121,54,246,134,70,193,108,44,178,110,49,212,156,99,174,130,85,91,59,36,53,34,28,59,49,58,50,47,66,50,53,72,51,56,76,54,59,79,57,62,81,57,65,76,57,66,73,56,67,73,57,68,74,58,66,79,58,65,81,59,67,80,60,68,79,59,69,79,59,69,79,59,69,81,60,70,82,59,71,85,56,68,82,55,67,81,60,72,88,70,81,99,79,90,110,82,93,115,78,93,112,73,95,109,76,105,123,70,100,136,67,103,153,67,108,174,58,107,184,53,109,194,49,110,199,46,110,200,47,110,203,46,105,197,43,98,188,43,98,181,47,100,176,46,99,167,44,94,157,50,94,155,48,89,145,44,85,137,45,88,133,50,93,135,59,105,141,63,116,148,67,124,153,76,137,165,84,148,175,90,154,179,95,157,178,99,158,176,101,154,170,104,153,167,110,157,167,120,167,177,135,182,192,153,199,214,161,208,224,164,213,230,162,213,232,157,210,228,151,207,222,135,193,205,125,185,196,112,176,188,105,171,187,109,174,196,117,183,209,127,192,224,132,198,233,135,200,240,136,200,244,137,199,246,135,197,246,133,193,245,128,188,238,123,182,226,118,176,216,106,162,197,100,157,187,93,150,177,92,149,176,90,149,179,85,144,178,73,131,171,63,120,163,61,118,163,61,115,161,55,109,156,47,99,146,39,89,138,34,82,130,32,76,121,29,72,115,31,73,113,32,75,110,34,74,110,32,72,107,33,71,108,34,72,109,36,71,111
118,183,205,127,192,212,136,201,221,139,204,222,140,205,223,140,206,222,137,203,219,133,199,215,135,201,217,134,201,217,127,194,210,114,181,197,105,172,188,102,171,187,103,172,188,104,173,188,104,173,188,107,177,189,104,178,189,109,183,192,125,197,209,139,207,220,144,206,221,146,203,222,151,206,226,147,204,223,143,202,218,145,205,216,153,207,217,165,214,221,118,159,165,45,75,83,35,52,62,52,62,72,49,62,71,49,62,71,50,63,72,49,63,72,50,64,75,47,61,72,48,62,73,48,62,73,50,64,75,50,64,75,52,64,78,52,64,78,51,63,77,51,63,75,50,60,72,48,58,68,50,60,70,55,65,75,58,68,80,58,68,80,57,67,79,58,68,80,59,69,81,58,68,80,57,67,79,56,66,78,55,64,79,54,63,78,53,62,77,52,61,76,52,61,76,53,62,77,54,62,75,52,61,70,50,59,66,48,57,64,47,58,64,47,58,64,45,58,64,43,56,64,46,56,65,46,56,65,47,54,62,50,54,63,52,52,60,54,43,41,80,48,25,169,118,63,244,176,75,251,174,46,251,170,37,243,164,46,202,131,53,114,62,15,57,40,14,47,50,41,44,53,58,38,54,67,37,56,71,38,56,66,42,54,54,53,53,45,60,38,25,96,53,19,190,127,56,239,164,63,243,158,39,242,156,45,207,129,54,123,66,21,61,35,20,64,47,39,60,31,13,102,58,23,192,129,75,209,129,66,192,97,39,221,130,75,235,164,110,212,156,109,175,129,93,108,72,46,68,44,32,56,45,43,48,45,54,47,49,64,45,50,70,48,53,75,53,58,78,57,62,81,57,65,78,57,65,76,56,66,75,57,67,76,59,66,82,60,67,85,62,70,83,62,70,81,62,72,82,62,72,84,62,71,86,62,71,86,61,73,87,60,72,84,59,72,80,60,73,81,66,78,90,76,88,104,83,94,116,83,98,119,76,102,115,76,105,121,70,100,126,68,100,139,65,101,153,60,104,165,54,108,178,40,102,177,36,101,181,40,105,187,45,106,187,45,102,183,45,98,176,46,98,171,47,100,166,51,101,162,55,97,157,53,92,147,49,89,140,49,90,136,52,94,134,58,104,138,65,115,148,70,127,156,79,140,168,88,152,177,95,160,182,98,161,179,100,159,175,99,155,168,104,154,165,109,158,165,115,164,171,128,176,186,145,193,207,155,204,221,158,209,228,156,209,227,147,203,220,138,195,212,121,180,194,113,175,188,103,169,183,100,167,183,106,172,194,116,183,209,127,193,225,133,199,234,134,199,239,136,200,244,138,200,247,136,198,247,132,192,244,128,186,234,121,178,223,114,172,210,105,161,194,98,155,184,92,150,174,91,148,175,90,149,179,87,146,180,78,136,176,69,126,171,65,121,168,63,119,166,57,113,162,50,104,151,40,92,140,32,83,130,31,78,124,31,76,118,32,76,115,33,75,113,35,75,111,33,73,108,33,71,108,35,73,110,37,72,112
116,182,206,125,191,215,134,200,224,139,205,227,141,207,229,142,209,228,139,206,225,134,201,218,139,206,223,136,203,220,128,195,212,115,184,200,109,178,194,108,179,197,109,180,198,108,179,197,107,179,193,110,184,197,107,183,196,110,187,197,125,197,211,138,205,221,146,207,225,149,206,226,148,203,224,150,207,227,149,208,224,150,209,223,154,211,222,165,215,224,110,153,160,40,70,78,34,51,61,52,62,72,52,62,72,48,61,70,48,61,70,47,60,69,48,62,71,46,60,69,47,61,72,48,62,73,49,63,74,49,63,74,51,63,75,51,63,75,52,64,78,52,64,76,50,60,72,48,58,68,49,59,69,54,64,74,57,67,79,56,66,78,55,65,77,56,66,78,57,67,79,57,67,79,56,66,78,54,64,76,53,62,77,52,61,76,51,60,75,51,60,75,51,60,77,51,60,75,51,59,72,49,58,67,48,57,64,47,56,61,45,56,60,45,56,60,42,55,61,40,55,60,43,56,64,45,55,64,44,51,61,48,52,61,51,51,61,55,45,44,72,41,23,143,93,42,230,162,65,251,172,45,251,167,32,246,162,40,226,148,63,146,87,31,68,44,8,50,47,32,46,51,55,43,55,71,39,54,77,38,53,74,45,53,64,54,50,51,58,33,26,105,59,26,202,134,59,245,162,58,244,159,34,236,155,40,188,121,43,103,56,12,62,40,26,58,38,31,74,29,10,141,81,47,218,150,101,184,114,63,110,46,8,113,57,22,147,98,58,132,89,57,92,54,43,60,32,31,56,40,40,60,54,54,44,48,51,41,48,56,42,50,63,46,53,71,50,57,73,53,60,76,54,61,79,55,62,80,55,64,79,56,65,82,59,66,85,60,67,85,62,70,83,64,72,83,64,74,84,64,74,86,62,74,90,62,74,90,61,73,85,64,77,85,65,79,80,63,77,78,63,76,82,70,82,94,80,91,111,83,100,120,79,107,119,74,106,117,74,103,121,73,100,127,66,98,136,69,110,154,74,127,179,58,120,179,41,109,174,38,107,174,42,105,176,46,105,175,50,103,173,50,101,167,48,102,164,52,102,161,54,96,154,55,92,147,52,89,141,51,89,134,51,93,133,56,102,136,65,115,148,73,128,158,77,138,166,88,152,177,94,160,182,95,160,178,100,159,175,102,159,170,110,163,171,119,169,176,121,171,178,131,181,190,141,190,204,144,195,212,143,196,214,136,191,211,125,182,199,114,173,189,109,171,184,104,168,180,98,164,178,97,164,180,102,170,191,110,180,205,119,188,219,124,192,227,132,197,237,136,200,244,139,201,248,137,199,248,133,193,243,127,185,233,118,175,220,111,169,207,105,162,192,99,156,183,93,151,175,92,150,174,93,150,180,92,148,183,84,142,182,78,135,180,71,129,177,70,128,176,65,121,172,56,109,159,43,95,145,34,84,133,33,80,126,34,79,121,36,79,121,37,79,117,37,77,113,34,74,109,34,72,109,35,73,110,36,74,113
111,177,199,124,191,210,137,204,223,144,209,229,145,210,228,146,211,229,146,212,228,144,210,226,146,212,228,140,206,222,128,195,212,114,183,199,108,180,195,110,182,197,109,182,199,107,180,195,108,184,197,111,187,200,109,185,198,110,184,197,121,193,207,136,203,219,147,210,227,154,213,231,156,213,232,162,219,238,164,221,238,162,220,232,157,214,223,163,213,222,102,145,152,30,63,70,32,50,60,52,62,72,53,63,73,51,61,71,46,59,68,44,57,66,46,60,69,45,59,68,47,61,70,47,61,72,48,62,73,49,63,74,51,63,75,51,63,75,52,64,78,52,64,76,50,60,70,48,58,68,48,58,68,53,63,73,55,65,77,54,64,76,53,63,75,54,64,76,56,66,78,55,65,77,54,64,76,53,63,75,52,62,74,51,61,73,50,59,74,50,59,74,50,59,74,49,59,71,48,56,67,47,56,65,46,55,62,46,55,60,45,54,59,44,55,59,41,54,60,41,54,60,43,56,64,44,54,63,43,50,60,47,51,60,51,51,61,55,46,47,57,31,16,114,70,25,207,146,57,244,167,49,253,169,35,254,166,40,251,169,69,180,116,44,82,50,3,59,47,25,51,51,53,49,56,74,40,52,76,39,52,71,46,55,64,54,50,47,60,34,21,114,67,25,211,141,55,245,164,47,245,157,31,231,151,40,172,112,42,89,46,11,60,38,25,58,33,26,105,57,35,185,122,87,216,149,106,144,85,45,64,26,3,64,35,19,74,46,25,67,39,27,58,35,41,61,45,56,46,39,46,43,44,48,40,48,51,41,52,58,39,52,61,42,54,66,47,57,69,50,58,71,51,58,76,53,58,77,56,61,80,58,63,82,56,63,82,57,66,83,59,69,81,61,71,81,60,73,82,61,74,83,61,73,87,61,73,87,59,71,83,65,78,86,68,82,85,63,77,80,59,72,78,63,75,87,73,84,104,79,94,115,79,102,116,77,103,116,82,105,121,79,104,124,70,100,126,84,123,154,106,156,193,99,158,202,66,129,180,52,117,171,45,106,163,47,106,164,54,108,168,53,108,165,47,104,159,47,100,152,51,94,147,51,91,142,49,90,136,49,91,133,49,93,132,54,103,136,64,117,148,75,132,161,84,146,171,95,159,184,101,168,187,102,168,184,106,168,183,113,173,183,124,181,190,136,191,198,140,194,204,146,200,212,150,203,217,145,201,216,139,195,212,129,186,203,117,175,189,106,165,179,100,160,171,95,157,168,92,156,168,92,158,172,98,165,184,106,173,199,112,181,212,117,185,220,126,191,231,131,195,239,137,199,248,137,199,248,134,194,246,129,187,235,122,179,222,117,173,210,106,163,193,101,157,182,95,151,174,93,151,175,94,151,181,93,151,188,88,147,189,84,142,190,76,136,186,74,134,186,70,127,180,59,115,166,46,99,151,35,87,135,32,83,128,34,83,126,39,84,125,39,84,123,38,80,118,34,77,112,34,74,110,35,74,113,35,74,113
104,172,183,114,182,191,127,194,203,137,201,211,145,207,218,151,213,224,154,214,225,151,211,222,148,210,221,131,195,205,118,184,196,115,183,194,108,180,192,105,179,190,107,183,196,111,189,201,108,188,197,106,184,194,108,180,192,111,181,193,117,185,198,126,194,207,137,205,218,147,211,223,160,218,232,166,222,235,168,225,236,159,216,225,148,203,210,148,198,205,94,137,144,31,64,73,35,53,65,48,60,72,46,59,68,46,59,68,47,60,69,46,59,68,47,60,68,45,58,66,46,59,67,47,60,69,49,62,71,49,62,71,49,62,71,49,62,71,49,61,73,50,62,74,48,58,68,47,57,66,48,58,68,51,61,71,53,63,75,52,62,74,52,61,76,52,61,76,53,60,76,53,60,76,53,61,74,53,61,74,52,60,73,51,59,70,51,59,72,50,58,69,47,57,67,47,57,66,48,57,66,48,57,66,48,55,65,47,54,64,46,53,63,45,54,63,45,54,63,44,54,63,44,55,61,45,54,61,46,53,61,47,52,58,50,50,58,55,49,49,55,37,25,82,48,11,175,123,50,248,179,76,252,169,41,255,168,35,255,170,53,210,140,45,120,76,15,64,41,10,49,44,41,46,52,66,38,51,67,49,63,72,48,60,56,44,45,27,61,38,7,128,84,23,220,158,49,242,165,33,236,151,22,226,147,46,150,88,37,74,31,12,55,30,25,74,49,42,158,114,87,213,159,121,176,118,81,102,55,27,59,37,26,50,40,41,49,43,47,49,43,53,48,44,58,48,46,60,45,47,59,42,49,57,39,49,58,35,50,57,33,50,60,35,52,62,41,55,66,48,58,70,53,59,73,58,60,73,62,60,73,62,61,75,57,67,79,54,68,79,55,69,78,56,71,78,57,72,79,58,73,80,59,73,82,59,73,84,59,73,84,59,73,86,62,76,89,65,79,92,62,75,91,58,71,87,65,78,97,77,90,109,87,100,119,88,103,122,91,108,126,83,106,124,72,100,121,76,111,133,102,144,169,127,173,206,133,185,224,114,167,211,78,132,178,51,107,154,48,106,152,43,104,148,37,100,141,43,102,142,49,98,139,50,95,136,48,93,134,48,96,134,54,104,139,62,115,147,72,129,158,78,138,164,93,155,178,100,165,185,108,175,192,112,179,195,115,181,195,123,189,201,139,203,213,151,213,224,153,212,226,151,210,226,152,211,229,151,210,228,147,204,221,139,197,211,125,181,194,107,164,175,98,152,162,91,145,155,92,149,160,89,148,162,90,151,170,100,164,191,107,173,205,113,178,216,122,187,229,126,190,236,131,194,245,134,196,247,132,192,246,126,184,234,118,175,220,115,171,208,106,159,190,94,148,174,92,146,170,93,149,174,99,155,188,98,158,195,88,149,194,86,148,199,84,144,198,80,140,194,73,133,187,63,120,173,49,105,156,39,92,142,34,86,133,35,88,132,38,87,130,36,85,126,36,81,122,34,79,118,34,78,115,34,78,115,36,78,116
100,169,176,100,169,174,109,174,180,119,184,190,133,193,201,139,199,207,141,200,208,141,200,208,128,188,198,115,178,187,110,174,184,108,176,185,103,176,185,100,177,185,102,180,190,103,183,192,100,180,189,102,180,190,108,178,190,107,173,187,105,173,186,110,178,191,121,191,203,132,198,210,141,201,212,142,199,210,142,196,206,133,188,195,127,182,189,136,186,193,88,131,138,28,61,70,35,53,65,48,60,72,46,59,68,46,59,68,47,60,69,45,58,67,47,60,68,45,58,66,45,58,66,46,59,67,48,61,70,49,62,71,49,62,71,49,62,71,49,61,73,49,62,71,48,58,68,47,57,66,48,58,68,51,61,71,53,63,75,52,62,74,51,60,75,51,60,75,52,59,75,52,59,75,52,60,73,52,60,73,52,60,71,51,59,70,51,59,70,50,59,68,47,57,66,47,58,64,48,57,66,47,56,65,47,54,64,46,53,63,45,51,63,45,51,63,44,53,62,44,53,62,44,53,60,45,54,61,47,52,58,48,51,58,49,50,55,52,48,49,55,42,34,68,42,15,139,94,39,216,154,69,243,163,48,244,157,26,244,160,28,231,155,43,173,114,36,89,47,5,53,33,26,63,57,69,45,47,60,34,43,50,48,60,50,54,54,26,71,44,1,156,108,32,225,160,40,233,157,22,234,151,31,205,129,43,122,66,31,70,31,24,61,37,35,109,87,76,178,143,115,185,141,106,126,79,53,74,37,19,53,42,38,50,50,58,42,44,59,41,44,61,42,45,60,41,47,59,41,50,59,40,51,57,39,52,60,40,53,61,36,50,59,38,51,60,42,52,62,45,53,64,49,55,67,55,57,69,59,59,69,58,61,70,57,65,78,54,66,78,55,68,77,56,69,77,58,71,79,59,72,80,59,72,81,59,72,81,60,72,86,57,70,86,61,72,92,64,77,96,63,76,95,58,71,90,61,74,91,69,80,98,87,93,115,93,99,121,91,102,122,86,105,122,80,106,121,72,105,122,84,122,141,112,154,178,132,177,208,135,183,219,133,185,224,115,170,209,81,141,178,50,114,149,33,102,133,31,96,126,41,95,129,47,97,132,48,98,131,47,100,132,56,111,142,72,129,158,84,144,170,89,151,174,94,159,179,102,169,188,110,177,194,112,181,196,116,183,199,123,193,205,135,203,216,142,210,223,147,210,227,149,210,229,151,212,231,151,212,230,151,210,228,145,203,217,128,185,196,108,163,170,92,145,153,82,135,143,78,132,142,73,129,142,78,136,156,92,153,181,101,165,200,109,174,212,119,184,226,124,188,234,130,193,244,131,194,247,129,189,243,124,182,232,115,172,217,110,164,202,104,157,188,93,144,171,88,142,166,89,145,170,95,151,184,97,156,198,89,151,200,88,151,204,90,151,206,88,147,203,81,140,196,68,128,182,53,110,163,38,94,143,33,87,134,33,87,131,36,89,131,36,88,128,38,87,127,39,87,125,38,86,124,38,86,122,40,86,122
99,167,176,97,166,173,103,167,176,114,178,187,124,184,194,123,183,193,120,178,189,119,177,188,112,172,183,105,167,178,106,170,180,107,175,184,106,176,186,105,179,188,105,182,192,102,182,191,94,174,183,98,175,185,105,175,187,106,172,186,105,172,188,109,177,190,118,188,200,128,194,206,131,190,204,128,184,197,121,178,189,113,170,177,113,170,177,127,180,186,85,128,135,27,60,69,35,53,65,48,60,72,46,59,68,45,58,67,47,60,69,45,58,67,47,60,68,44,57,65,44,57,65,45,58,66,46,59,68,48,61,70,49,62,71,49,62,71,49,61,73,49,62,71,49,59,69,47,57,66,48,58,68,51,61,71,52,62,74,51,61,73,50,59,74,50,59,74,51,58,74,51,58,74,51,59,72,51,59,72,51,59,70,50,58,69,50,58,69,49,58,67,46,56,65,46,57,63,47,56,63,46,55,62,46,53,63,45,52,62,44,51,61,43,50,60,42,51,60,43,52,61,44,53,60,44,53,60,47,52,58,47,50,57,47,48,53,50,45,49,56,46,44,54,33,16,90,52,15,163,110,44,223,151,51,234,151,29,237,151,16,250,166,41,226,152,57,139,77,20,69,21,7,65,33,46,62,45,64,51,48,59,51,58,50,44,39,9,98,61,6,197,137,51,238,164,43,232,150,24,228,146,44,172,103,34,90,44,21,64,36,35,56,41,36,103,89,78,144,118,95,124,90,65,80,44,32,61,33,29,55,47,45,49,48,53,49,47,58,49,47,58,44,47,54,40,48,51,37,48,50,38,50,50,38,49,51,40,50,52,39,46,52,42,46,55,45,47,59,48,52,64,50,56,68,52,62,71,52,65,73,52,65,73,57,64,80,59,65,81,60,66,82,61,67,81,62,68,82,62,70,81,63,71,84,62,71,86,63,71,90,59,70,90,63,71,92,66,77,99,67,78,98,64,75,95,62,73,91,66,74,93,79,80,101,87,88,109,87,94,113,88,101,118,74,97,113,44,76,91,49,86,104,89,131,153,109,156,182,105,156,187,119,173,207,132,191,225,125,188,221,108,175,204,78,150,175,47,117,143,32,92,120,33,88,118,42,97,127,60,117,146,69,129,157,71,133,158,80,142,167,90,155,177,94,161,180,102,170,189,109,177,196,107,179,194,111,180,196,119,191,205,131,200,215,138,205,221,139,202,219,140,201,219,142,203,222,143,204,222,146,205,223,145,203,217,125,182,193,100,155,162,79,132,140,64,117,125,54,108,118,47,105,119,56,117,138,76,140,167,91,157,191,102,170,209,115,182,225,123,189,237,131,194,245,129,192,245,127,187,239,122,180,228,112,169,212,103,157,193,98,151,182,89,140,167,86,140,164,89,145,172,97,153,188,101,160,204,95,157,208,96,158,215,97,159,216,96,157,214,90,149,205,75,135,189,56,113,166,39,95,144,33,87,133,33,87,131,35,88,130,37,89,129,39,91,130,42,92,129,42,92,129,42,92,129,40,90,127
107,175,186,113,181,190,123,190,199,132,196,205,131,193,204,125,185,195,118,176,187,113,173,183,106,166,177,102,164,175,104,168,178,105,173,182,105,175,185,105,179,188,105,182,192,101,179,189,99,177,187,99,176,186,107,175,188,115,181,195,124,191,207,132,199,215,135,204,219,138,204,218,139,198,214,135,191,206,127,184,195,119,176,185,117,174,181,130,183,187,87,130,136,29,62,69,34,52,62,48,60,72,45,58,67,45,58,67,47,60,69,45,58,67,46,59,67,44,57,65,44,57,65,44,57,65,46,59,68,48,61,70,49,62,71,50,63,72,49,61,73,49,61,73,48,58,68,47,57,66,48,58,68,50,60,70,51,61,73,50,60,72,49,58,73,50,59,74,51,58,74,51,59,72,50,58,71,50,58,71,49,57,68,48,56,67,48,56,67,47,56,65,44,55,61,44,55,61,45,54,61,44,53,60,44,51,61,44,51,61,43,50,60,42,49,59,42,51,60,42,51,60,43,52,59,43,52,59,45,50,56,45,48,55,47,48,53,47,46,51,54,52,53,48,38,29,63,35,14,125,78,34,206,139,61,239,161,53,245,158,25,252,164,28,245,160,44,202,125,43,122,56,21,79,24,17,73,34,37,62,36,35,52,39,20,66,45,2,152,102,33,237,164,70,255,174,60,242,158,46,213,138,55,136,78,30,69,35,25,57,40,46,49,41,38,65,58,48,76,59,43,68,46,33,61,40,39,62,46,49,54,50,51,43,44,48,50,50,58,47,50,57,45,50,54,41,49,51,39,49,50,39,49,48,40,48,50,43,47,50,48,48,56,48,48,58,50,50,62,52,56,68,53,63,75,51,68,78,47,70,76,47,67,76,56,65,82,59,64,83,61,66,85,62,68,84,63,69,85,62,69,85,62,71,86,63,72,89,62,73,91,61,72,90,63,74,92,67,78,96,69,81,97,67,79,93,65,77,89,68,76,89,75,73,94,83,81,102,81,86,105,73,86,102,55,78,92,36,68,83,42,79,97,66,109,128,86,132,155,79,129,156,85,138,169,100,157,186,112,173,202,121,187,213,123,191,214,115,183,206,91,151,175,64,122,146,48,106,130,59,119,143,76,138,161,81,146,168,88,153,175,96,163,182,97,165,184,103,174,192,108,179,197,106,177,195,108,179,197,119,191,206,132,203,221,142,211,227,144,207,224,143,204,222,142,203,222,141,202,220,147,206,222,147,206,220,127,185,196,97,154,163,70,125,132,52,107,114,35,92,103,30,88,102,45,106,127,70,134,162,88,154,189,103,170,212,117,184,229,126,192,242,134,197,250,131,194,247,128,188,240,124,182,230,111,168,211,99,153,189,87,140,171,82,133,160,84,138,164,92,147,177,102,158,195,107,165,211,102,163,218,104,166,225,103,165,224,101,163,222,94,155,212,78,138,192,57,114,167,38,96,144,31,88,133,34,89,130,36,89,129,38,92,130,40,94,130,42,96,132,42,96,132,40,94,130,39,93,129
120,188,201,130,198,209,141,207,219,145,209,219,145,207,220,141,203,214,135,195,206,125,185,196,111,171,182,105,167,178,105,169,181,103,171,182,103,173,185,104,178,189,105,182,192,102,180,190,102,180,190,104,181,191,115,182,198,127,193,209,138,205,222,146,213,230,145,214,230,144,210,226,145,204,222,143,199,216,137,193,206,128,185,194,121,178,185,129,182,186,84,129,134,28,61,68,34,52,62,49,59,71,47,57,67,47,57,67,48,58,68,46,56,66,48,58,67,45,55,64,46,56,65,47,57,66,48,58,68,50,60,70,52,62,72,53,63,73,52,62,74,50,60,72,46,56,66,46,56,66,47,57,67,49,59,69,51,61,73,50,60,72,50,58,71,51,59,72,51,59,72,50,58,71,50,58,71,49,57,68,48,56,67,46,54,65,45,54,63,44,53,62,42,53,59,42,53,59,43,52,59,44,51,59,45,49,58,45,49,58,42,49,59,42,49,59,43,52,59,42,51,58,42,51,58,41,50,57,43,48,54,44,47,54,47,47,55,47,48,53,40,48,51,45,45,45,55,36,32,94,52,30,167,104,53,230,150,65,249,159,36,244,151,11,250,158,23,246,159,44,206,127,50,144,72,22,101,38,3,72,19,0,75,31,0,129,79,16,212,142,56,255,171,72,255,174,71,245,160,69,185,116,59,105,59,33,62,42,43,49,46,55,45,47,46,46,47,41,49,42,36,51,41,40,54,46,57,51,47,61,47,48,53,47,52,56,39,52,60,39,54,61,41,54,60,45,54,59,49,54,58,53,54,58,55,54,60,56,53,60,59,57,68,57,57,69,53,56,71,51,61,73,49,65,78,47,69,80,43,70,79,44,68,80,52,68,84,57,68,88,59,70,90,60,71,89,61,73,89,60,74,87,61,75,88,60,76,89,63,76,92,63,77,90,65,79,92,68,80,92,69,82,90,69,83,86,71,82,84,72,82,84,76,78,91,75,78,93,68,78,90,51,69,81,43,71,83,58,92,104,66,105,120,53,96,112,69,114,133,76,122,145,77,124,150,79,129,154,88,142,168,100,156,179,114,172,194,128,189,210,129,190,211,115,177,198,95,157,178,78,143,163,78,143,163,88,155,174,97,164,183,99,167,186,101,169,188,107,178,196,113,184,202,113,186,203,114,187,204,124,197,214,140,211,231,152,220,239,156,219,236,155,217,232,152,213,231,148,209,227,151,210,226,148,207,221,125,183,195,93,150,159,71,126,133,52,107,114,32,89,100,27,86,102,47,109,132,73,138,168,89,157,194,107,176,218,120,186,234,129,195,245,137,200,253,134,197,250,131,191,243,126,184,230,111,169,209,98,152,186,80,134,162,77,128,155,84,135,162,92,145,177,103,158,199,109,167,215,107,166,224,109,171,232,108,170,231,105,167,228,96,157,214,78,137,193,56,113,166,37,95,143,32,89,132,35,93,133,38,94,131,40,96,131,43,99,134,43,102,136,43,102,136,42,102,136,41,101,137
128,196,209,133,201,214,136,202,216,134,200,212,139,203,215,145,207,220,141,200,214,127,189,200,113,175,186,104,168,178,98,164,176,98,166,177,97,167,179,99,171,183,102,176,187,100,177,187,97,174,184,106,180,191,121,187,203,132,195,212,135,200,218,136,203,220,135,202,219,136,201,219,142,200,220,141,197,214,137,193,206,127,184,193,116,173,180,121,174,178,78,123,128,25,58,65,34,52,62,49,59,71,46,56,66,46,56,66,48,58,68,46,56,66,47,57,66,45,55,64,47,57,66,47,57,66,48,58,68,50,60,70,52,62,72,53,63,73,51,61,73,49,59,71,46,56,66,45,55,65,46,56,66,49,59,69,50,60,72,49,59,71,50,58,71,50,58,71,50,58,71,50,58,69,49,57,68,48,56,67,46,54,65,45,53,64,43,52,61,42,51,60,41,50,57,41,50,57,43,50,58,43,50,58,45,49,58,44,48,57,42,49,59,42,49,59,43,52,59,42,51,58,41,50,57,39,48,55,42,47,53,43,46,53,46,46,54,44,47,54,29,43,44,41,49,51,51,38,45,63,28,24,112,55,26,184,110,49,232,146,45,241,152,24,244,152,15,246,155,23,250,162,56,227,141,54,199,116,48,190,112,48,196,121,56,226,148,73,235,150,57,240,152,54,235,145,57,207,128,59,140,82,45,82,48,38,61,51,59,48,52,64,46,54,57,50,55,58,51,52,56,50,50,58,47,48,66,42,45,62,43,47,58,47,56,63,41,55,66,41,58,68,46,59,68,52,59,67,57,60,67,61,60,68,61,60,68,61,60,68,58,60,72,53,59,71,49,59,71,46,60,73,47,63,78,50,68,82,52,71,85,55,73,87,59,75,90,63,76,92,64,80,95,66,82,95,66,84,96,67,85,97,68,86,98,68,88,99,70,88,102,72,88,101,74,90,103,76,90,101,75,90,97,77,91,94,78,89,91,79,89,91,74,77,86,55,57,69,45,55,65,43,63,72,44,72,83,60,96,108,72,114,126,63,106,122,58,101,118,58,103,122,53,98,119,61,106,129,86,132,155,97,145,167,95,146,167,98,153,174,114,175,194,123,186,204,125,190,208,116,181,199,103,170,187,98,165,182,98,167,183,100,169,185,103,175,190,108,179,197,114,185,203,116,189,206,119,190,208,125,196,214,137,208,228,150,218,237,161,224,241,162,224,239,162,223,241,156,217,235,151,210,226,140,199,213,115,173,185,86,145,153,71,128,137,54,111,120,34,92,103,32,91,107,53,117,142,77,143,175,90,158,197,109,178,220,122,188,236,130,196,248,138,201,254,137,200,251,134,194,244,126,184,230,111,169,207,99,153,187,86,137,166,80,131,158,86,137,166,92,145,179,103,157,201,110,168,218,110,169,229,115,175,238,113,174,237,106,170,231,97,157,217,76,137,192,55,112,165,38,96,142,35,92,135,38,96,134,38,97,131,42,101,135,46,105,139,49,109,143,49,112,145,48,113,145,49,115,149
131,198,214,131,198,214,130,196,212,127,193,207,131,194,209,135,199,211,132,194,207,125,187,200,114,176,189,99,163,175,90,156,170,90,158,171,90,160,172,90,162,174,93,167,180,93,169,182,92,169,179,104,178,189,122,188,204,131,194,211,130,195,213,128,195,214,129,196,215,131,196,214,141,199,219,142,197,217,139,197,211,129,187,198,117,176,182,120,175,178,76,124,128,25,60,66,33,51,61,49,59,71,46,56,66,46,56,66,47,57,67,46,56,66,47,57,66,45,55,64,47,56,65,47,56,65,48,56,67,51,59,70,53,61,72,53,61,72,51,59,72,49,57,70,46,56,66,45,55,65,46,56,66,48,58,68,50,58,69,49,57,68,49,57,68,49,57,68,49,57,68,49,57,68,48,56,67,47,56,65,46,53,63,45,52,62,43,50,60,42,51,60,41,50,57,41,50,57,42,49,57,42,49,57,44,48,57,44,48,57,41,48,56,41,48,56,41,50,57,41,50,57,40,49,56,39,48,55,41,46,52,42,45,52,44,44,52,43,46,51,35,49,49,44,56,56,51,44,52,54,27,32,77,30,22,125,64,33,184,111,43,224,144,47,239,155,33,239,152,19,245,156,28,249,156,37,251,153,52,255,156,66,252,147,66,235,133,51,232,137,47,215,127,40,182,101,35,140,73,28,92,49,30,65,44,43,56,54,65,46,56,68,46,56,66,49,57,68,49,55,67,46,52,66,43,50,68,43,50,66,44,52,63,44,52,63,48,57,74,50,57,75,52,58,74,55,59,71,57,59,71,56,59,68,54,58,67,50,59,66,44,57,65,43,57,66,42,59,69,46,60,73,53,62,79,60,65,84,67,70,87,71,74,89,70,80,89,71,86,91,73,91,95,75,94,98,75,96,101,74,97,103,77,100,108,78,100,111,81,100,115,84,103,118,87,104,120,88,104,120,90,103,119,91,103,117,90,100,112,88,95,105,79,78,86,47,46,52,32,39,47,43,60,68,49,77,88,54,90,102,67,109,121,77,121,134,64,107,123,54,95,113,43,84,102,45,86,106,63,106,125,79,124,145,89,136,156,91,142,163,104,163,181,100,163,180,103,169,185,115,181,197,121,188,204,119,186,202,114,183,198,114,183,198,113,182,197,110,179,195,109,178,194,109,181,196,112,181,197,113,182,198,122,190,209,134,201,218,149,215,231,157,220,235,162,225,240,155,218,233,140,202,217,126,185,199,107,165,177,88,147,155,70,127,136,55,112,121,37,95,107,34,95,113,59,123,150,81,147,179,91,160,199,111,179,224,125,191,241,130,196,248,138,201,254,140,203,254,137,198,245,127,186,230,113,169,206,101,156,187,89,140,167,85,135,162,91,140,170,98,148,183,106,159,203,112,167,221,113,168,232,116,175,241,113,174,237,105,169,230,95,155,215,75,136,191,55,113,163,40,99,143,39,97,137,42,100,137,45,104,138,48,109,140,53,116,147,57,122,154,59,125,157,59,128,161,60,130,164
130,197,213,132,199,215,135,201,217,135,201,217,135,198,213,132,195,210,131,193,208,129,193,205,122,186,198,104,170,182,95,161,175,96,164,177,96,166,178,94,166,178,96,170,183,98,172,185,94,171,181,106,178,190,125,188,205,135,196,214,137,200,218,136,201,221,136,203,222,138,203,221,147,204,224,148,203,223,147,205,219,139,197,208,126,185,191,127,182,187,80,128,132,28,63,69,33,51,61,48,58,70,46,56,66,46,56,66,47,57,67,46,56,66,47,57,66,45,55,64,47,56,65,47,56,65,48,56,67,50,58,69,52,60,71,52,60,71,50,58,71,48,56,69,46,56,66,45,55,65,46,56,66,48,58,68,50,58,69,49,57,68,48,56,67,48,56,67,48,56,67,48,56,67,47,56,65,46,55,64,46,53,63,44,51,61,43,50,60,43,50,58,41,50,57,41,50,57,42,49,57,42,49,57,44,48,57,43,47,56,43,47,56,40,47,55,40,49,56,40,49,56,39,48,55,39,48,55,41,46,52,41,44,51,43,43,51,41,44,49,36,48,46,41,51,50,47,46,52,54,38,48,59,28,34,72,29,20,118,62,27,176,111,47,214,141,47,234,154,43,232,146,25,238,143,25,241,138,33,233,124,33,239,123,46,239,128,57,224,130,56,198,119,52,144,78,30,86,37,7,60,31,23,55,44,50,47,51,62,45,54,69,44,56,72,43,55,71,46,53,71,46,53,71,44,53,68,46,55,70,47,57,67,45,53,66,51,54,73,52,53,73,53,54,72,52,56,68,52,56,67,49,56,64,46,57,63,44,57,63,39,54,61,41,55,64,45,59,72,52,61,76,58,63,82,64,65,85,71,68,87,72,71,87,73,82,91,73,88,93,78,93,98,79,97,101,80,99,103,82,101,107,85,104,111,88,105,115,91,105,118,98,107,122,103,108,127,108,109,127,112,109,126,115,108,124,113,102,118,108,95,105,100,83,89,72,57,62,41,39,44,41,50,59,60,80,91,73,102,116,77,114,130,80,122,138,86,128,144,70,112,128,60,102,118,54,96,112,50,93,110,58,103,122,68,116,136,64,117,135,69,128,146,80,143,160,95,158,176,99,165,181,105,171,187,113,180,196,123,190,206,127,194,210,124,191,207,112,179,195,103,170,186,102,169,185,101,168,184,100,167,183,107,174,190,119,185,199,130,193,208,139,202,217,148,211,226,140,203,218,122,184,199,107,166,180,96,154,166,85,144,152,69,126,133,56,113,122,39,97,109,38,99,117,64,128,155,86,152,186,94,163,202,114,182,227,127,193,245,131,196,250,139,202,255,143,205,255,139,200,247,128,187,229,114,170,205,104,157,189,88,138,165,84,134,161,92,141,173,100,150,187,108,161,205,114,167,221,111,167,228,114,172,236,110,171,234,103,165,224,92,153,210,74,134,188,56,114,162,42,101,143,42,100,138,44,104,138,52,113,144,56,119,150,63,128,158,68,135,164,68,139,169,68,141,173,68,143,175
136,201,219,145,210,228,149,215,231,144,210,226,139,202,219,138,201,216,140,203,218,141,204,219,131,194,209,115,181,195,101,167,181,97,165,178,100,169,184,102,174,188,105,179,192,108,182,195,107,181,192,114,186,198,132,195,212,144,205,223,147,210,228,144,209,227,144,211,228,148,213,231,154,211,231,158,214,231,154,212,226,146,204,215,126,186,194,131,189,193,91,140,145,26,63,71,29,47,59,49,59,71,46,56,66,43,53,63,47,57,67,45,55,65,46,56,65,46,56,65,46,55,64,47,56,65,48,56,67,49,57,68,50,58,69,50,58,69,49,57,70,48,56,69,48,56,67,43,51,62,46,54,65,52,60,71,51,60,69,49,58,67,48,57,66,47,56,65,46,55,64,46,55,64,46,53,63,45,52,62,44,51,59,43,50,58,42,49,57,42,49,57,42,49,57,41,48,54,42,47,53,41,46,52,43,46,53,42,47,53,43,48,54,40,47,53,40,49,54,39,48,53,40,49,54,40,49,54,44,48,57,44,47,56,44,44,54,43,44,49,43,47,46,44,48,47,48,49,53,50,47,56,49,39,50,53,34,40,70,40,32,94,50,25,145,87,39,182,113,44,215,134,52,227,137,49,227,132,52,228,127,57,222,118,65,207,111,63,180,99,52,135,72,29,87,42,13,61,34,17,53,42,40,50,49,55,44,47,62,37,44,62,38,46,65,41,52,70,48,55,73,48,55,71,50,56,70,49,57,68,47,57,67,45,53,64,53,52,66,53,51,65,49,51,63,47,54,62,46,57,61,45,59,62,45,59,62,47,58,64,49,58,67,52,58,70,59,62,79,63,66,83,61,64,81,59,62,79,61,67,83,68,74,90,75,82,98,76,85,100,82,92,104,88,98,108,91,101,110,92,101,110,92,99,107,95,98,107,97,94,105,95,83,95,98,76,89,102,72,84,101,63,76,98,55,65,107,57,66,117,68,74,114,69,72,91,55,57,58,35,41,42,34,45,57,64,80,83,102,119,80,111,129,61,98,116,58,97,114,65,107,123,68,112,125,58,104,119,50,99,113,52,105,119,58,116,130,62,121,139,54,112,132,64,125,144,72,133,154,73,134,153,77,138,157,86,149,167,101,164,181,114,180,196,123,189,203,127,193,205,117,183,195,95,161,173,85,151,163,91,157,169,98,162,172,96,160,170,111,173,186,117,179,192,118,180,195,111,173,188,103,162,176,95,155,166,87,145,156,79,136,145,66,121,128,48,105,114,29,87,99,36,95,113,63,127,154,87,153,187,101,169,208,114,182,227,129,195,247,136,201,255,140,203,255,143,205,254,138,199,244,126,184,224,116,170,206,104,157,188,88,137,167,85,132,160,90,136,169,102,150,188,109,160,205,114,165,218,115,169,229,113,169,230,112,171,231,105,164,222,89,148,204,74,132,182,61,119,165,50,109,149,48,108,144,55,115,149,61,122,153,67,131,159,73,140,167,77,146,175,79,150,180,81,155,184,81,156,187
140,203,221,145,210,228,148,214,230,146,212,228,146,209,226,147,210,227,147,210,225,143,209,223,123,189,203,112,180,193,103,171,184,103,173,185,106,178,192,109,181,195,111,185,198,113,187,200,113,187,198,116,186,198,128,189,207,141,200,218,149,210,228,150,216,232,152,218,234,153,219,235,164,223,241,161,218,235,150,208,220,138,198,208,123,183,191,133,190,197,98,147,154,31,68,77,28,46,58,48,58,70,45,55,65,43,53,63,46,56,66,45,55,65,46,56,65,46,56,65,47,56,65,47,56,65,48,56,67,50,58,69,51,59,70,50,58,69,49,57,70,48,56,69,49,57,68,44,52,63,46,54,65,51,59,70,50,59,68,48,57,66,47,56,65,46,55,64,45,54,63,45,54,63,45,52,62,45,52,62,44,51,59,43,50,58,42,49,57,42,49,57,41,48,54,40,47,53,41,46,52,41,46,52,42,45,52,43,46,53,42,47,53,39,46,52,39,46,52,38,47,52,39,48,53,39,48,53,43,47,56,43,47,56,45,45,55,43,43,51,43,44,46,41,45,46,43,48,52,44,48,57,40,44,56,40,38,51,50,37,46,66,40,39,77,39,20,110,57,23,142,78,32,161,90,36,172,96,44,174,96,50,162,83,50,144,70,43,112,47,25,86,39,21,61,35,20,47,38,29,43,45,44,41,45,54,42,45,62,41,46,66,39,46,65,41,50,67,44,51,67,45,51,65,47,50,65,48,52,64,43,53,62,42,51,60,50,52,64,51,53,65,50,54,65,46,57,63,44,57,63,44,59,64,47,62,67,50,63,71,52,60,73,54,60,76,56,57,77,57,58,78,59,62,81,65,71,87,72,79,95,77,84,100,81,86,105,91,92,110,96,95,111,94,88,100,92,80,90,92,75,81,90,65,69,86,54,57,77,37,38,79,31,29,84,29,26,92,32,24,101,35,23,110,41,26,127,54,37,138,69,53,133,71,60,95,44,40,63,27,29,59,39,48,65,63,77,74,87,106,73,98,120,55,87,108,37,74,93,46,88,104,58,102,115,62,108,121,61,111,122,60,114,126,62,121,135,64,125,143,72,130,150,69,125,148,65,121,144,66,124,144,69,127,147,67,128,146,75,136,154,90,152,167,85,147,160,102,166,176,121,183,194,120,182,193,99,162,171,81,144,153,82,145,154,94,157,166,97,159,170,102,164,177,104,166,181,100,162,177,96,155,169,88,146,158,78,135,146,69,126,135,55,110,117,42,96,106,26,82,95,35,94,112,66,127,155,90,155,187,104,172,211,118,185,230,131,197,249,139,204,255,142,205,255,145,207,254,140,199,243,126,184,222,117,171,205,106,157,188,93,140,170,88,135,165,95,140,173,106,151,190,111,160,203,115,165,216,117,169,226,115,170,227,113,168,225,107,164,219,94,150,201,77,133,182,63,122,164,53,113,150,53,113,149,59,122,153,67,131,159,73,138,166,80,147,174,83,153,179,85,156,184,86,160,189,87,162,191
137,198,216,143,206,223,151,214,231,155,218,235,156,219,234,152,215,230,141,207,221,132,198,212,115,181,195,108,176,189,106,173,189,109,178,193,112,184,198,113,185,199,112,185,200,113,187,200,111,183,195,114,184,196,125,187,202,137,196,212,146,208,223,150,216,230,152,218,232,152,218,232,159,218,234,153,211,225,140,198,210,128,188,198,120,180,188,136,195,203,108,158,167,36,74,85,24,44,55,44,56,68,42,55,64,41,54,63,44,57,66,43,56,65,45,55,64,45,55,64,46,56,65,47,57,66,50,58,69,51,59,70,51,59,70,51,59,70,50,58,71,49,57,70,49,57,70,44,52,65,45,53,64,50,58,69,48,57,66,47,56,65,47,56,63,45,54,61,46,53,61,46,53,61,46,53,61,45,52,60,45,52,60,44,51,59,43,50,58,42,49,57,41,48,54,40,47,53,41,46,52,42,45,52,42,45,52,43,46,53,42,47,51,39,47,50,38,45,51,37,46,51,37,46,51,38,47,52,42,46,55,42,46,55,45,45,55,44,44,52,43,46,51,41,46,50,41,48,56,42,51,60,41,49,60,39,43,55,43,39,53,50,38,48,57,37,39,66,37,31,74,38,26,77,39,20,85,42,23,88,46,24,84,43,25,79,36,27,69,27,29,62,32,34,51,44,36,45,52,44,42,52,53,39,48,57,42,45,64,44,46,67,40,46,62,41,49,60,43,50,60,45,49,60,46,48,61,47,49,62,44,53,60,43,54,60,46,56,65,49,59,69,50,63,72,49,63,72,46,63,71,45,62,70,47,64,74,49,65,78,52,64,80,57,65,84,58,64,86,58,64,86,65,72,91,75,82,100,78,87,102,78,84,98,83,82,98,87,78,95,85,67,81,81,49,60,81,34,40,87,25,26,95,20,15,103,16,7,113,17,1,124,26,1,140,41,9,158,62,20,173,83,31,189,105,43,204,125,58,212,137,79,193,124,91,134,77,60,79,36,29,66,40,43,60,54,66,59,67,86,66,88,111,58,89,110,48,83,103,53,90,108,63,103,115,72,114,126,69,115,128,62,111,125,57,113,128,61,118,135,70,125,146,75,129,153,73,128,149,68,125,145,71,128,148,74,133,151,75,134,152,75,134,150,78,137,151,84,146,157,105,165,176,122,182,192,121,181,189,102,162,170,87,147,155,84,144,152,89,151,162,99,161,174,100,162,175,91,153,166,86,145,159,84,142,154,72,129,140,58,112,122,44,97,105,34,89,96,25,79,91,35,92,109,66,126,152,91,154,187,107,172,212,122,186,232,135,198,251,143,206,255,145,207,255,145,207,254,140,199,243,129,184,223,121,174,208,112,161,193,103,148,179,100,145,176,106,149,183,115,159,196,117,164,206,119,167,213,119,171,221,119,170,223,113,164,217,110,162,212,97,151,198,82,136,180,69,127,167,62,122,158,64,124,158,72,135,166,79,144,172,84,151,177,88,158,183,92,162,188,93,165,190,94,168,195,96,170,197
134,195,213,139,200,218,145,206,224,146,209,224,145,208,223,138,201,216,124,190,204,112,180,193,111,179,192,108,178,190,109,178,193,112,184,198,115,187,201,112,186,199,111,184,199,112,185,200,113,185,199,122,190,203,136,195,211,142,201,217,143,205,218,142,206,218,139,205,217,137,204,213,134,194,205,132,190,202,125,185,195,122,182,192,120,183,192,140,198,209,118,167,181,40,78,91,23,42,56,43,55,67,42,55,64,41,54,63,45,58,67,44,57,66,46,56,65,45,55,64,47,57,66,49,59,68,51,59,70,52,60,71,52,60,71,51,59,70,51,59,72,50,58,71,49,57,70,44,52,65,44,52,63,48,56,67,47,56,65,46,55,64,47,56,63,46,55,62,47,54,62,47,54,62,47,54,62,47,54,62,46,53,61,45,52,60,43,50,58,42,49,57,42,49,55,43,48,54,43,46,53,43,46,53,43,46,53,43,46,53,42,47,51,40,48,51,38,45,51,37,46,51,37,46,51,38,47,52,42,46,55,42,46,55,44,44,54,42,45,54,42,49,57,40,49,58,40,49,58,41,49,60,41,49,60,41,47,59,44,46,59,48,46,59,50,44,54,51,44,52,54,43,49,57,42,45,55,41,38,55,40,35,55,40,33,58,40,38,63,39,53,55,38,54,42,46,47,37,52,47,37,52,55,37,50,59,41,43,64,43,44,65,44,48,60,44,51,59,46,53,59,48,53,59,50,52,64,52,54,67,51,58,68,50,60,69,46,59,68,48,60,72,51,63,75,52,66,77,52,66,77,54,68,79,56,70,83,58,72,85,59,71,87,65,72,88,71,74,91,77,76,92,85,79,93,89,79,90,86,73,82,85,64,69,79,48,53,77,35,36,79,28,25,88,25,16,98,20,7,111,20,0,136,32,5,160,47,13,189,72,29,202,85,32,218,104,42,231,124,52,241,142,59,247,158,66,253,169,70,251,173,88,243,172,120,183,122,93,103,56,38,66,37,31,55,45,53,47,54,70,56,74,96,56,82,105,60,91,112,54,87,106,56,89,104,64,100,112,63,103,115,55,99,112,56,103,119,63,114,133,61,112,133,76,128,150,79,131,152,69,124,144,69,124,144,73,130,147,71,128,145,65,123,137,81,139,151,78,138,149,80,140,150,92,152,162,110,169,177,116,175,181,103,162,170,86,145,153,83,143,154,86,148,161,87,149,162,86,145,159,82,141,155,76,134,146,64,118,130,51,104,112,38,91,97,33,86,94,27,79,92,38,91,109,68,124,149,92,151,183,106,168,207,121,184,228,133,196,247,142,205,255,144,206,255,144,205,252,140,197,240,131,186,225,128,181,215,121,170,202,116,161,192,113,157,186,118,161,193,126,169,204,128,173,212,128,175,217,124,175,218,120,171,216,116,164,210,113,161,207,101,152,195,87,140,180,80,136,173,75,134,168,78,139,170,83,148,176,91,156,184,95,162,188,98,168,193,101,171,196,102,172,197,103,175,199,104,176,200
141,200,216,137,199,214,132,194,209,125,187,202,119,182,197,115,179,191,111,177,189,108,176,187,114,182,195,113,183,195,113,185,199,116,190,203,116,189,204,112,185,200,113,186,201,115,188,203,128,200,214,137,205,218,147,206,222,149,207,221,146,206,217,138,202,211,128,195,203,121,188,196,117,177,187,118,176,187,118,178,188,122,182,192,124,187,196,141,201,212,123,175,189,44,83,98,21,43,56,42,56,67,41,55,64,41,55,64,45,59,68,43,57,66,45,58,66,44,57,65,48,58,67,49,59,68,51,61,71,52,62,72,52,60,71,52,60,71,51,59,72,51,59,72,48,56,69,43,51,64,44,52,63,48,56,67,47,56,65,46,55,64,48,55,63,48,55,63,47,54,60,47,54,60,47,54,60,47,54,60,45,52,58,44,51,57,42,49,57,41,48,56,44,49,55,43,48,54,43,46,53,43,46,53,45,46,51,43,46,51,42,47,51,40,48,51,40,48,51,38,48,50,38,47,52,38,47,52,42,46,55,42,46,55,45,45,57,41,45,56,38,48,58,36,48,60,40,48,61,42,48,62,45,47,60,44,46,58,46,49,58,48,51,58,39,46,52,40,49,56,44,53,60,47,56,61,48,53,57,45,49,50,47,49,44,51,49,50,54,45,62,47,43,60,37,44,50,33,49,49,37,52,57,41,54,63,45,52,70,49,52,71,48,52,63,49,54,60,50,58,60,52,60,63,56,60,69,56,60,72,55,61,73,57,63,77,53,60,78,53,60,79,55,62,80,58,65,83,62,69,85,66,74,87,70,78,91,71,79,90,79,83,94,78,77,85,80,71,76,84,64,66,88,54,53,89,41,39,91,33,29,101,28,19,109,21,1,119,21,0,131,33,0,153,52,10,170,66,15,183,78,20,206,98,33,227,119,46,241,134,54,246,142,57,251,150,58,253,155,58,252,160,57,254,166,58,254,170,58,249,169,70,248,175,107,216,153,109,135,88,58,78,49,33,67,58,59,62,68,80,58,75,95,55,79,103,50,76,99,40,67,86,39,67,81,49,77,91,53,85,98,53,86,101,60,97,115,70,113,132,66,113,133,70,121,140,76,127,146,80,133,151,85,138,156,81,137,152,79,135,150,80,138,150,70,128,140,77,135,147,80,138,149,79,137,148,84,142,153,97,156,164,107,165,176,110,168,179,84,144,155,70,130,141,63,122,136,67,126,140,69,127,139,59,116,127,49,103,113,45,98,106,41,91,98,39,89,96,34,84,95,43,94,111,69,123,147,92,149,179,106,166,203,119,180,225,132,194,245,141,203,254,142,202,252,140,201,246,138,195,238,134,187,227,135,185,220,130,176,209,121,164,196,120,161,191,125,166,196,136,177,209,139,183,218,141,187,223,133,183,220,125,174,214,122,170,210,120,165,206,107,155,193,94,146,183,90,144,180,87,146,178,88,149,180,90,155,183,97,162,190,101,168,195,105,175,200,107,177,202,108,178,203,112,180,203,113,181,204
143,202,218,140,199,215,132,191,207,120,182,197,111,175,187,106,172,184,109,175,187,111,179,190,112,182,194,111,183,195,112,186,199,115,189,202,113,186,201,112,185,200,114,190,204,122,195,210,138,210,224,142,208,222,146,205,221,146,204,216,147,207,217,144,209,215,132,199,205,120,188,191,118,179,184,117,176,184,118,178,186,121,184,193,122,186,196,136,195,209,126,177,194,49,88,105,21,43,56,43,57,68,42,56,65,41,55,64,45,59,68,44,58,67,45,58,66,44,57,65,48,58,67,50,60,69,52,62,72,53,63,73,52,60,71,51,59,70,51,59,72,52,60,73,48,56,69,42,50,63,44,52,63,48,56,67,47,56,65,46,55,62,48,55,63,48,55,63,46,53,59,46,53,59,45,52,58,45,52,58,44,51,57,43,50,56,42,49,57,41,48,56,45,50,56,44,49,55,43,46,53,43,46,53,45,46,51,43,46,51,43,46,51,42,47,51,42,50,53,40,50,52,40,49,54,40,49,54,43,47,56,43,47,56,46,46,58,44,46,58,38,46,59,40,50,62,44,50,64,47,50,65,47,49,62,46,48,60,45,49,58,44,51,57,47,58,64,38,53,58,32,49,56,34,49,56,36,49,57,37,48,54,39,48,53,44,49,55,47,46,62,46,47,65,43,52,61,41,54,60,41,56,63,43,57,66,48,57,72,51,59,72,52,56,67,53,58,64,54,62,64,56,66,67,57,66,71,56,65,74,60,63,80,61,64,83,59,64,84,62,67,87,69,70,90,75,74,92,79,75,90,80,72,87,80,66,79,81,61,70,81,56,60,81,47,46,82,37,31,89,31,19,97,24,7,109,23,0,126,31,3,147,40,4,176,58,12,194,71,14,207,87,24,218,101,31,228,115,35,240,130,43,251,144,50,253,151,51,253,154,52,255,160,54,255,164,58,255,168,58,255,169,59,255,172,59,255,173,60,255,173,71,250,172,97,239,172,117,172,120,81,94,62,39,74,63,59,78,82,93,70,85,104,70,92,115,62,87,109,53,78,98,52,75,91,54,80,93,55,83,95,50,82,95,50,85,104,53,94,112,64,110,126,68,117,132,69,121,135,75,127,141,82,135,149,83,136,150,74,130,143,69,125,138,70,128,140,77,135,147,83,141,153,82,140,151,77,135,147,80,138,149,94,152,164,108,166,178,104,164,175,89,149,160,66,125,139,47,106,120,45,101,114,50,104,116,48,100,111,42,92,99,47,96,103,48,97,104,44,92,104,52,101,118,75,127,151,94,149,180,108,166,204,122,181,225,133,193,243,140,202,253,139,199,249,139,197,243,138,192,236,135,188,228,136,186,221,131,177,210,116,159,191,116,157,187,125,164,195,138,179,209,146,189,221,149,194,227,141,190,222,131,180,213,132,176,211,128,172,207,114,160,194,100,150,183,95,150,181,92,151,181,91,152,181,90,155,183,96,163,190,102,169,196,106,176,201,111,179,202,112,180,203,114,180,202,114,180,202
141,199,213,141,200,214,139,198,212,131,193,206,121,185,197,111,177,189,108,174,186,107,175,186,107,177,189,106,178,190,108,182,195,110,184,197,107,183,197,108,184,198,116,192,208,128,201,216,136,208,222,140,206,220,143,202,218,143,201,213,148,208,218,150,215,221,142,210,211,131,199,200,123,184,187,116,175,181,113,173,181,115,178,187,116,180,190,128,187,201,127,178,197,53,91,110,21,44,58,41,58,68,40,57,65,39,56,64,45,59,68,44,58,67,44,59,66,43,58,65,46,59,67,48,61,69,52,62,72,53,63,73,51,61,71,50,60,70,50,60,72,51,61,73,48,56,69,43,51,64,44,52,63,48,56,67,47,56,65,46,55,62,48,55,63,47,54,60,45,52,58,45,52,58,45,52,58,45,52,58,44,51,57,44,51,57,46,51,57,46,51,57,46,51,57,45,50,56,45,48,53,45,48,53,47,48,53,45,48,53,45,49,52,43,48,51,43,51,54,42,50,53,41,50,55,41,50,55,45,49,58,45,49,58,48,48,60,48,48,60,46,48,60,47,51,62,49,53,65,50,54,66,47,53,67,46,52,64,43,52,61,43,52,61,43,54,60,41,52,56,42,51,56,44,53,60,48,54,66,49,55,69,46,51,70,44,50,66,42,48,60,46,53,63,51,54,69,48,55,71,43,55,67,41,55,64,42,56,65,47,57,67,54,60,72,57,61,72,56,66,68,59,71,69,57,73,70,57,70,76,64,66,87,68,68,94,65,70,90,69,72,89,74,72,86,79,68,82,83,61,74,87,51,63,91,41,52,98,33,39,99,19,20,113,20,13,130,24,8,146,33,3,163,44,2,185,61,9,206,80,19,220,96,26,234,112,35,243,124,40,249,134,45,248,135,39,247,139,38,253,148,39,254,154,42,251,154,41,252,158,44,251,161,47,255,165,55,255,169,61,255,170,65,254,169,63,253,167,64,252,168,72,255,173,93,252,176,114,202,144,98,112,72,46,67,48,42,72,71,79,67,78,98,68,88,112,76,98,121,70,96,113,68,94,107,67,95,106,65,95,105,58,92,102,50,89,104,46,90,103,43,91,103,51,101,112,52,104,115,57,109,120,72,126,138,88,142,154,89,146,157,86,144,155,78,136,148,76,134,146,76,136,147,82,142,153,82,141,155,77,137,148,77,136,150,81,141,152,99,159,170,105,165,176,93,152,166,63,122,136,45,101,114,47,101,113,50,102,113,48,98,105,54,101,109,57,104,112,56,103,113,63,110,126,83,133,156,99,152,183,112,168,205,124,181,226,131,191,241,139,199,251,140,198,248,138,196,242,138,192,236,136,188,228,136,184,222,129,173,208,114,154,189,116,155,186,127,163,195,139,178,207,148,189,219,150,195,224,145,192,220,136,183,211,136,179,211,135,176,208,120,165,198,105,154,186,98,151,182,94,151,181,87,151,179,88,153,181,93,160,187,97,167,193,106,173,199,108,176,199,109,175,199,110,175,197,110,172,193
139,197,211,141,200,214,142,201,215,136,198,211,125,189,201,112,178,190,104,172,185,100,170,182,102,174,186,102,176,187,104,180,193,106,182,195,105,181,194,107,183,196,120,193,208,133,205,220,138,205,221,145,208,223,149,208,222,147,205,217,148,208,218,151,214,221,147,212,216,140,205,209,122,183,188,109,169,177,102,166,175,107,171,181,109,173,185,122,181,195,127,178,197,55,94,111,22,44,57,43,57,68,41,55,64,40,54,63,44,58,67,43,57,66,45,58,66,44,57,65,46,59,67,48,61,69,53,63,73,53,63,73,51,61,71,50,60,70,50,60,72,51,61,73,48,58,68,43,53,63,45,53,64,49,58,67,48,57,66,46,55,62,47,54,62,46,53,61,46,53,61,46,53,61,46,53,61,46,53,61,46,53,61,46,53,61,49,53,62,49,53,62,50,53,62,51,51,61,50,50,60,49,49,57,49,49,57,47,50,55,46,51,55,44,52,55,42,52,54,41,52,56,40,51,55,41,52,58,44,51,59,47,51,60,48,51,60,50,50,62,50,50,62,48,50,62,48,52,64,46,52,64,45,53,64,44,54,64,43,53,62,40,53,59,38,52,55,41,52,54,43,53,55,43,52,57,43,51,62,44,51,67,44,50,72,45,52,71,47,55,66,50,56,68,53,56,73,53,56,75,50,59,74,50,62,74,52,66,75,54,67,76,57,62,81,59,62,79,60,67,77,63,72,77,65,75,76,68,73,79,75,70,90,84,70,93,86,68,82,86,63,71,82,53,58,78,39,40,80,29,26,91,24,18,107,23,13,124,24,9,152,38,14,177,50,17,202,67,22,219,80,23,233,92,21,245,106,25,255,115,27,254,121,26,253,131,32,252,136,35,255,143,37,255,149,41,255,154,39,255,155,37,255,159,40,255,163,43,255,165,48,255,165,51,254,166,56,255,169,63,255,170,67,254,168,67,255,170,71,255,172,79,255,172,89,253,176,106,230,164,112,141,92,59,74,45,37,69,59,67,58,66,85,52,72,96,57,79,100,56,83,100,61,89,101,65,95,105,70,103,112,72,108,120,70,112,124,66,112,125,61,109,119,52,102,111,41,91,100,37,90,98,41,93,104,46,100,110,59,116,127,77,134,145,83,139,152,84,142,154,88,146,160,90,148,162,88,146,160,83,141,155,81,139,153,81,139,153,64,124,135,84,144,155,106,165,179,103,162,176,71,129,141,41,98,109,43,95,106,62,112,119,58,105,111,65,110,116,65,109,118,71,117,132,90,138,160,104,155,184,116,168,205,127,181,225,132,188,235,139,197,245,138,196,244,138,194,241,138,192,236,135,188,228,135,183,219,126,171,204,116,155,186,120,157,186,131,167,193,143,179,205,150,187,213,151,193,217,146,190,215,138,182,207,138,177,206,136,177,205,123,167,196,108,155,183,99,150,177,93,149,176,89,149,175,88,152,177,92,158,180,98,164,186,104,171,190,106,173,190,104,171,188,103,168,186,100,165,183
136,195,211,139,198,214,143,202,218,139,201,216,125,188,203,106,174,187,98,167,182,96,170,183,94,170,183,97,175,187,102,180,190,105,183,193,106,183,193,112,186,197,124,196,208,138,206,219,144,206,221,152,211,227,152,211,225,147,206,220,147,207,218,152,212,222,151,209,221,143,201,213,121,180,194,112,176,188,104,172,185,104,172,185,108,174,186,123,185,198,127,179,193,66,103,119,28,48,59,46,59,68,44,57,66,42,55,64,47,60,69,46,59,68,48,58,68,48,58,68,50,60,70,51,61,71,53,63,73,54,64,74,54,64,74,52,62,72,49,62,71,49,62,71,45,60,67,42,55,61,45,56,62,48,57,66,46,55,64,47,53,65,50,54,66,48,52,64,46,52,64,46,52,64,46,54,65,46,54,65,48,55,65,47,54,64,49,53,64,49,51,63,50,47,64,51,46,66,52,48,63,51,49,62,49,49,59,46,51,57,43,52,57,40,54,57,40,55,58,37,55,59,36,54,58,39,54,59,44,55,61,47,54,62,50,53,62,49,52,61,48,54,66,46,54,67,47,53,65,45,54,63,44,53,60,42,53,59,39,54,57,36,54,54,39,57,57,38,56,56,39,57,57,42,60,64,44,59,66,44,56,68,46,58,74,52,61,78,52,59,77,52,57,76,56,59,78,59,62,81,59,65,81,60,68,81,61,70,85,64,73,90,70,76,100,68,72,97,67,69,90,70,69,87,78,70,85,81,67,80,80,58,71,84,47,55,91,33,32,97,24,17,100,22,10,112,25,6,126,31,3,146,39,3,172,55,11,196,73,16,219,90,24,233,100,23,246,112,25,254,120,23,254,121,18,255,123,14,255,126,13,255,132,19,254,138,25,253,143,30,255,147,34,255,151,37,255,153,38,255,155,39,255,159,42,255,162,46,255,164,51,255,166,54,255,167,57,255,168,62,254,169,63,252,169,67,253,170,68,251,171,74,249,175,88,249,177,103,244,176,115,175,116,76,96,52,39,68,47,52,55,64,81,55,80,102,49,74,94,41,70,86,39,72,81,47,82,88,56,90,100,59,95,109,61,103,117,68,112,125,66,113,123,72,119,129,74,121,131,62,110,120,43,91,101,33,83,92,40,92,103,54,108,118,62,116,128,66,123,134,79,135,148,81,137,150,75,131,144,87,143,156,98,154,169,91,147,162,85,143,155,75,135,146,88,147,161,108,170,183,104,163,177,80,140,151,62,119,128,55,108,114,65,114,118,71,116,119,74,119,124,84,128,139,96,141,160,106,153,179,118,168,203,130,182,222,137,188,233,139,191,238,138,195,240,138,195,240,134,192,232,131,187,224,132,182,215,134,179,208,126,163,189,132,167,189,143,174,194,155,183,204,159,190,210,154,189,209,147,185,206,143,181,204,142,180,203,142,183,205,137,179,203,124,170,193,111,162,183,103,155,176,95,152,171,91,150,166,95,154,168,94,156,167,99,163,173,100,167,176,95,163,172,93,163,173,95,165,177
147,206,222,151,210,226,149,211,226,138,201,216,123,186,203,108,175,191,100,172,186,96,172,185,99,177,189,101,181,192,104,184,193,107,185,195,110,184,193,115,188,197,129,197,208,142,206,218,152,211,227,159,217,231,158,217,231,152,214,225,154,214,225,157,217,228,154,210,225,145,201,216,124,183,199,113,179,195,108,177,192,107,179,191,115,183,194,132,194,205,135,187,200,72,112,124,27,49,60,45,58,67,46,59,68,45,58,67,48,61,70,48,61,70,47,60,69,51,61,71,51,61,71,52,62,72,54,64,74,54,64,74,54,64,74,52,62,72,49,62,71,49,62,71,45,58,64,43,54,60,46,55,62,49,58,67,49,56,66,49,55,67,49,55,67,47,53,65,46,54,65,47,55,66,47,55,66,49,55,67,51,55,67,52,54,67,54,54,66,53,52,66,50,49,67,51,50,68,53,52,66,53,53,65,50,53,62,47,52,58,43,52,57,41,52,58,44,57,65,43,58,65,40,57,65,42,56,65,45,55,65,45,54,63,46,50,61,45,49,60,41,47,61,41,49,62,44,50,62,45,52,62,47,54,60,46,56,58,43,57,57,41,57,56,41,60,58,43,62,60,46,64,64,46,64,68,46,61,68,45,57,69,49,58,73,53,60,78,60,67,86,59,66,85,62,65,82,67,66,80,70,68,81,72,69,80,78,72,86,82,74,89,84,71,89,79,62,80,75,50,69,75,43,56,77,34,41,79,27,29,83,24,18,94,22,8,114,22,0,135,30,0,158,48,11,185,68,24,205,81,27,219,91,26,235,104,26,248,114,25,248,116,16,252,121,13,254,127,12,255,131,9,255,131,7,254,132,5,255,134,7,255,138,12,249,139,18,249,143,25,253,146,30,255,150,33,255,151,36,254,153,37,255,156,42,254,158,45,255,162,49,254,164,52,254,166,56,253,168,61,254,169,63,252,169,65,252,170,68,249,171,73,246,175,85,247,178,100,252,181,115,201,134,89,118,65,49,73,44,48,54,61,79,50,77,98,54,81,100,46,75,89,39,73,82,40,77,83,47,81,93,47,84,100,48,90,106,50,93,109,57,101,114,62,106,117,72,116,127,80,127,137,83,130,140,76,124,134,67,117,128,60,112,123,33,85,98,29,83,95,45,97,111,59,112,126,61,113,127,66,119,133,81,132,149,86,139,153,100,157,168,93,151,162,86,145,159,84,146,159,87,149,162,93,153,164,85,144,152,73,128,133,67,116,120,76,124,126,83,128,133,89,133,142,99,145,161,112,158,182,120,169,201,126,176,213,138,187,230,138,189,234,137,191,237,133,190,233,129,187,227,128,184,219,132,182,215,138,184,210,141,179,202,149,182,201,160,187,204,165,193,207,164,193,209,155,186,204,145,180,200,139,177,196,147,185,204,153,196,213,154,199,218,144,193,210,133,184,201,125,178,194,111,167,180,98,156,167,95,154,162,93,154,159,95,158,163,97,162,166,93,162,167,93,164,170,94,167,174
154,213,227,157,216,230,150,212,225,133,197,209,118,181,196,109,177,190,103,175,189,99,175,188,104,182,194,105,185,196,108,186,196,108,186,196,110,184,195,113,185,197,124,192,203,135,199,211,150,209,223,158,217,231,160,222,235,157,221,231,156,218,229,156,216,226,150,206,219,138,196,210,122,184,199,114,180,194,110,180,192,113,185,197,122,190,201,136,200,210,139,193,205,77,120,129,24,48,58,39,56,64,45,59,68,44,58,67,45,59,68,46,60,69,46,60,69,49,62,71,50,63,72,51,64,73,54,64,74,55,65,75,54,64,76,52,62,74,51,61,73,52,60,71,50,54,66,48,50,62,51,53,65,55,59,70,54,58,69,52,59,67,52,61,68,49,60,66,46,59,65,46,59,65,49,58,67,51,58,68,56,56,68,58,54,68,60,51,68,57,53,67,47,57,66,44,59,64,46,59,65,47,58,62,47,54,60,48,53,59,47,52,58,47,51,62,46,52,64,46,54,67,45,54,69,46,55,72,45,54,71,44,53,68,44,53,68,45,52,68,48,51,68,50,52,67,53,52,66,52,54,66,53,56,63,52,57,61,53,58,61,51,60,59,48,58,57,49,61,61,50,61,63,52,61,68,55,61,73,60,63,78,64,65,85,65,68,87,57,66,83,60,70,82,70,72,84,79,74,81,84,69,74,81,59,61,80,48,51,84,42,44,76,24,28,81,19,20,93,20,14,107,23,12,121,25,3,132,27,0,150,36,0,166,48,2,187,68,10,202,83,17,224,100,30,239,112,35,247,117,31,252,119,26,254,123,19,255,126,14,255,132,12,254,135,7,251,137,5,250,139,5,249,143,7,248,145,8,249,147,10,249,147,13,248,143,18,251,145,25,255,149,31,255,151,33,255,154,36,255,156,39,255,158,43,255,161,47,253,162,48,254,164,52,254,166,56,254,169,62,254,169,63,253,170,66,252,170,68,250,172,72,248,175,83,249,178,96,255,183,115,223,155,108,137,84,66,75,46,48,57,64,80,52,77,99,54,81,100,50,79,93,45,79,88,44,81,89,50,86,100,54,91,107,53,95,111,52,95,111,48,92,105,47,91,104,50,94,107,55,101,114,64,110,123,73,121,133,82,130,144,87,136,150,81,130,144,59,111,124,53,102,117,52,104,118,50,99,114,49,101,115,62,111,126,67,119,133,80,134,146,101,158,169,107,165,179,91,150,164,83,142,158,91,150,164,106,164,175,117,172,179,94,145,149,89,137,141,86,131,136,92,136,145,105,151,167,115,161,184,123,170,200,131,179,215,138,185,227,140,188,234,139,192,236,135,189,233,127,185,225,126,182,217,131,181,214,138,184,210,144,182,203,152,185,202,162,191,205,167,195,209,163,192,206,155,187,202,148,183,202,145,184,201,154,197,213,162,210,224,163,212,227,151,203,217,144,197,211,138,196,207,126,185,193,108,169,174,97,158,161,91,152,155,90,154,156,92,157,159,92,160,163,94,163,168,98,169,175
149,208,222,146,205,219,135,197,210,123,185,198,113,176,191,107,175,188,105,177,191,102,178,191,105,183,195,106,186,197,108,186,196,108,185,195,109,181,193,111,181,193,117,183,197,123,187,199,138,197,211,148,207,221,154,216,227,153,217,227,149,212,221,141,204,213,133,191,203,123,183,194,117,179,192,111,179,192,110,182,194,114,188,197,121,191,199,134,198,207,139,193,203,80,123,132,22,49,58,35,54,61,44,63,70,43,60,68,42,59,67,44,61,69,45,59,68,49,63,72,50,63,72,51,64,73,54,64,74,54,64,74,53,63,75,52,62,74,51,61,73,52,60,73,50,53,68,49,51,66,52,56,68,54,61,71,54,61,71,52,63,69,51,66,69,48,66,68,47,65,67,47,65,67,49,62,68,52,61,70,56,58,70,58,56,70,62,53,72,59,55,70,49,60,66,44,62,64,44,59,62,45,56,58,45,54,59,46,53,59,49,53,62,50,54,65,44,50,62,45,52,68,46,53,69,45,54,69,45,54,69,45,55,67,46,56,66,49,57,68,52,58,70,53,57,68,53,55,67,53,55,67,53,56,65,55,58,65,57,60,67,58,61,68,58,63,69,58,63,69,59,62,71,63,63,75,69,67,81,75,68,84,73,64,83,69,58,75,76,66,77,75,60,65,74,52,54,74,43,40,77,34,25,83,27,14,91,24,7,101,24,4,117,29,7,133,35,8,155,46,13,177,60,17,194,68,17,209,74,16,224,85,18,234,96,21,240,110,22,247,120,25,255,125,27,255,125,21,255,123,14,255,124,8,255,125,3,251,126,0,254,133,0,250,137,0,248,141,1,248,145,4,247,150,9,247,151,12,245,152,13,246,149,16,250,148,22,253,149,28,255,152,31,255,154,35,255,157,37,255,158,39,255,161,43,255,162,46,253,162,47,252,165,50,255,167,57,255,170,61,255,171,64,254,171,65,254,173,68,253,173,74,250,176,81,250,176,91,254,177,107,234,164,113,153,96,76,83,53,51,68,74,88,58,83,103,62,89,106,61,90,104,58,92,101,57,94,103,61,97,111,63,100,118,57,100,117,50,96,112,54,97,113,56,98,112,54,97,113,49,93,106,44,87,103,46,92,107,58,104,119,69,117,131,79,127,141,79,128,142,81,130,145,70,119,134,54,101,117,48,97,112,50,97,113,46,95,110,59,111,124,78,132,144,92,148,161,98,156,170,100,157,174,95,153,167,93,151,162,104,158,168,111,161,168,108,157,162,101,148,154,100,147,157,108,154,169,117,164,184,126,173,199,135,184,217,138,185,227,141,189,235,142,193,238,139,192,234,132,187,226,125,181,216,126,177,208,129,175,201,132,170,191,139,171,186,148,176,188,153,181,192,155,183,195,154,183,197,154,187,202,155,194,209,159,205,218,162,212,223,157,209,222,147,201,213,141,199,210,140,200,210,132,192,200,119,180,185,103,164,167,93,154,157,87,151,153,90,154,156,91,156,160,94,161,167,98,167,174
136,196,207,127,187,198,118,177,191,111,173,186,109,172,187,107,173,187,108,177,192,108,182,195,107,183,196,106,184,196,107,183,196,105,181,194,106,178,192,110,180,192,116,182,196,121,184,199,132,191,205,139,201,214,145,209,219,141,208,217,135,199,208,125,188,197,118,178,189,109,171,182,114,178,190,111,181,191,113,187,196,116,193,201,118,191,198,128,195,203,136,193,202,85,129,138,25,54,62,34,54,61,46,66,73,45,64,71,42,61,68,45,64,71,45,62,72,49,66,76,50,64,75,51,65,76,53,65,77,53,65,77,54,63,78,52,61,76,53,60,76,53,60,76,48,57,74,46,55,72,46,58,72,48,62,73,47,62,69,44,63,67,46,67,68,42,68,67,43,69,68,42,68,67,45,66,69,46,63,70,50,60,72,53,56,73,57,54,75,56,53,72,52,56,68,50,57,65,49,56,64,48,55,61,47,54,62,46,55,62,46,57,63,44,57,63,44,59,66,45,59,68,45,59,68,45,58,66,46,57,61,48,58,60,51,59,61,52,62,61,47,62,59,46,62,61,47,61,62,50,61,67,54,61,71,56,62,74,61,64,81,63,64,82,65,64,82,67,64,83,70,66,83,74,65,82,79,65,82,81,63,77,79,57,70,82,49,60,84,32,36,91,26,22,95,23,11,103,22,1,117,26,0,135,36,0,155,49,1,172,58,4,200,82,21,214,91,24,228,101,30,237,107,31,243,111,28,250,114,26,253,116,22,252,116,16,247,119,9,252,125,8,255,128,9,255,127,5,255,130,3,255,133,3,255,135,0,255,134,0,254,137,0,252,141,0,252,145,3,249,148,8,249,149,11,247,149,14,245,148,15,246,147,18,250,148,22,252,150,26,255,153,29,255,155,33,255,156,36,254,158,38,254,159,39,254,161,42,253,162,47,252,165,50,254,166,56,254,169,60,255,170,63,254,171,65,255,172,68,255,173,73,252,173,78,251,174,86,250,171,96,235,162,107,163,106,79,92,61,56,77,81,92,62,88,105,60,87,104,62,91,105,58,95,104,58,96,107,63,99,115,66,103,122,60,103,122,53,98,117,53,96,113,56,98,114,56,97,115,50,93,109,42,85,102,35,81,97,35,81,97,35,82,98,56,103,119,66,113,129,73,120,136,71,118,134,70,116,132,72,119,135,67,113,129,53,100,116,44,92,106,48,97,111,57,109,123,78,131,147,92,149,166,89,147,161,84,142,154,93,150,161,99,152,160,116,166,173,123,172,179,116,164,174,116,164,178,122,169,187,131,177,201,136,183,213,141,186,225,142,189,233,143,192,235,140,193,235,134,189,228,128,182,218,125,174,206,124,168,193,127,164,183,130,159,173,133,160,171,139,163,173,143,167,179,146,174,185,154,184,195,159,195,207,157,203,216,155,205,216,150,202,215,143,200,211,141,201,212,139,201,212,133,196,205,126,189,198,108,171,178,95,158,163,88,151,156,90,153,160,91,155,164,92,159,168,97,163,175
129,189,200,118,178,189,109,168,182,106,168,181,109,171,186,107,173,187,108,177,192,109,183,196,108,184,197,106,184,196,104,180,193,104,178,191,109,178,193,117,184,200,128,191,206,133,195,210,141,200,216,143,205,218,144,208,220,138,205,214,130,194,204,121,185,194,114,176,187,110,172,183,113,179,191,110,183,192,114,191,199,118,195,203,118,191,198,126,193,201,138,195,204,92,137,143,28,57,65,32,52,59,47,66,73,45,64,71,41,60,67,47,64,72,45,62,72,50,67,77,52,66,77,53,67,78,54,66,78,54,66,78,54,63,78,53,62,77,54,61,77,52,61,76,48,60,76,45,57,71,46,58,72,47,61,72,44,58,67,42,59,66,43,62,66,42,63,66,40,64,66,39,63,65,39,63,67,41,60,67,43,57,68,46,55,70,48,53,72,50,53,70,51,55,66,52,56,65,54,59,65,55,60,66,52,59,67,50,59,66,46,59,65,44,59,66,46,63,70,46,63,70,48,63,70,49,62,68,53,61,64,57,63,63,62,64,63,61,66,62,56,68,64,55,70,67,60,70,71,65,70,76,70,68,81,73,66,82,75,63,83,77,62,83,87,66,85,86,62,78,85,55,67,81,44,52,74,32,34,73,25,23,79,26,20,94,27,18,114,22,7,135,29,7,155,44,14,179,62,19,200,77,20,215,86,20,227,96,18,236,102,17,242,107,17,249,115,18,253,119,20,251,120,16,252,121,15,255,127,17,255,128,16,252,125,8,255,131,7,255,133,4,255,132,3,255,132,0,255,133,0,255,137,0,255,137,0,254,135,0,255,140,0,253,142,0,252,145,5,249,146,7,248,144,9,248,145,14,250,147,18,252,149,21,252,150,24,251,151,27,253,153,29,254,156,31,254,158,35,253,159,37,252,160,37,250,160,38,252,161,44,250,163,47,252,165,52,253,167,56,253,168,59,252,170,62,254,171,65,255,172,70,253,171,72,253,172,81,251,168,90,237,161,103,171,110,81,98,64,55,73,76,83,63,86,102,60,86,103,60,89,105,56,92,104,55,93,106,60,95,114,64,102,123,62,107,128,60,107,127,64,107,126,67,108,126,66,107,127,60,103,120,54,97,114,51,97,113,54,100,116,56,102,118,64,111,127,63,110,126,60,106,122,60,106,122,68,114,130,77,123,139,81,127,143,80,126,141,64,110,125,34,82,96,9,58,73,18,69,86,53,109,126,79,136,153,82,140,154,78,134,147,97,151,161,103,156,164,111,161,170,122,170,180,129,177,191,128,175,193,130,177,197,138,184,210,144,190,226,143,191,231,143,192,233,140,194,232,137,191,229,133,186,218,129,178,208,131,173,197,133,166,183,130,158,170,129,152,160,133,152,159,135,155,162,142,162,171,153,177,187,162,192,203,160,202,214,153,201,215,146,195,210,140,193,207,139,197,211,140,202,215,140,202,215,136,200,212,118,180,191,103,166,175,96,158,169,97,159,170,98,162,174,100,163,178,101,167,183
132,190,201,124,182,193,114,174,185,107,169,180,107,169,182,106,172,184,107,175,188,106,178,190,107,181,194,104,180,193,105,179,192,105,179,192,114,183,198,127,193,209,139,200,218,144,203,221,148,207,225,145,207,222,143,207,219,139,206,215,134,201,210,127,191,201,119,181,194,112,176,188,111,179,192,108,180,192,110,187,197,114,193,200,114,189,195,123,192,199,138,197,205,95,140,146,31,58,67,31,50,57,47,64,74,45,62,72,41,58,68,50,64,75,48,62,73,52,66,77,57,69,81,57,69,81,57,69,83,56,68,82,56,65,80,54,63,78,53,62,77,53,62,77,48,58,70,47,55,66,49,57,68,52,58,70,49,56,66,48,55,65,49,58,67,48,58,67,46,59,67,45,60,67,43,60,68,42,61,68,43,61,71,45,62,72,46,62,75,48,62,71,52,63,67,54,64,66,55,65,67,55,65,67,54,63,68,53,62,69,52,63,69,50,63,71,51,63,75,53,63,75,55,63,76,57,64,74,64,64,74,66,65,71,69,64,70,69,64,68,68,68,70,69,67,72,71,64,72,74,61,71,79,56,72,83,52,70,87,48,66,92,46,59,85,29,38,89,25,26,96,23,16,106,25,8,117,27,1,130,33,0,149,47,7,173,60,16,204,77,32,217,81,31,230,91,32,243,102,31,250,108,24,254,111,15,255,115,11,255,119,9,255,120,5,255,124,6,255,126,6,251,127,5,249,129,7,251,133,10,251,135,12,249,135,11,251,136,11,251,136,9,252,135,6,252,134,2,253,135,1,255,137,1,255,140,1,255,141,0,253,140,0,253,142,1,253,143,6,254,143,9,254,143,12,255,144,16,255,146,21,255,149,24,255,153,28,253,155,28,254,156,29,255,158,33,255,160,34,254,160,36,253,161,38,250,160,38,252,161,44,250,163,47,251,164,51,251,165,54,252,167,58,253,168,61,253,170,64,255,172,68,255,169,68,255,171,78,255,170,87,241,161,100,175,112,79,96,60,48,64,65,70,66,88,102,67,93,108,65,94,110,59,95,107,57,95,108,57,94,113,58,96,119,57,102,123,58,105,125,64,106,128,70,113,132,73,115,137,65,110,129,56,101,120,51,96,115,52,97,116,53,100,118,43,90,108,55,102,120,62,109,125,60,107,123,56,102,118,56,102,118,67,113,129,82,128,143,84,130,145,72,118,133,54,101,117,41,90,107,41,94,112,59,115,132,78,134,151,84,140,155,91,145,157,90,142,153,96,146,157,110,160,171,126,174,188,130,177,193,133,178,197,139,185,209,142,188,221,142,190,226,141,193,230,141,195,229,138,192,226,134,188,216,134,181,207,137,178,198,139,171,184,138,160,171,135,152,159,136,149,155,137,148,154,139,152,158,153,168,173,162,185,193,166,199,216,160,201,221,152,197,218,145,193,213,142,197,217,148,205,224,146,207,225,142,203,221,123,184,202,109,171,186,102,165,182,105,168,185,107,170,188,109,171,192,109,174,196
137,195,206,134,192,203,123,183,194,109,171,182,105,167,180,104,170,182,105,173,186,101,173,185,101,175,188,101,177,190,105,179,192,109,181,195,120,187,203,132,198,214,142,203,221,146,205,223,144,203,221,140,201,219,139,202,217,139,205,217,138,204,216,129,195,207,120,182,195,110,173,188,107,175,188,101,175,186,103,181,193,109,187,197,110,184,193,120,188,197,136,195,203,93,137,146,35,59,69,34,48,57,51,63,75,49,61,73,45,57,69,55,67,79,52,64,76,56,68,80,60,72,84,60,72,84,59,71,85,57,69,83,57,66,81,55,64,79,53,62,77,53,63,75,44,57,65,44,55,61,50,59,66,54,61,71,53,57,68,53,55,68,54,58,70,54,58,70,54,62,75,53,63,75,51,65,76,50,67,75,51,70,77,53,72,79,55,74,81,57,74,81,59,70,76,59,68,73,57,66,71,55,64,69,55,62,68,56,63,69,58,67,74,61,68,78,62,66,77,63,65,77,67,64,75,72,62,73,78,61,71,81,58,66,83,54,59,83,51,56,82,46,50,83,42,46,82,37,40,82,32,35,86,27,31,91,25,27,98,24,21,104,24,15,123,36,17,127,32,4,141,39,1,167,57,8,189,73,14,204,81,14,220,89,19,235,99,25,249,107,31,254,109,28,255,115,28,255,119,23,255,119,14,255,117,3,255,119,0,255,122,0,255,124,0,255,126,0,255,129,0,255,132,2,251,134,3,248,134,2,246,135,2,248,137,6,247,134,6,249,134,7,254,137,8,255,139,8,255,140,5,254,138,1,252,139,0,254,141,0,254,143,1,254,144,3,255,146,7,255,148,11,255,147,15,255,149,19,255,148,21,255,150,24,255,155,27,254,156,29,255,157,30,254,159,31,254,160,34,254,160,34,252,160,37,249,159,37,254,164,44,251,164,48,252,165,50,252,166,55,252,167,58,254,169,62,254,171,65,255,173,67,255,170,67,255,171,74,255,170,87,242,161,96,176,110,75,91,53,40,57,57,59,69,91,104,58,81,97,57,84,101,56,90,102,56,93,109,57,93,115,58,96,119,58,103,126,62,108,131,63,108,129,66,111,132,67,112,133,63,108,129,59,104,123,56,103,121,55,102,120,52,101,118,52,99,117,59,106,124,59,106,122,56,103,119,60,107,123,65,111,127,63,109,125,62,108,123,65,108,124,75,119,132,85,131,147,79,126,142,61,112,129,59,112,130,67,120,138,66,119,135,63,116,130,92,146,158,104,156,169,97,147,158,107,155,169,130,178,192,140,186,202,133,178,199,135,182,210,137,186,218,140,193,224,140,195,225,136,192,219,133,185,209,133,179,202,137,174,192,147,175,186,147,166,173,147,156,161,143,148,151,138,142,145,139,143,146,152,157,160,162,175,183,167,193,208,171,203,224,168,206,227,160,202,224,157,205,227,160,212,233,151,208,227,138,197,215,121,182,201,108,169,188,103,166,184,108,171,189,111,173,194,110,175,197,113,177,202
139,199,209,137,197,207,120,180,191,101,163,174,102,164,177,101,167,179,97,165,178,94,166,178,96,170,183,99,173,186,103,175,189,106,178,192,119,186,202,134,197,214,143,202,220,144,201,220,143,200,220,142,201,219,139,202,219,137,203,217,136,202,216,131,197,211,120,182,197,107,170,187,99,168,183,98,172,185,97,175,188,103,183,194,103,180,190,112,180,191,133,191,202,98,140,152,40,60,71,43,51,64,49,59,71,51,61,73,50,60,72,53,63,75,54,64,76,57,67,79,58,68,80,64,74,86,63,75,87,57,69,81,53,65,77,54,66,78,52,64,76,46,60,69,41,61,62,36,56,55,41,59,61,50,63,69,52,62,72,52,59,75,55,61,77,56,63,81,61,68,86,62,71,88,61,75,88,61,75,86,57,74,81,55,73,77,56,74,76,60,73,79,64,68,80,63,65,80,61,63,78,61,63,76,62,66,75,64,69,75,65,68,75,66,67,72,71,66,72,74,62,66,80,57,63,85,50,54,86,40,43,87,28,30,88,22,23,97,19,17,109,18,15,118,19,13,124,22,10,127,24,7,136,27,4,147,37,4,162,51,8,174,60,8,191,76,13,201,83,11,215,94,13,228,104,16,239,110,18,246,114,16,251,115,15,253,116,12,252,117,10,250,118,7,251,120,6,252,121,5,253,122,4,255,125,5,255,125,3,255,126,2,255,128,3,255,129,2,255,131,2,255,133,0,255,135,0,253,136,0,254,137,0,254,137,0,253,134,4,255,133,6,255,134,4,255,134,3,255,136,0,255,138,0,255,140,0,253,142,0,252,143,0,252,148,1,253,148,4,251,149,5,253,148,7,255,149,11,255,151,14,255,152,17,253,152,22,252,155,25,252,157,27,253,158,30,252,158,32,253,159,33,253,161,38,253,163,41,255,165,45,252,165,49,252,165,50,253,167,56,254,169,60,255,170,63,253,170,64,255,170,64,255,168,64,255,168,72,255,164,77,248,163,96,188,120,81,97,58,41,55,55,55,58,78,89,70,91,108,60,87,104,48,81,96,49,85,101,63,98,120,68,106,129,61,106,127,59,106,126,64,111,131,66,113,133,68,115,135,66,113,133,64,111,131,62,110,130,64,113,130,63,114,131,64,113,130,63,112,129,64,113,128,69,118,133,70,119,134,68,115,131,64,111,127,63,109,124,57,100,116,60,104,117,64,107,124,59,105,121,63,110,128,82,131,148,89,140,157,75,128,144,55,108,122,61,115,127,92,144,157,111,160,174,98,146,160,104,152,166,129,175,190,136,181,200,137,185,207,132,184,208,136,190,216,138,194,219,130,186,209,128,180,201,130,175,194,131,167,181,143,166,174,148,161,167,151,155,158,149,145,146,141,135,135,141,132,133,148,142,142,153,154,159,164,177,193,175,197,218,180,208,229,174,209,229,169,212,231,161,209,229,143,196,214,126,183,200,112,171,189,106,167,185,103,166,183,104,169,187,110,175,195,113,179,201,113,179,203
141,201,211,142,202,212,128,188,199,107,169,180,99,163,175,94,160,172,94,162,175,96,168,180,101,173,187,102,176,189,104,176,190,110,179,194,120,187,203,136,199,216,146,205,223,148,205,224,152,209,229,147,206,224,142,203,221,140,206,222,143,209,223,140,203,218,124,185,203,107,170,187,102,171,187,99,172,187,96,174,187,103,182,195,113,189,202,128,196,209,141,199,211,97,139,153,40,58,72,40,46,60,48,56,69,57,65,78,58,66,79,56,64,77,52,62,74,55,65,77,58,68,80,61,71,83,59,71,83,55,67,79,52,64,76,52,64,76,52,64,76,50,64,73,35,54,58,40,61,64,53,70,77,62,76,85,61,73,87,61,69,88,63,71,92,64,72,93,66,74,95,66,74,93,64,76,90,63,75,87,63,74,80,63,74,76,65,75,76,71,75,78,77,69,84,79,64,83,79,62,80,79,61,73,78,58,67,76,56,58,75,51,51,76,48,45,73,38,32,75,32,23,80,28,15,87,24,7,98,23,4,110,25,4,127,33,8,143,38,9,169,48,17,183,55,18,197,66,24,208,76,27,217,84,27,225,92,25,231,100,22,236,106,18,241,111,15,244,115,13,248,120,11,252,122,10,255,121,8,255,119,5,255,116,3,254,118,0,254,122,0,251,123,0,250,125,0,251,128,0,251,129,2,252,130,5,250,131,5,251,132,6,252,133,7,254,132,5,254,133,3,254,133,0,255,135,0,255,135,0,255,136,0,255,137,0,255,135,2,255,134,5,255,134,4,255,135,2,255,137,0,255,138,0,255,140,0,252,141,0,250,144,0,249,147,0,250,150,4,249,149,3,249,148,6,252,149,8,255,150,12,254,151,14,253,152,20,252,155,25,254,157,27,253,158,28,254,159,31,253,159,33,253,161,36,253,163,41,255,165,45,255,166,50,254,167,52,254,168,57,254,169,60,255,170,63,254,171,65,255,171,65,255,166,63,255,166,70,255,162,76,251,164,95,193,124,83,105,64,46,60,59,57,58,78,87,69,91,105,64,90,107,57,89,104,56,92,108,60,95,117,59,95,119,59,101,123,66,111,132,66,113,133,68,115,135,70,117,137,69,117,137,67,115,135,65,113,133,64,115,132,66,117,134,79,130,147,73,124,141,68,120,134,70,119,134,71,120,135,67,116,131,61,110,125,58,105,121,66,112,127,62,105,121,58,101,118,51,94,111,47,93,109,61,108,126,78,127,144,82,131,148,79,131,145,81,133,147,78,130,143,85,137,150,105,153,167,107,155,169,112,155,171,126,172,188,141,190,207,126,179,197,122,177,198,128,185,205,126,183,202,121,174,192,125,168,184,134,168,178,137,157,164,144,154,156,148,146,147,147,137,136,143,129,128,141,126,123,146,130,130,148,139,142,151,157,169,162,178,193,171,193,207,168,197,213,162,199,215,148,194,209,127,179,193,111,169,181,105,165,176,103,167,179,102,168,180,105,173,186,109,176,192,109,178,194,109,177,196
144,206,217,142,204,215,129,191,204,114,176,189,105,168,183,98,164,178,100,167,183,106,178,192,105,177,191,106,180,193,108,180,194,112,181,196,122,188,204,138,199,217,149,208,224,153,210,227,156,211,231,153,210,229,152,211,229,150,213,228,151,214,229,143,206,221,127,188,206,112,175,192,108,175,192,107,180,195,105,182,198,108,186,199,114,188,201,120,188,201,120,178,192,71,113,129,34,51,67,38,45,61,49,56,72,55,62,78,55,62,78,56,63,79,53,63,75,55,65,77,64,74,86,64,74,86,59,72,81,55,68,77,53,66,75,53,66,75,53,66,75,52,64,76,45,59,70,54,66,80,62,74,90,66,74,93,66,74,97,68,75,101,71,78,104,71,81,106,71,82,104,73,81,100,74,81,97,75,81,93,77,80,87,77,78,80,78,77,75,84,72,74,87,59,71,92,51,65,89,43,54,87,34,40,88,28,28,92,25,19,98,24,13,106,25,6,115,29,4,123,33,0,135,39,0,148,50,1,166,63,5,182,77,12,198,91,21,213,100,24,228,106,23,236,108,21,242,111,21,247,114,21,249,115,16,249,116,11,250,118,9,251,120,6,250,121,2,251,122,3,252,123,3,254,123,5,255,123,5,255,121,7,255,121,10,255,122,6,255,124,0,255,127,0,254,130,0,253,132,1,251,134,3,249,134,5,248,135,7,248,135,7,249,136,8,250,135,8,252,135,6,252,135,4,253,135,1,253,135,0,254,137,0,254,137,0,255,136,0,255,136,3,255,137,1,255,137,0,255,138,0,255,139,0,253,140,0,251,142,0,251,146,2,251,149,4,252,151,7,250,151,8,250,150,12,253,151,14,253,151,15,253,151,17,252,151,19,251,154,23,254,157,27,253,158,28,254,159,31,253,159,33,254,162,37,253,163,41,255,165,45,255,166,50,255,168,53,254,168,57,252,167,58,253,168,61,255,170,64,255,170,65,255,164,64,255,163,67,255,159,73,251,164,95,194,125,83,107,66,46,61,60,58,55,73,83,61,80,95,58,84,101,53,84,102,54,87,106,61,93,114,64,99,121,66,104,125,67,110,129,68,113,134,68,115,135,70,118,138,73,121,141,72,121,138,68,119,136,69,120,137,73,124,141,80,133,149,72,125,141,64,117,131,65,117,131,68,120,134,66,118,132,59,111,125,54,103,118,57,104,120,53,99,115,56,99,116,56,99,116,48,91,108,45,88,105,51,97,113,58,105,121,78,127,142,80,132,146,58,110,124,48,100,114,81,128,144,101,148,164,106,149,166,113,159,175,133,182,197,124,177,191,117,173,190,119,176,193,121,178,195,118,171,185,120,164,177,131,164,173,131,150,156,139,144,147,143,138,135,144,130,127,143,124,120,143,122,119,146,125,124,145,131,131,144,143,149,149,158,167,150,167,175,144,168,178,135,169,178,122,165,172,109,159,166,101,158,165,102,165,170,106,171,177,110,177,183,112,181,188,111,181,191,108,180,192,106,178,192
149,211,222,138,200,211,124,186,199,114,178,190,109,175,189,106,174,187,108,177,192,111,183,197,107,181,194,109,183,196,111,183,197,112,181,196,118,184,200,131,193,208,144,203,219,152,208,225,155,208,226,158,214,231,160,219,235,156,218,231,147,209,222,134,196,211,122,184,199,114,177,194,109,176,192,109,181,196,112,188,202,117,195,208,121,195,208,119,185,199,110,166,181,62,104,120,32,54,68,42,54,68,54,66,80,54,66,80,54,63,78,58,67,82,53,65,77,50,62,74,55,65,77,56,66,76,51,64,73,49,62,71,52,65,74,60,70,79,59,69,78,54,64,74,49,56,72,61,68,86,73,75,96,76,78,99,81,82,103,86,84,106,86,83,104,85,80,100,91,84,100,90,79,93,88,72,82,87,64,70,87,58,60,87,53,51,88,49,44,93,46,40,93,32,27,100,30,22,107,29,17,115,29,12,127,32,10,144,40,11,161,51,16,174,59,15,190,73,20,199,79,19,211,90,21,223,101,24,231,111,25,236,117,23,241,122,22,246,123,19,255,127,17,255,126,9,254,123,7,254,121,3,255,120,2,255,121,0,255,123,0,255,125,0,255,127,0,255,127,0,254,126,1,254,126,3,255,125,3,255,124,5,255,124,7,255,125,4,255,127,0,255,129,0,255,131,0,255,135,0,251,137,4,250,138,4,248,137,4,248,137,4,249,138,5,250,137,5,250,136,4,252,135,4,252,135,4,253,136,5,254,137,6,254,137,5,254,138,3,254,138,1,255,139,2,255,140,1,255,140,1,255,140,1,254,141,1,251,141,0,253,148,5,253,150,9,252,150,13,251,149,13,252,150,16,254,151,20,255,152,21,254,151,22,253,152,22,252,153,23,254,155,26,254,157,27,254,156,29,254,159,33,255,161,37,255,163,42,255,165,45,255,166,50,255,168,53,253,167,56,252,166,57,251,166,59,253,168,62,255,169,66,255,163,63,255,160,66,254,158,72,248,161,92,189,118,76,101,58,39,59,55,52,50,68,78,48,67,82,54,77,95,52,81,99,49,80,100,60,91,112,70,102,123,69,106,125,63,104,122,62,107,126,62,109,129,65,112,132,68,116,136,69,118,135,66,117,134,69,120,137,73,124,141,77,128,145,72,125,141,68,121,135,71,124,138,77,129,143,77,129,143,71,123,137,67,116,131,60,109,124,54,101,117,55,101,117,59,102,118,53,95,111,42,84,100,39,81,97,42,85,101,41,87,103,56,105,120,66,115,130,55,104,119,42,89,105,54,101,117,83,128,147,101,147,163,113,162,176,127,179,192,124,180,193,112,170,184,112,170,184,119,172,186,124,168,179,129,162,171,133,152,158,139,145,145,143,138,135,146,131,128,149,130,126,152,131,126,158,134,132,155,139,139,153,149,150,147,155,158,141,154,160,130,154,158,119,152,157,107,151,154,101,152,155,100,160,161,100,164,166,103,171,172,108,178,180,110,181,185,106,179,185,103,176,183,100,174,185
141,205,217,127,191,203,115,179,191,110,174,186,107,173,187,107,175,188,108,177,192,108,180,194,106,180,193,109,183,196,110,182,194,109,179,191,110,176,190,118,180,195,131,190,206,141,197,212,151,202,219,154,207,221,153,211,223,145,205,216,132,192,203,120,180,191,115,174,188,113,175,190,112,178,194,107,179,193,111,187,200,118,194,207,121,193,207,111,177,191,101,157,172,66,108,124,26,52,65,25,43,57,34,52,66,42,60,74,48,64,77,52,68,81,50,64,75,50,64,75,53,66,75,54,67,76,52,62,72,48,58,67,54,64,73,64,73,80,61,70,77,50,57,67,48,52,64,69,71,86,87,85,99,93,87,99,99,87,99,101,81,92,98,71,78,100,65,69,87,45,47,89,38,35,90,29,24,95,22,15,105,21,11,118,24,14,129,28,18,138,33,12,148,44,7,159,53,5,175,65,14,191,76,21,208,85,25,220,95,28,232,104,31,240,109,29,246,116,30,249,118,28,250,120,24,253,121,21,253,122,16,253,123,11,254,123,9,253,122,4,255,124,3,255,125,1,255,124,1,255,125,4,255,125,5,255,127,6,255,127,8,255,127,7,255,130,7,255,130,7,254,130,6,254,130,4,253,129,3,254,129,1,254,129,1,255,129,0,255,127,0,255,129,0,255,133,0,253,135,0,251,138,0,250,138,0,249,138,0,248,137,0,251,138,0,253,137,0,253,135,1,253,134,4,254,135,9,255,135,12,255,136,16,254,139,14,251,140,7,249,142,4,252,142,5,254,142,4,255,142,4,255,142,4,254,142,6,252,142,5,253,147,11,252,148,13,251,147,16,250,145,17,251,146,19,254,149,24,255,149,28,255,151,26,255,152,24,253,154,24,254,155,26,253,156,26,253,155,28,253,158,32,255,161,37,255,164,43,255,165,45,255,166,50,255,168,53,254,168,57,252,166,57,251,166,59,253,168,62,255,169,66,255,161,65,255,158,67,255,159,75,244,157,90,177,106,64,90,47,28,53,49,46,49,66,76,51,68,84,57,80,98,59,86,105,56,84,105,59,87,109,62,93,114,64,100,116,66,105,122,58,101,118,58,103,122,60,105,124,61,108,126,62,109,127,62,111,128,63,112,127,64,116,130,71,123,137,70,122,136,71,123,137,73,125,139,76,128,142,78,130,144,78,127,142,76,125,140,67,116,133,62,111,126,60,106,122,62,105,121,65,104,119,56,95,110,45,84,99,38,80,94,34,77,93,30,76,92,56,105,120,75,124,141,54,101,119,39,86,104,55,100,121,70,115,134,91,139,153,120,169,183,127,180,194,114,170,185,110,166,181,118,170,184,125,169,182,132,166,175,138,159,164,145,153,155,151,147,146,154,143,139,160,142,138,165,146,142,169,148,145,167,152,149,162,158,157,157,162,165,148,162,165,138,162,164,126,160,162,111,155,158,102,153,156,101,161,162,100,164,166,101,169,170,105,175,177,106,177,181,103,176,182,102,175,182,100,174,185
122,186,198,113,177,189,109,173,185,107,173,185,103,171,184,104,174,186,110,179,194,109,183,196,104,178,191,103,179,192,105,179,190,106,176,188,106,172,186,112,174,189,123,182,196,132,188,203,143,195,209,140,192,205,131,188,199,123,183,191,116,176,184,112,172,182,113,173,184,114,176,189,112,178,192,113,182,197,119,193,206,113,190,200,101,173,185,89,153,165,91,144,158,77,121,134,39,71,82,12,39,50,4,31,42,16,40,52,25,47,58,27,47,58,24,42,52,31,48,56,41,55,64,43,56,64,40,50,59,38,47,54,45,54,61,56,63,69,55,62,68,50,51,56,71,61,69,92,75,81,97,75,78,88,60,59,81,46,42,76,32,23,79,26,12,91,29,8,102,32,7,113,32,3,127,37,3,145,42,9,165,53,16,184,61,27,199,71,36,207,79,32,219,97,30,226,107,27,237,115,32,247,121,34,255,124,33,255,125,27,255,125,22,255,126,18,255,127,18,255,128,14,255,128,14,255,126,8,255,128,8,255,129,7,255,130,6,255,129,3,255,128,1,255,128,1,255,126,0,255,126,2,255,125,1,255,124,3,254,124,2,253,125,2,251,125,2,250,126,2,250,128,1,250,131,1,253,132,1,254,133,2,254,133,0,255,133,0,255,130,0,255,130,0,255,133,0,253,135,1,251,138,0,249,138,0,250,137,0,249,136,0,253,138,0,254,137,0,255,136,0,255,135,2,255,136,6,255,137,11,254,138,15,253,139,14,248,142,7,249,143,5,250,143,5,253,143,6,255,143,7,255,143,7,255,143,9,254,143,9,255,148,14,255,148,16,252,148,17,251,146,18,253,148,23,255,151,26,255,150,29,255,151,29,255,153,25,255,154,24,255,154,26,253,154,25,254,154,30,254,156,31,255,160,39,255,164,43,255,164,45,255,166,50,255,167,53,254,168,57,254,167,61,253,168,62,254,168,65,255,168,68,255,158,64,255,158,69,255,159,78,240,153,86,164,92,52,78,35,16,50,46,43,50,67,77,65,82,98,60,81,100,56,81,101,59,86,105,62,89,110,59,87,108,59,92,109,67,104,120,61,102,120,64,107,126,66,109,128,63,108,127,63,108,127,64,111,129,64,111,127,60,109,124,60,109,124,61,113,127,64,116,130,64,116,130,64,116,130,67,119,133,73,122,137,75,124,139,65,116,133,65,116,133,61,108,124,59,103,116,66,106,118,65,103,116,55,93,106,47,85,98,49,91,105,26,72,87,28,75,91,59,108,125,82,129,149,75,122,142,61,106,127,57,102,121,71,117,132,91,140,154,112,164,178,119,175,190,119,175,190,117,169,183,121,165,178,131,165,175,138,161,167,149,160,162,158,158,156,164,154,152,167,153,150,172,154,150,173,155,151,168,157,155,164,162,163,157,165,167,150,164,167,140,164,168,128,163,167,112,157,162,99,152,158,95,156,161,96,161,165,96,165,170,99,170,174,102,173,179,101,174,183,101,173,185,100,174,187
103,169,183,99,165,179,103,169,183,107,173,187,104,171,187,107,176,191,113,182,197,108,182,195,103,177,190,101,177,190,103,177,188,106,178,190,112,180,191,120,184,196,129,188,202,136,192,205,143,192,206,135,185,194,123,178,185,113,172,178,109,170,175,108,169,174,112,171,179,116,176,186,109,173,185,111,181,193,117,191,202,105,179,190,90,160,170,82,146,156,95,148,162,93,137,150,67,104,113,39,72,81,22,55,64,22,52,62,22,49,58,18,42,52,13,36,44,18,38,45,21,38,46,19,34,41,18,28,37,20,29,36,27,34,40,37,42,46,42,45,50,53,42,46,70,35,33,95,45,38,101,44,33,101,38,21,113,43,18,125,49,15,142,59,15,167,77,24,186,92,30,196,97,29,210,106,33,223,116,38,233,120,42,240,123,44,246,125,46,247,127,41,245,131,34,246,133,29,250,135,28,253,136,23,255,134,17,255,133,13,255,134,10,255,135,9,255,132,6,255,134,8,255,135,8,255,134,7,255,132,6,255,132,6,255,130,2,251,128,0,253,131,4,253,131,4,254,130,4,254,129,3,254,129,3,255,130,2,255,132,4,255,135,6,255,135,5,254,136,4,254,136,4,253,136,4,255,137,3,254,136,2,254,133,2,253,130,0,255,132,3,255,132,3,255,134,3,254,136,4,251,137,4,251,137,2,253,137,0,254,137,0,255,137,0,255,137,0,255,137,0,255,137,0,255,139,0,253,140,2,253,141,5,250,143,5,249,143,5,249,143,5,251,144,6,253,143,6,255,143,5,255,144,6,255,145,9,255,145,11,255,149,14,255,151,16,254,150,17,253,151,17,254,151,22,255,154,25,255,154,26,255,152,24,255,152,23,255,154,24,255,154,26,254,155,26,254,154,30,254,156,31,255,159,38,255,162,41,255,162,43,254,165,49,255,165,53,253,167,56,254,167,61,253,168,62,253,167,64,253,165,65,254,157,63,255,157,70,255,159,78,236,149,82,154,82,42,68,25,6,45,41,38,49,66,76,62,79,95,58,79,98,51,77,94,52,79,98,58,83,105,59,86,105,56,88,103,58,94,108,60,97,115,67,105,124,71,109,128,67,108,126,68,111,128,70,116,132,68,114,130,61,108,124,59,106,122,63,112,127,66,115,130,64,113,128,61,110,125,63,112,127,67,116,131,68,120,134,64,117,133,69,120,137,62,109,125,54,98,111,61,99,112,67,103,115,68,104,116,70,106,120,54,93,108,45,88,104,35,81,97,44,91,109,66,114,134,75,121,144,73,118,141,75,120,141,67,113,128,66,114,128,83,132,147,109,162,178,119,175,192,118,169,186,121,167,182,131,167,179,143,168,175,155,169,172,166,168,167,169,164,161,170,161,156,171,160,156,173,162,158,171,163,161,167,166,171,159,168,175,150,164,173,140,164,174,130,167,176,116,163,171,101,155,165,92,155,164,86,153,162,89,159,169,95,165,175,97,169,181,98,170,185,98,169,187,99,170,190
100,163,178,97,160,175,100,166,180,106,172,186,105,172,188,108,177,192,108,180,194,99,173,186,103,177,190,102,176,189,103,177,190,113,183,195,123,191,204,134,198,210,140,202,217,145,203,217,147,199,212,140,192,203,127,184,191,117,176,182,108,169,174,102,165,170,105,165,173,108,171,180,113,177,187,106,174,185,100,173,182,86,159,168,83,151,160,84,146,157,89,143,155,74,122,134,65,107,119,61,99,110,61,97,109,57,91,103,52,84,95,55,83,95,48,75,86,45,67,78,38,58,67,29,46,54,24,34,43,22,29,35,20,25,29,19,20,24,24,24,26,47,26,25,113,55,44,144,66,46,157,76,47,173,88,49,200,108,57,215,117,56,222,120,48,237,132,51,243,140,48,247,143,46,252,146,44,254,145,42,254,143,38,252,139,35,251,138,36,251,138,32,252,142,27,252,143,22,252,142,19,253,141,15,254,139,10,255,139,8,255,139,7,255,140,6,254,138,3,255,139,7,255,139,7,255,138,6,255,138,6,255,139,7,255,136,5,252,133,3,250,131,1,252,133,5,254,135,5,255,136,6,255,135,5,254,133,2,255,132,2,255,134,3,251,133,0,251,133,0,251,135,0,253,137,2,255,139,4,255,139,5,255,138,6,255,135,4,255,134,4,255,134,4,255,135,4,254,136,4,254,137,5,254,138,3,254,138,1,255,138,0,255,137,0,255,137,0,255,138,0,255,139,0,255,139,0,253,140,0,251,142,0,249,142,0,249,144,3,249,143,5,250,143,5,253,143,6,255,143,5,255,144,8,255,146,10,255,146,12,255,149,13,254,150,15,253,151,15,253,151,17,253,152,20,255,154,22,253,152,22,250,149,19,254,153,23,255,154,24,255,156,27,255,157,30,255,155,31,255,156,34,255,157,37,255,159,38,254,159,39,252,162,42,250,163,47,251,165,52,252,167,60,252,166,63,251,165,66,252,162,66,251,156,62,255,157,70,255,159,80,231,146,82,144,76,41,58,19,4,40,35,39,45,61,74,43,60,76,58,79,96,58,84,99,46,73,90,45,70,90,51,78,97,53,82,98,49,81,96,49,82,101,60,95,114,66,103,122,64,103,120,66,107,125,72,115,132,68,114,130,58,104,120,60,107,123,66,113,129,70,117,133,66,113,129,60,107,123,57,104,120,57,104,120,57,106,121,53,106,122,68,121,137,76,123,139,72,118,133,77,116,131,76,114,127,73,111,124,77,115,128,67,109,123,57,100,116,49,95,111,47,92,111,45,92,112,48,95,115,62,107,128,78,121,140,80,123,140,57,103,119,57,106,123,84,135,152,107,160,176,120,172,186,131,177,192,141,177,189,152,177,184,163,178,183,173,177,180,173,172,170,172,167,164,176,166,164,179,169,167,178,174,175,169,172,181,164,176,188,158,176,188,152,178,191,146,182,194,131,177,190,110,164,176,97,157,168,91,157,169,96,164,177,103,173,185,105,177,191,105,177,192,104,175,193,104,175,195
105,164,178,100,162,175,99,162,177,101,169,182,105,174,189,105,179,192,103,179,192,103,179,192,104,177,192,105,178,193,115,184,200,129,196,212,140,206,222,142,208,222,145,208,225,150,209,225,152,210,222,151,208,219,136,194,205,118,178,188,107,171,180,101,165,174,97,164,172,105,172,181,107,174,183,111,179,188,96,164,173,85,152,161,92,156,166,88,148,159,76,132,145,78,130,144,74,120,135,62,104,120,70,108,127,67,104,123,60,95,114,65,96,116,56,85,103,45,71,88,50,72,86,48,66,78,55,68,76,44,51,57,37,38,40,27,26,24,22,14,12,63,33,25,153,78,59,220,123,90,230,136,85,236,138,73,249,146,67,252,144,54,255,149,54,255,148,47,251,150,42,251,154,41,254,155,38,254,151,33,255,146,33,255,144,36,252,143,38,251,145,35,250,144,24,251,144,16,250,143,15,251,142,13,253,141,13,253,142,11,253,140,8,253,140,8,253,139,7,251,137,4,249,135,2,250,136,1,255,139,4,255,139,4,254,136,2,252,134,0,253,135,1,254,136,2,254,136,2,255,137,3,254,136,2,254,136,2,255,134,1,253,135,1,253,135,1,253,135,1,254,136,2,254,136,2,254,136,2,254,136,2,253,135,1,253,135,1,255,134,1,255,135,2,255,137,3,255,137,3,254,136,0,252,136,0,252,136,0,252,136,0,255,139,0,255,138,0,253,138,0,253,138,0,254,139,0,253,140,0,252,141,0,251,141,0,250,143,3,251,144,4,253,146,8,253,146,8,254,144,7,253,146,8,255,148,13,255,151,16,255,151,16,255,152,19,255,153,19,255,152,21,254,153,21,254,153,23,255,154,24,255,155,25,254,153,23,255,156,27,255,158,31,255,159,36,255,157,37,255,155,37,255,156,37,255,156,37,255,159,36,255,163,38,251,165,42,248,167,49,250,168,60,251,167,68,252,163,73,249,158,69,253,160,65,253,159,69,249,156,78,215,133,77,127,66,38,62,27,23,53,50,61,50,66,82,50,72,86,62,85,99,61,88,99,49,77,89,43,72,90,48,75,94,54,80,97,58,84,101,53,82,100,58,89,107,63,98,117,68,105,121,68,110,126,69,112,128,66,112,127,63,111,125,60,106,121,66,112,127,67,113,128,64,110,125,62,108,124,63,109,125,59,105,121,52,99,115,57,109,123,66,118,132,72,121,136,71,118,134,75,121,136,84,127,143,82,125,141,75,118,134,62,105,121,67,110,127,67,110,127,56,99,116,45,88,107,43,86,105,51,92,112,59,100,120,70,112,134,66,111,132,60,107,127,55,106,123,74,125,142,117,166,180,156,200,213,173,210,219,175,199,209,174,189,196,173,180,186,177,176,181,178,174,175,180,171,172,184,176,174,185,183,186,177,185,198,171,188,204,171,192,209,169,197,211,164,200,214,155,199,212,140,189,203,124,180,193,113,175,186,109,175,187,112,180,191,116,186,198,116,186,198,115,185,197,115,184,199
110,168,182,104,163,177,97,160,175,97,165,178,99,171,185,98,174,187,98,176,188,98,176,188,98,171,186,105,177,192,120,189,205,135,202,219,143,209,225,142,208,224,141,204,221,142,204,219,142,201,215,150,208,220,144,203,217,126,188,199,111,175,187,100,167,176,95,163,174,94,162,171,107,175,186,102,170,179,91,155,167,89,153,163,98,157,171,89,149,160,77,133,148,78,131,147,70,117,135,69,114,133,67,109,131,62,103,125,59,95,117,42,77,99,30,61,82,42,70,91,45,71,86,56,75,89,62,76,85,47,56,61,41,42,46,32,28,27,31,21,20,83,49,40,195,115,92,246,145,103,253,154,89,255,156,72,255,150,52,252,141,34,254,146,37,247,143,32,250,153,40,251,156,40,254,155,36,254,151,33,255,148,32,255,147,36,253,148,41,251,147,36,251,145,23,252,145,17,251,144,16,250,143,15,251,142,15,250,141,12,251,139,11,250,139,8,253,140,10,251,138,6,251,137,4,252,138,3,255,139,4,255,139,2,255,137,3,253,135,0,254,136,0,255,137,1,255,137,1,255,137,1,255,137,3,255,137,3,254,136,2,254,136,2,254,136,2,254,136,2,254,136,2,254,136,2,254,136,2,254,136,2,254,136,2,254,136,0,254,136,0,255,137,1,255,137,1,255,137,1,255,138,0,254,137,0,253,137,0,254,138,0,254,138,0,254,138,0,253,140,0,253,140,0,254,141,1,254,141,1,253,142,1,251,141,0,253,143,4,252,145,5,254,147,9,254,147,9,253,146,8,253,145,10,254,148,13,255,150,15,254,150,17,255,151,18,255,152,21,255,153,22,254,153,23,255,154,24,255,154,24,254,155,25,254,157,26,254,159,29,255,161,35,255,160,37,255,158,39,255,156,38,255,156,38,255,158,38,255,160,37,255,163,40,251,165,42,249,166,48,251,164,58,253,165,67,255,161,73,254,158,71,255,162,66,251,160,69,247,156,83,199,119,70,105,48,28,54,24,24,54,52,66,49,64,83,48,70,83,55,79,91,53,77,87,41,68,79,37,64,81,43,70,89,58,81,99,70,93,109,62,87,107,59,88,106,60,93,110,65,102,118,67,109,123,66,110,123,64,110,125,64,112,126,62,108,123,65,111,126,70,113,129,71,114,130,70,113,130,68,111,128,66,109,126,61,107,123,59,108,123,58,110,124,63,112,127,67,116,131,76,123,139,80,127,143,78,124,140,72,118,134,67,110,127,58,101,118,58,99,117,64,105,123,62,103,121,50,91,109,44,82,101,43,84,102,52,93,115,74,116,138,78,125,145,60,109,126,56,105,120,88,136,150,141,185,196,181,217,229,183,210,221,179,197,207,183,192,201,177,180,187,174,173,179,182,180,183,187,183,184,187,188,193,185,197,211,180,201,220,182,205,223,181,210,226,177,213,229,169,211,225,156,204,218,144,197,211,132,190,202,124,186,197,122,186,198,121,189,200,119,187,198,118,186,197,118,186,197
113,172,186,103,165,178,93,159,171,91,161,171,92,166,177,93,170,180,93,171,183,94,172,184,98,172,185,106,178,192,121,190,205,135,202,218,141,207,223,143,206,223,144,206,221,147,209,224,143,202,218,148,206,220,148,207,223,134,196,209,114,177,192,102,168,180,100,168,181,99,167,178,100,168,181,88,156,167,83,146,161,85,149,161,89,148,164,80,139,153,74,130,147,76,129,147,77,125,145,63,108,129,58,100,122,63,104,126,53,91,112,37,73,95,41,73,94,45,76,94,50,77,94,56,79,93,56,74,84,44,57,65,51,56,62,49,48,53,38,32,36,71,42,36,189,117,93,240,145,101,244,143,73,239,136,44,244,139,30,248,145,27,255,155,43,255,160,50,250,153,50,252,153,51,255,151,44,255,148,39,255,148,39,255,150,41,252,149,44,250,148,40,252,146,28,254,146,22,253,145,19,253,145,19,254,144,19,253,144,17,254,142,16,253,141,13,254,141,13,254,141,11,254,140,8,254,140,7,255,138,6,255,139,4,254,137,5,254,138,3,255,138,2,255,138,2,255,138,2,255,138,2,255,138,2,255,137,1,255,137,3,255,137,3,255,137,3,255,137,3,255,137,3,255,137,3,255,137,1,255,137,1,255,137,1,255,137,1,255,137,1,255,138,0,255,139,0,255,138,0,254,138,0,254,138,0,254,138,0,255,139,0,252,139,0,253,140,0,254,141,1,255,143,3,255,144,3,255,144,3,254,143,2,253,143,2,254,144,5,253,146,6,254,147,9,254,147,9,252,146,10,252,146,10,253,147,12,254,148,13,253,149,16,254,150,17,255,152,21,255,153,22,255,154,24,255,154,24,253,154,24,252,155,24,250,159,26,250,162,29,254,161,32,255,160,35,255,158,38,255,157,38,254,159,39,254,161,42,251,162,44,253,164,48,254,164,50,254,162,51,255,160,57,255,161,61,255,160,65,255,159,65,255,163,68,255,162,75,243,153,90,172,97,57,81,29,15,53,24,28,57,53,67,52,64,80,50,68,82,55,77,88,56,78,89,54,76,89,55,78,94,52,75,93,51,72,89,56,77,94,62,84,105,53,80,99,51,82,100,58,94,110,64,103,118,61,105,118,60,106,121,63,109,124,64,107,123,65,108,124,71,113,129,77,119,135,78,120,136,74,116,132,70,113,130,67,113,129,63,111,125,58,107,121,61,109,123,69,117,131,74,122,136,73,121,135,72,118,133,72,118,133,74,117,133,66,109,125,67,110,126,76,119,135,77,119,135,62,104,120,47,89,105,42,83,101,46,87,107,60,101,121,61,106,125,51,98,114,46,95,110,61,109,123,110,154,167,164,202,215,198,227,241,192,214,227,192,206,219,183,191,202,180,184,195,187,190,199,189,189,197,189,196,206,193,209,224,191,214,230,192,218,233,192,221,237,188,224,240,182,224,238,173,219,234,162,214,227,148,204,217,135,195,206,126,188,201,120,184,196,114,178,190,109,175,187,109,175,187
118,177,191,106,168,181,95,161,173,92,162,172,93,167,178,96,173,183,97,175,187,99,175,188,104,178,191,111,183,197,124,191,207,136,202,218,144,207,224,146,209,224,149,211,226,154,213,229,151,210,226,147,206,222,147,209,224,141,204,219,123,186,201,108,174,188,108,176,189,109,177,190,95,163,176,90,156,170,90,153,168,86,148,163,80,139,155,78,135,152,80,136,153,79,132,150,76,124,144,62,109,129,59,104,125,69,112,131,57,98,118,51,89,108,65,100,119,60,93,110,44,73,89,53,79,92,58,80,93,46,63,73,48,57,66,54,57,66,48,47,55,65,41,39,132,71,52,210,126,82,235,138,67,234,131,36,251,147,34,255,155,35,249,155,41,250,157,51,251,154,59,252,152,58,255,148,50,255,147,44,255,149,39,255,152,41,253,150,45,253,148,41,252,145,29,254,145,26,254,145,24,255,146,25,255,146,23,255,146,23,255,144,19,255,143,17,255,141,16,255,142,14,255,141,12,255,141,9,255,138,7,254,137,5,255,138,6,255,139,7,255,138,4,255,138,2,255,138,2,255,138,2,255,138,2,255,138,2,255,137,3,255,137,3,255,138,4,255,138,4,255,137,3,255,137,3,255,137,1,255,137,1,255,137,1,255,138,2,255,139,0,255,139,0,255,139,0,255,138,0,254,138,0,254,138,0,255,139,0,255,140,1,253,140,0,254,141,1,255,142,2,255,143,3,255,144,3,255,144,3,255,144,3,254,144,3,255,145,6,254,147,7,255,148,10,255,148,10,253,147,11,253,147,11,253,147,12,251,147,12,253,149,16,253,151,17,255,153,22,255,155,23,255,155,25,253,154,24,252,153,23,249,155,23,246,158,25,247,158,28,252,157,29,255,157,32,253,158,32,253,159,35,250,162,38,249,165,43,247,162,45,253,163,49,255,163,55,255,159,55,255,156,55,255,156,56,255,156,58,255,157,60,253,152,60,249,154,74,218,133,78,130,64,32,62,15,7,52,27,33,53,49,63,54,63,78,57,73,86,57,77,88,49,67,79,45,64,78,57,76,91,60,79,96,52,71,88,50,68,88,56,78,99,51,76,96,49,78,96,53,86,103,56,93,109,56,98,112,55,98,114,56,99,115,58,101,117,60,102,118,64,106,122,70,112,128,74,116,132,72,114,130,68,109,127,64,107,124,64,112,126,64,112,126,67,115,129,70,118,132,68,116,130,65,111,126,67,113,128,71,117,132,71,114,130,73,116,132,71,114,130,69,112,128,72,114,130,74,116,132,64,106,122,51,93,109,50,88,107,49,87,106,49,92,109,57,103,119,54,102,116,43,91,105,75,118,134,133,172,187,193,225,240,204,230,245,198,215,231,190,203,219,193,202,217,191,199,212,191,199,212,196,208,220,199,218,232,197,223,236,200,228,242,200,229,243,196,229,244,191,228,244,183,226,242,176,224,238,166,218,232,150,206,219,136,194,208,123,182,196,109,171,184,104,168,180,104,168,180
121,183,194,111,175,185,101,169,180,98,171,180,102,176,187,105,182,192,107,185,195,110,187,197,109,183,196,116,188,202,129,197,210,142,208,222,151,214,229,155,217,232,156,215,231,155,214,228,157,216,232,154,213,229,151,213,228,144,207,222,130,193,208,119,185,199,112,180,193,102,170,183,87,153,167,90,156,170,94,157,172,84,146,161,74,133,149,79,136,153,80,136,153,69,122,140,53,104,123,71,119,139,65,112,130,61,106,125,60,103,122,52,93,111,57,96,113,57,94,110,44,77,92,47,76,90,53,79,92,46,65,79,44,58,71,62,70,83,63,66,81,56,41,46,75,29,16,157,87,51,222,130,63,245,144,52,255,151,38,254,154,34,247,155,44,246,154,53,251,156,66,254,152,67,255,151,56,255,149,47,254,152,41,255,154,40,255,152,41,254,148,38,252,145,31,254,144,29,254,145,28,254,145,28,255,144,26,255,144,26,255,142,22,254,141,19,255,141,17,255,142,17,255,142,15,255,140,11,255,138,9,254,137,6,255,138,7,255,139,7,255,140,5,255,140,3,255,139,2,255,139,2,255,139,2,255,139,2,254,138,1,254,138,1,255,139,2,255,139,2,254,138,1,254,138,1,253,137,0,254,138,1,254,138,1,254,138,1,254,138,0,255,139,0,255,139,0,254,138,0,254,138,0,254,138,0,253,140,0,254,141,1,254,141,1,255,142,2,254,142,4,254,142,4,254,142,4,254,142,4,255,143,5,255,145,6,255,145,8,254,147,9,255,148,10,255,148,10,254,148,12,253,147,11,251,147,12,251,147,12,254,150,17,254,152,18,255,153,22,255,155,23,255,154,24,252,153,23,252,153,23,251,154,24,251,155,32,251,155,34,254,156,31,252,157,29,249,160,30,247,163,31,244,165,34,245,166,39,247,163,41,254,163,49,255,161,55,255,157,55,255,154,55,255,154,54,253,154,52,251,153,54,245,141,52,233,136,67,174,95,52,86,28,8,46,7,8,47,27,38,45,41,55,54,60,74,55,69,80,56,74,84,42,59,69,32,48,61,51,67,82,66,82,98,64,79,98,63,80,100,56,77,98,58,80,101,58,85,104,56,87,105,55,91,107,57,96,111,55,97,111,52,94,108,53,95,109,57,96,111,56,95,112,57,96,113,62,101,118,67,109,125,66,108,124,59,102,118,63,109,124,66,112,127,67,113,128,64,110,125,62,108,123,66,109,125,69,112,128,69,112,128,69,112,128,69,112,128,62,105,121,55,98,114,66,108,124,82,124,140,78,120,136,64,103,120,58,95,113,50,87,105,40,82,98,48,91,107,55,101,116,47,93,108,53,96,112,81,120,137,155,190,209,209,238,255,207,229,250,197,215,235,201,216,237,194,207,226,201,214,233,204,220,236,205,227,241,206,233,244,208,236,248,207,236,250,203,235,250,198,234,250,193,230,248,186,228,244,176,222,238,162,211,226,145,198,214,126,184,198,109,168,184,100,162,177,103,165,180
118,182,192,111,178,187,105,175,185,105,178,187,108,182,193,109,186,196,110,188,198,112,189,199,110,184,197,115,184,199,123,189,203,136,199,214,148,210,225,156,218,233,161,220,234,161,220,234,159,218,234,159,218,234,148,210,225,131,193,208,123,186,201,123,189,203,111,177,191,88,156,169,80,146,160,85,151,165,89,152,167,80,142,157,74,133,149,80,137,154,73,129,146,52,105,123,56,109,127,63,114,133,60,109,126,52,99,117,50,96,112,55,98,114,56,98,112,47,86,101,49,85,99,45,78,93,50,79,93,50,76,91,52,71,88,67,80,99,61,69,90,40,34,48,53,25,21,102,51,24,190,111,55,247,150,69,249,146,43,249,145,34,255,159,56,253,159,63,252,156,70,254,156,69,254,156,59,253,155,48,252,155,38,255,156,36,255,153,38,255,150,36,255,147,34,255,147,34,255,146,33,255,145,30,255,145,30,254,143,27,255,142,24,253,140,18,255,142,20,255,142,17,255,142,17,255,140,13,255,138,9,255,138,9,255,138,7,255,140,8,255,141,6,255,140,3,255,140,3,255,139,2,255,139,2,255,139,2,255,139,2,255,139,2,255,139,2,255,139,2,255,139,2,254,138,1,254,138,1,254,138,1,254,138,1,254,138,1,254,138,0,255,139,0,255,139,0,255,139,0,254,138,0,253,140,0,253,140,0,254,141,1,254,141,1,254,143,2,255,143,5,254,142,4,253,141,3,254,142,4,255,143,5,255,146,7,254,147,9,254,147,9,254,147,9,255,148,10,254,148,12,252,149,12,252,148,13,251,149,13,254,152,18,254,153,19,255,154,22,255,154,22,253,154,24,253,154,24,252,155,24,253,154,27,255,156,37,255,156,37,255,157,35,253,160,31,249,162,29,245,164,29,243,165,31,244,165,36,248,162,39,255,161,47,255,159,51,255,157,52,255,154,52,255,152,50,253,152,48,248,148,50,250,145,62,217,123,62,135,64,32,60,12,2,42,12,20,43,29,44,40,36,50,48,55,65,53,66,74,60,77,85,43,60,70,27,41,52,41,53,67,57,69,85,59,74,93,65,82,102,56,74,96,63,84,105,65,90,110,63,92,110,62,95,112,65,102,118,64,103,118,60,99,114,61,100,115,62,101,116,59,96,114,53,92,109,58,97,114,68,107,124,72,111,128,67,109,125,61,104,120,63,106,122,60,103,119,54,97,113,58,101,117,68,111,127,70,113,129,64,107,123,65,108,124,65,108,124,60,103,119,55,98,114,59,101,117,67,109,125,71,113,129,70,109,126,64,101,117,60,97,113,39,78,95,24,66,82,36,79,95,54,97,113,55,98,115,50,91,109,114,149,168,195,226,246,219,244,255,209,231,254,205,223,245,200,216,239,210,225,248,210,227,245,212,234,247,214,238,250,214,241,252,213,241,253,211,239,253,206,238,253,200,233,250,193,230,248,180,221,239,167,213,229,152,201,218,133,186,202,112,169,186,102,164,179,104,166,181
111,178,187,108,176,185,106,176,186,105,179,188,105,182,190,104,183,190,103,181,191,104,181,191,105,177,189,107,177,189,110,176,190,119,182,197,131,193,206,144,203,217,151,209,223,153,212,226,148,207,221,144,206,219,130,192,205,116,178,191,118,182,194,118,184,196,102,168,180,82,148,160,84,148,160,85,149,161,87,149,162,86,148,161,83,142,156,79,137,151,69,125,140,55,108,124,64,117,135,47,98,117,52,101,118,55,102,120,53,99,115,67,110,126,66,110,123,47,89,101,44,84,96,54,90,104,62,95,110,63,92,110,57,79,100,51,69,93,49,63,89,50,55,75,61,51,59,79,47,36,145,81,45,215,129,68,250,145,64,255,144,52,253,145,54,249,148,58,252,154,65,251,158,65,249,160,56,247,160,45,247,159,35,253,158,32,255,153,31,255,150,32,255,150,37,255,149,38,255,148,37,255,148,34,255,146,31,255,146,29,254,143,25,253,143,20,255,143,21,255,143,17,255,141,16,254,141,13,254,139,10,254,139,10,255,140,11,255,141,9,255,142,9,255,142,7,255,142,4,254,141,3,254,141,3,254,141,3,254,141,1,254,141,1,254,141,1,254,141,1,254,141,1,254,141,1,253,140,0,253,140,0,253,140,2,252,139,1,254,138,0,255,139,0,254,141,1,254,141,1,254,141,3,254,141,3,254,141,3,254,142,4,254,142,4,255,143,5,255,144,8,255,145,8,253,143,6,253,143,6,254,144,7,255,145,8,254,146,11,254,146,11,254,146,11,254,146,11,254,148,13,253,149,14,254,150,17,253,151,17,255,152,21,254,153,21,254,153,23,252,153,23,253,154,24,254,155,25,254,157,27,255,156,30,255,156,37,255,155,36,255,158,34,254,160,34,250,163,32,248,164,32,248,164,32,249,161,35,250,160,38,253,160,41,254,158,45,253,157,45,254,156,47,255,154,48,255,151,46,251,147,52,244,141,66,187,99,49,100,39,18,49,13,13,41,23,37,39,32,50,40,40,52,40,47,55,53,66,72,63,78,85,43,57,66,21,35,46,31,41,53,39,51,65,40,56,72,52,69,89,55,71,94,60,78,100,63,85,106,64,91,110,64,95,113,66,102,118,68,104,120,66,103,119,66,103,119,67,104,120,67,103,119,61,98,114,60,97,113,64,103,118,69,108,123,72,111,126,64,106,120,63,105,119,56,98,112,49,91,105,53,95,109,63,105,119,64,106,120,58,100,114,55,97,111,60,102,116,62,104,118,57,99,113,50,92,106,49,91,105,56,98,112,65,104,119,65,102,118,72,108,124,61,98,114,37,76,91,27,69,85,40,82,98,56,97,115,64,102,121,83,120,139,148,180,201,210,237,255,221,243,255,211,229,253,209,225,248,214,229,252,217,232,251,218,236,250,219,239,250,220,242,255,219,242,255,219,242,255,213,240,255,206,235,253,198,231,250,188,226,245,175,218,237,161,208,228,142,195,213,122,179,196,110,172,187,108,174,188
108,176,185,106,176,184,105,178,187,107,181,190,105,182,190,100,179,186,97,175,185,97,174,184,97,169,181,101,169,182,105,171,185,112,174,189,121,180,194,127,186,200,130,188,202,129,188,202,130,189,203,121,183,194,111,173,186,115,177,188,124,188,200,115,179,189,91,157,169,79,146,155,84,148,160,81,143,154,83,145,158,89,149,160,83,141,155,69,125,138,63,116,132,63,116,132,37,90,108,31,84,102,42,91,108,49,98,113,62,108,123,61,107,120,46,90,101,47,91,102,55,97,109,62,102,114,56,92,108,59,90,110,62,88,111,51,72,99,52,69,97,71,81,106,68,71,86,66,50,51,82,37,16,143,71,31,224,128,68,255,144,72,248,135,57,255,150,65,250,151,60,246,157,57,244,162,52,242,162,41,243,159,34,250,156,30,255,153,28,255,151,32,255,150,36,255,148,39,255,147,36,253,146,32,255,145,30,254,145,28,254,143,25,253,143,20,255,144,19,255,144,18,255,142,14,254,141,11,255,140,11,255,140,11,255,141,12,255,142,10,255,143,10,255,142,7,255,142,7,255,142,4,254,141,3,254,141,3,254,141,1,255,142,2,254,141,1,254,141,1,255,142,2,255,142,2,255,142,2,254,141,1,253,140,2,253,140,2,255,139,0,255,140,1,255,142,2,255,142,2,255,142,4,255,142,4,254,142,4,254,142,4,254,142,4,255,144,8,255,147,10,255,147,10,255,144,10,253,143,6,253,142,8,254,143,9,254,146,11,253,145,10,253,145,11,253,147,12,252,148,13,254,150,17,254,152,18,253,152,18,254,153,21,254,153,21,252,153,23,252,153,23,252,153,23,254,155,25,255,158,29,255,159,33,255,155,31,255,155,33,255,157,33,254,160,34,253,161,36,252,163,37,254,160,38,254,160,38,253,158,38,252,159,40,249,158,41,248,157,42,250,155,45,255,154,48,255,149,48,253,145,55,222,123,58,148,69,30,66,16,5,42,16,25,38,29,48,34,35,55,42,44,56,34,41,47,41,54,60,57,72,79,51,65,74,44,56,68,56,66,78,50,59,74,32,48,64,35,52,70,56,73,93,56,74,96,57,79,100,59,86,105,59,90,108,60,93,110,62,95,112,62,98,114,62,98,114,64,100,116,69,102,119,66,102,118,60,96,112,55,92,108,58,95,111,63,102,117,70,109,124,69,108,123,63,100,116,52,91,106,49,88,103,54,93,108,57,96,111,54,96,110,57,96,111,61,103,117,65,104,119,59,101,115,57,96,111,58,100,114,63,102,117,65,104,119,70,107,123,64,100,116,62,99,115,59,96,112,43,82,99,31,70,87,39,78,95,54,93,110,65,100,119,96,127,147,184,211,232,223,245,255,216,234,255,217,232,255,216,228,250,225,236,255,222,236,249,223,240,250,226,242,255,226,243,255,225,244,255,220,243,255,211,236,255,201,232,253,189,224,246,175,216,236,160,207,227,142,195,213,121,180,196,109,172,187,104,172,185
101,171,181,107,177,187,107,180,189,106,180,189,103,180,190,98,176,186,94,171,181,97,171,182,101,173,185,106,174,187,112,176,188,118,180,193,124,183,197,127,185,199,123,181,193,116,176,187,107,167,178,107,170,179,103,165,176,112,175,184,123,187,197,107,171,180,82,146,156,80,144,153,78,140,151,89,152,161,88,148,159,80,138,149,81,137,150,77,131,143,57,110,124,41,93,107,27,80,96,27,80,98,50,99,116,59,108,123,49,95,110,53,99,112,63,107,118,50,94,105,52,94,106,60,100,112,54,91,107,60,93,112,65,93,115,62,86,112,65,84,114,58,74,100,53,64,84,60,57,66,57,32,27,78,27,6,169,87,50,242,138,87,254,136,72,255,143,64,255,152,60,249,156,52,245,164,49,244,165,44,245,161,37,252,160,37,255,158,37,255,154,36,255,150,38,255,151,41,255,151,39,255,150,35,254,147,31,253,147,27,254,145,24,254,146,22,254,144,19,253,144,17,254,142,14,254,143,12,255,142,12,255,142,10,255,142,10,254,141,9,253,141,7,253,141,5,253,141,5,253,141,5,254,142,4,255,143,5,255,144,3,255,144,3,253,142,1,253,142,1,254,143,2,254,143,2,253,141,3,252,140,2,251,139,1,251,139,1,253,140,2,254,141,3,255,142,4,255,142,4,254,142,6,254,142,6,254,142,6,255,143,7,253,143,6,253,142,8,253,142,8,254,143,9,253,145,11,253,145,10,253,145,11,253,145,11,253,145,11,253,145,11,253,146,14,255,149,17,255,153,20,255,154,23,255,153,22,254,153,21,255,154,24,251,152,22,250,151,22,252,153,24,255,156,27,255,158,29,255,157,30,253,154,25,254,155,25,255,159,28,255,162,34,255,161,38,255,158,39,255,156,39,255,154,41,255,158,44,255,162,48,253,159,43,249,160,42,249,160,44,251,156,48,255,153,52,255,145,52,248,137,58,190,99,46,97,30,1,52,14,11,43,27,40,36,34,55,36,43,62,33,40,50,36,45,50,41,56,61,59,76,83,63,77,88,51,63,77,53,63,75,59,71,85,57,75,89,57,76,93,59,76,96,59,77,97,55,76,95,54,80,97,60,89,105,60,92,107,58,91,106,59,92,107,64,97,112,60,93,108,60,92,107,62,95,110,62,95,110,57,93,107,55,93,106,56,94,107,56,94,107,59,97,110,63,99,113,66,104,117,65,103,116,57,95,108,55,93,106,63,103,115,65,103,116,60,100,112,61,99,112,67,107,119,72,110,123,68,108,120,65,103,116,62,99,115,59,95,111,54,89,108,54,89,108,58,93,112,53,90,108,41,78,96,35,72,90,38,74,90,70,101,119,77,106,122,139,165,182,218,236,255,229,244,255,217,228,248,226,233,252,227,234,252,228,237,252,228,240,252,230,242,255,230,243,255,228,243,255,223,241,255,213,235,255,204,230,253,191,226,248,177,218,238,159,206,226,142,195,213,120,182,197,104,170,184,95,165,175
98,168,178,102,175,184,105,178,187,102,179,187,102,179,189,98,176,186,97,174,184,101,175,186,104,176,188,121,189,202,137,201,213,141,203,216,142,201,215,140,198,212,132,190,202,122,180,192,111,171,181,99,162,171,98,161,170,113,176,185,119,182,191,97,161,170,77,140,149,77,140,149,72,135,144,79,139,149,78,136,147,72,129,140,66,120,132,56,108,121,43,95,108,36,88,101,41,92,109,59,110,127,64,113,128,63,111,125,70,116,129,65,109,122,51,95,106,48,92,103,56,98,110,62,102,114,65,102,118,60,95,114,51,82,103,54,80,105,61,82,111,52,69,95,51,66,87,49,55,67,44,38,42,58,29,21,114,52,31,195,105,70,252,141,88,254,137,67,255,148,58,251,154,51,247,161,48,245,164,46,247,160,44,249,158,43,254,157,42,255,153,42,255,152,41,255,152,41,255,152,39,255,151,36,255,150,33,255,150,30,255,149,27,255,148,22,253,146,18,254,145,16,255,146,15,255,144,13,254,143,10,253,142,9,254,141,9,255,142,10,255,142,10,254,142,8,254,142,8,254,142,6,255,143,7,255,143,5,254,143,2,254,143,2,253,142,1,253,142,1,254,143,2,254,143,2,254,142,4,253,141,3,253,141,3,253,141,3,254,141,3,255,142,4,255,142,4,254,142,4,254,142,6,253,141,5,254,142,6,254,143,9,255,144,10,254,143,10,254,143,10,252,144,10,253,144,13,254,145,14,255,146,15,255,146,15,254,145,14,254,145,14,254,147,17,255,149,19,255,151,20,254,151,20,252,151,21,252,151,21,252,153,23,251,152,23,251,152,23,252,153,24,254,155,26,255,155,29,255,155,29,255,156,29,249,154,24,249,156,25,251,157,31,253,157,37,254,154,40,254,152,41,255,152,42,255,154,43,252,151,37,254,154,40,254,158,45,251,154,47,246,148,51,246,142,55,237,127,52,213,110,51,139,61,22,72,20,0,46,17,19,36,28,43,29,34,54,31,42,60,30,40,49,32,46,49,39,54,59,55,72,79,60,74,85,54,66,80,60,69,84,66,78,92,65,83,97,64,86,100,62,79,97,57,75,95,55,76,95,59,85,102,65,92,109,60,89,105,56,88,103,61,94,109,63,95,110,61,93,108,61,93,108,63,95,110,64,96,111,61,94,109,56,92,106,54,90,104,59,95,109,63,99,113,65,98,113,62,98,112,64,97,112,58,94,108,56,92,106,59,95,109,62,98,112,65,103,116,66,102,116,61,99,112,61,97,111,60,98,111,55,91,105,46,82,96,49,85,101,53,88,107,53,88,107,52,85,104,52,85,104,53,86,103,47,80,97,40,73,88,48,77,93,57,85,99,98,121,137,181,198,214,230,243,255,228,235,253,231,234,251,232,235,252,230,236,250,231,238,254,232,239,255,232,240,255,229,241,255,223,239,255,214,234,255,204,230,255,189,221,244,174,215,237,159,206,226,142,198,215,125,187,202,108,176,189,100,173,182
97,167,177,101,174,183,104,176,188,100,177,187,100,177,187,96,174,184,98,174,187,105,179,192,118,188,200,136,202,216,148,211,226,147,209,224,147,206,220,148,207,221,142,200,212,131,189,201,113,173,183,92,152,160,95,155,163,115,175,183,109,169,177,82,145,152,73,133,141,76,136,144,95,155,163,85,144,152,74,131,140,64,118,128,49,101,112,41,91,102,44,94,105,50,99,113,59,108,123,72,121,136,67,114,130,67,113,128,83,127,140,72,114,128,53,95,107,59,101,113,76,116,128,56,96,108,54,91,107,51,86,105,49,80,100,64,90,113,66,90,114,56,74,98,49,62,79,48,58,68,40,47,55,48,40,38,70,32,23,132,66,42,222,125,83,249,139,78,255,147,65,254,151,56,253,157,54,251,160,53,251,158,54,250,157,53,252,156,54,252,155,50,255,154,46,254,152,41,253,152,38,255,151,36,255,152,34,255,152,31,254,150,27,254,149,22,251,146,18,254,147,17,255,148,16,255,146,15,252,143,12,250,141,10,253,142,11,255,144,11,255,143,11,255,144,10,255,144,10,255,144,8,255,144,8,255,143,5,254,143,2,253,142,1,253,142,1,254,143,2,254,143,2,255,144,3,254,142,4,254,142,4,254,142,6,255,143,7,254,142,6,255,143,7,255,143,7,255,143,7,254,142,8,252,141,7,253,142,8,253,142,9,255,146,13,254,145,14,253,144,13,253,144,13,254,145,16,254,147,17,255,148,18,255,148,18,255,147,18,255,148,19,255,150,22,255,150,22,254,149,21,253,150,21,251,149,21,251,149,21,254,152,24,255,153,27,255,153,27,255,154,28,255,154,28,255,154,31,255,155,32,255,157,33,250,156,32,249,157,34,251,156,38,251,156,40,252,155,42,252,155,40,254,153,39,254,150,35,254,149,32,255,150,39,255,148,46,253,142,52,244,136,61,229,127,65,191,95,45,142,60,23,84,26,2,53,15,6,45,26,32,36,34,48,30,37,56,31,44,60,30,44,53,37,52,57,35,53,57,46,63,70,49,63,76,47,59,75,56,68,84,64,78,91,65,84,98,68,90,103,60,77,95,58,76,96,54,75,94,55,81,98,61,88,105,60,89,105,57,89,104,61,93,108,60,89,105,61,90,106,62,91,105,61,93,106,62,94,107,60,94,106,57,91,103,52,86,98,61,95,107,65,99,111,63,95,108,57,91,103,59,91,104,58,92,104,55,89,101,54,88,100,56,90,102,60,96,108,62,96,108,54,90,102,53,87,99,51,87,99,48,82,94,40,73,88,49,82,99,54,87,106,55,88,107,54,85,105,56,87,105,60,91,109,55,86,104,47,76,92,38,67,81,50,76,89,62,84,97,135,153,165,219,229,241,236,242,255,236,235,249,236,235,249,235,237,252,235,238,255,233,238,255,232,239,255,228,239,255,222,238,255,213,233,255,202,230,254,186,220,245,174,216,240,161,209,231,146,203,222,131,194,209,117,187,199,110,183,192
89,159,169,93,166,175,96,168,180,93,170,180,94,171,181,93,171,181,97,173,186,108,182,195,127,197,209,136,202,216,140,203,218,138,200,215,142,201,215,147,206,220,144,202,214,135,193,205,115,175,185,95,155,163,101,161,169,113,173,181,92,152,160,69,129,137,70,130,138,79,138,146,78,137,145,64,121,130,60,114,124,59,111,122,53,103,114,51,99,111,57,105,117,60,108,122,56,104,118,50,98,112,60,106,121,79,122,138,81,123,137,73,112,127,67,107,119,67,107,119,49,89,101,33,71,84,44,82,95,60,96,112,74,105,123,77,104,123,55,77,100,38,56,76,41,54,70,47,59,71,38,55,63,43,51,54,56,38,36,81,35,20,157,78,47,229,131,82,250,146,75,255,150,66,253,152,60,252,152,56,251,152,58,250,153,58,248,153,59,252,155,58,254,156,49,254,154,42,252,150,39,252,151,35,252,151,33,254,151,30,251,149,25,250,146,21,250,147,18,252,148,17,253,149,18,254,147,15,252,145,15,252,143,12,252,143,14,253,144,13,255,146,15,255,144,12,255,144,12,255,145,11,255,145,11,255,144,8,254,142,4,253,142,1,253,142,1,254,143,2,254,143,2,254,143,2,254,142,4,254,142,4,254,142,6,255,143,7,255,143,7,255,143,7,255,143,7,255,143,7,253,142,8,253,142,8,253,142,9,254,143,12,255,146,15,254,145,16,254,145,16,254,145,18,255,148,20,255,149,21,255,149,21,255,149,21,255,147,22,255,150,22,255,151,25,255,152,25,255,152,24,254,151,23,254,152,24,255,153,27,255,153,27,255,153,27,255,153,27,255,152,29,255,153,30,255,153,31,255,153,31,255,155,34,255,156,39,254,157,44,255,157,45,255,156,44,254,157,44,253,156,43,253,152,38,253,147,35,255,147,39,255,142,44,255,133,48,237,120,51,212,106,54,180,88,49,128,52,26,74,17,0,55,17,8,45,21,19,46,35,43,39,38,52,33,42,57,31,47,60,33,50,58,44,62,66,43,61,65,48,63,70,41,53,67,36,48,64,44,57,74,51,67,82,55,75,86,64,83,97,64,83,100,70,88,108,61,84,102,50,76,93,53,80,97,60,89,105,59,91,106,55,87,102,56,85,101,60,89,105,61,90,104,59,88,102,58,87,101,57,89,102,56,88,101,51,85,97,58,90,103,60,92,105,57,89,102,55,87,100,57,89,102,59,91,104,58,90,103,58,90,103,56,88,101,54,86,99,54,86,99,53,85,98,51,83,96,47,79,92,45,77,90,46,78,93,53,84,102,49,80,100,52,80,101,58,86,107,60,87,106,54,81,100,51,78,95,53,80,97,44,72,86,50,76,89,47,69,82,88,106,118,179,189,201,234,238,250,239,238,252,237,235,249,234,235,253,233,236,255,230,235,255,227,235,255,223,235,255,218,234,255,208,229,255,198,225,252,186,222,248,175,217,241,163,211,233,148,205,224,134,197,212,121,189,202,116,186,196
79,149,161,83,155,167,87,159,173,88,164,177,92,168,181,93,171,183,100,176,189,114,186,200,130,199,214,135,201,217,139,202,217,141,203,218,145,204,218,146,205,219,142,201,215,137,197,208,125,185,195,113,173,183,115,175,185,107,167,177,77,135,146,61,119,130,73,131,142,83,140,151,71,128,139,55,109,121,49,101,114,54,103,117,57,105,119,62,108,123,63,109,124,58,104,119,44,90,105,42,88,101,67,111,124,85,127,141,74,113,128,65,102,118,60,98,111,46,84,97,16,54,65,34,70,82,58,94,106,67,101,113,73,102,116,61,89,103,34,57,73,32,51,66,45,59,72,43,57,68,35,53,65,34,49,56,42,42,44,47,22,17,89,34,14,171,93,57,232,135,82,251,146,78,255,148,68,252,143,58,251,145,57,249,148,58,249,149,61,251,152,58,253,154,50,251,154,41,251,151,39,251,151,37,251,152,35,252,152,32,249,149,27,249,147,21,250,148,20,251,148,19,251,148,19,252,148,17,252,147,19,254,147,17,253,146,18,253,144,15,255,145,17,255,146,15,255,145,14,255,145,12,255,145,11,255,145,8,254,144,5,253,143,4,253,143,2,253,143,2,253,143,4,253,143,4,252,142,5,252,142,5,252,141,7,253,142,8,254,143,9,254,143,9,255,144,10,255,144,10,254,143,10,254,143,10,252,143,12,253,144,13,254,145,16,254,145,18,254,147,19,255,147,21,255,148,22,255,148,22,255,147,21,255,147,21,254,146,22,255,148,22,255,150,26,255,152,27,255,152,27,255,152,27,255,155,29,255,156,32,255,154,30,254,152,28,254,150,27,255,150,30,255,152,32,255,152,33,255,151,32,255,149,32,255,147,39,255,149,44,255,149,44,255,150,41,255,150,41,254,152,42,255,150,41,255,144,42,252,133,41,244,121,43,227,103,43,190,77,33,144,50,22,105,33,18,69,22,14,41,13,10,41,22,24,39,28,34,43,36,44,42,40,51,38,46,57,35,49,58,33,52,59,45,64,70,56,71,78,55,68,77,45,54,71,37,45,64,40,53,72,44,60,76,48,68,79,58,78,89,74,93,110,78,99,118,70,93,111,56,82,99,55,82,99,60,89,105,58,87,101,52,81,95,59,87,101,63,91,105,64,92,106,59,88,102,56,85,99,55,87,100,57,89,100,56,88,99,55,84,98,56,85,99,55,84,98,57,86,100,61,90,104,60,89,103,61,90,104,67,96,110,65,94,108,61,90,104,57,86,100,53,82,96,51,80,94,49,78,92,50,79,93,50,79,95,53,82,100,46,73,92,46,71,91,51,76,96,50,72,93,43,65,86,45,71,88,55,82,99,47,75,89,42,68,81,37,61,73,47,65,77,120,132,144,212,218,230,240,242,255,235,234,250,228,231,250,226,231,251,224,230,252,220,231,253,217,231,255,211,231,255,203,227,253,194,224,250,186,222,248,174,216,241,160,208,230,146,201,221,131,193,208,120,183,198,114,180,192
89,159,171,92,164,176,96,168,182,100,174,187,102,178,191,102,178,191,109,183,196,120,192,206,137,206,221,144,210,226,150,213,228,151,213,228,150,209,225,148,207,221,149,208,222,151,210,224,138,198,209,134,194,204,120,180,190,92,152,162,63,121,132,60,118,129,74,131,142,84,138,150,90,144,156,70,122,135,54,103,117,51,99,113,57,103,118,61,107,122,60,103,119,52,95,111,56,100,113,71,115,128,79,121,135,70,109,124,53,90,106,43,79,95,33,69,83,24,60,74,35,71,83,68,102,114,74,108,120,54,86,97,48,76,88,44,71,82,39,61,74,49,68,82,59,73,86,42,56,69,36,54,68,29,45,58,28,37,44,36,26,27,57,20,11,103,41,18,194,106,66,236,132,77,255,146,75,254,143,62,253,145,57,253,148,57,253,147,59,255,152,59,252,153,49,251,153,42,250,152,41,250,153,38,253,154,37,253,154,34,253,153,31,251,151,27,251,149,23,250,148,20,251,148,20,252,149,20,254,149,22,254,149,21,255,147,21,253,146,18,255,146,19,255,145,17,255,145,14,255,145,12,255,145,12,255,146,9,255,145,8,254,144,5,253,143,2,253,143,2,253,143,4,253,143,4,252,142,5,252,142,5,252,141,7,253,142,8,254,143,9,255,144,10,255,144,10,255,144,10,255,144,11,255,144,11,253,144,13,254,145,16,253,144,17,254,145,18,254,146,20,255,148,22,255,149,25,255,149,25,255,147,23,254,146,22,253,145,21,254,146,22,254,149,24,255,150,25,255,151,26,255,152,29,255,154,30,255,155,31,255,157,33,255,153,30,255,150,30,255,149,30,255,151,32,255,150,32,255,147,29,255,143,28,255,140,29,255,141,32,255,139,33,255,138,33,255,140,37,255,141,42,255,134,43,250,127,47,234,107,40,207,83,31,168,54,18,125,29,5,82,10,0,55,7,3,40,19,18,35,29,33,33,31,42,34,34,44,40,37,46,45,42,49,45,50,56,38,51,59,35,54,61,41,61,68,52,66,75,57,67,77,49,56,74,42,50,71,44,56,78,47,62,81,51,69,79,60,80,89,70,92,106,70,93,111,68,91,109,64,91,108,65,92,109,60,89,105,55,84,98,55,84,98,63,91,105,66,94,108,67,95,109,63,91,105,60,88,102,58,87,101,60,90,101,60,92,103,56,85,99,56,85,99,55,84,98,56,85,99,58,87,101,55,84,98,54,82,96,59,87,101,66,94,108,69,97,111,63,91,105,51,79,93,49,77,91,56,84,98,58,84,99,52,78,93,51,77,94,49,74,94,47,69,90,42,63,84,39,60,81,43,64,85,52,75,93,59,85,102,52,80,94,39,67,81,39,62,76,31,50,64,72,86,99,173,183,195,233,236,251,230,233,250,223,228,247,223,229,251,221,229,252,218,230,254,215,231,255,210,231,255,203,229,255,194,225,253,183,220,247,170,214,239,158,206,228,146,198,219,132,189,206,119,181,196,114,178,190
107,176,191,108,180,194,110,182,196,112,186,199,112,188,202,109,185,199,112,185,200,121,193,208,141,210,225,150,216,232,156,219,236,154,216,231,153,212,228,155,214,230,156,218,231,158,217,231,143,203,214,139,197,209,107,165,177,66,124,136,53,109,122,63,119,132,75,128,142,78,131,145,74,126,140,63,112,127,49,98,113,50,97,113,59,105,121,62,105,122,57,98,116,54,97,113,74,118,131,82,126,137,69,111,123,42,82,94,27,63,79,23,56,73,27,60,75,38,71,86,59,93,105,72,106,118,62,94,105,48,78,88,46,73,82,47,71,81,49,72,80,53,73,84,57,74,90,48,64,80,43,58,77,39,52,68,34,44,56,38,35,42,48,27,26,65,17,5,134,57,29,202,105,60,247,139,75,253,142,63,253,143,54,255,146,53,255,144,55,255,148,56,254,153,49,251,155,45,251,155,43,251,155,42,252,155,40,252,156,36,253,154,34,253,155,30,250,151,24,251,152,25,254,152,26,254,152,24,255,151,26,254,151,23,254,149,24,255,148,22,255,147,20,255,145,17,255,145,14,255,144,11,255,144,11,255,145,8,255,145,8,255,145,6,253,143,4,253,143,4,254,144,5,253,143,4,253,143,6,253,142,8,254,143,9,255,144,10,255,144,11,255,145,12,255,145,12,255,145,12,253,144,13,253,144,13,253,144,15,253,144,15,253,146,18,254,146,20,255,147,23,255,148,24,255,149,27,255,149,27,254,148,26,253,147,25,255,146,25,255,146,25,253,147,25,253,147,25,254,150,27,255,151,30,254,151,30,254,151,30,255,153,32,255,151,30,254,148,30,255,147,30,255,145,29,255,142,27,252,138,23,250,135,18,251,131,11,254,131,12,254,128,15,255,127,20,255,124,29,255,116,35,241,96,33,222,80,32,193,60,27,153,36,16,107,15,2,73,6,0,48,7,3,37,18,14,34,30,27,28,36,38,28,38,50,32,39,55,42,39,48,48,43,49,48,49,54,44,53,58,40,59,66,40,59,66,48,61,70,57,65,78,53,58,77,45,51,73,45,57,81,48,63,82,51,69,79,59,79,86,59,81,95,61,84,102,63,86,104,65,92,109,68,95,112,63,92,108,59,88,102,61,90,104,65,93,107,65,93,107,66,92,107,66,94,108,64,92,104,59,89,100,58,88,99,59,89,100,57,85,97,59,87,99,57,85,97,55,83,95,58,86,98,56,84,96,52,78,91,50,76,89,59,85,98,66,92,105,63,89,102,52,78,91,48,74,87,54,80,93,58,81,95,53,76,92,48,71,87,53,74,93,49,70,89,40,58,78,38,56,76,48,66,86,55,78,96,55,81,98,53,80,97,49,77,91,49,77,91,41,64,78,41,58,74,116,129,145,210,217,235,227,232,251,221,228,247,218,229,249,216,228,250,212,228,251,209,229,254,203,229,254,196,226,252,188,222,249,174,214,240,165,209,234,155,203,225,145,196,217,133,189,206,122,179,196,117,176,190
109,181,195,111,183,197,111,185,198,114,188,201,116,190,203,111,185,198,110,184,197,117,189,203,135,202,218,146,212,226,154,216,231,153,215,230,157,216,230,163,222,236,160,219,233,151,211,222,140,198,210,133,189,202,87,143,156,44,100,113,46,102,115,67,120,134,73,126,140,75,127,141,70,119,134,58,105,121,41,88,104,40,86,102,52,95,112,56,99,116,61,104,121,75,117,133,74,116,130,64,106,118,49,89,101,30,68,81,14,47,62,15,48,63,41,73,88,68,100,115,62,94,107,50,82,95,34,64,75,38,66,77,42,69,78,42,66,76,52,75,83,50,72,83,45,64,79,55,72,90,49,64,83,52,65,84,47,60,79,36,42,58,42,32,41,51,20,18,77,15,0,165,81,47,230,129,75,246,138,66,249,140,55,251,142,49,252,142,47,255,147,49,252,153,51,251,156,50,251,156,48,252,156,44,250,155,39,251,154,37,252,153,33,254,154,32,251,151,29,255,152,31,255,154,33,255,154,33,254,152,28,253,151,27,253,151,27,255,151,26,255,149,21,255,147,18,254,145,14,252,143,12,252,144,10,253,145,10,253,145,10,255,145,8,253,143,6,253,143,6,254,144,7,253,142,8,253,142,9,254,143,10,255,144,11,255,145,14,255,144,14,255,145,14,255,145,17,255,144,16,253,144,15,252,143,16,252,143,16,252,144,18,255,147,23,253,148,23,253,147,25,254,148,26,255,149,27,255,149,27,255,149,29,255,149,27,255,149,28,255,147,26,255,146,25,253,147,25,254,148,26,255,149,27,255,147,26,255,146,25,255,143,23,255,141,24,255,139,23,255,136,23,254,133,20,250,129,16,245,125,12,244,123,8,247,122,6,251,121,9,254,118,16,254,115,24,253,110,34,238,93,36,207,64,24,171,39,14,131,19,5,100,11,5,68,9,5,47,12,10,37,19,19,32,28,27,32,34,33,24,32,35,27,39,53,34,43,58,41,41,49,43,42,47,41,44,49,44,53,58,44,61,69,38,56,66,54,66,78,62,72,84,57,64,82,46,54,73,42,54,76,42,57,76,45,63,73,52,72,81,57,76,91,64,85,104,65,88,106,63,89,106,66,93,110,68,97,113,64,93,107,61,90,104,63,91,105,61,89,103,62,88,103,66,92,107,66,92,105,60,88,100,55,83,95,55,81,94,53,79,92,59,85,98,57,83,96,55,83,95,60,90,101,64,94,105,59,87,99,52,80,92,55,82,93,58,85,96,60,84,96,56,80,90,51,73,84,48,70,81,50,72,83,52,74,85,46,65,79,50,67,83,47,64,82,41,58,76,40,57,75,45,62,80,47,68,85,46,69,85,45,73,87,56,84,98,60,86,101,56,79,95,26,45,62,69,84,103,187,195,214,224,230,252,217,225,246,215,226,248,210,225,248,206,224,248,201,222,249,195,222,249,186,217,245,177,212,240,167,207,233,160,202,227,151,197,221,143,194,215,132,188,205,122,180,194,117,177,188
110,184,197,111,185,198,113,187,198,114,188,199,111,185,196,109,181,193,109,179,191,111,179,190,123,189,201,131,195,207,144,206,217,155,215,226,159,217,229,158,216,227,149,207,218,138,195,206,137,191,203,127,179,192,66,120,132,41,95,107,56,110,122,71,125,137,82,134,147,66,115,129,66,113,129,58,104,120,36,79,96,34,77,94,47,88,106,61,104,121,77,120,137,74,117,133,62,101,116,48,86,99,43,81,94,39,75,89,33,66,81,46,78,91,62,91,105,56,85,99,46,74,88,31,59,73,31,59,73,41,67,80,43,69,82,44,71,82,49,76,87,54,78,90,60,80,91,56,74,88,50,67,85,43,61,83,36,56,81,33,49,74,36,41,60,47,34,43,54,13,11,101,34,15,175,86,46,231,128,69,243,135,60,242,137,45,247,148,46,251,154,49,247,153,53,248,154,56,248,155,52,247,155,46,249,153,41,250,153,38,254,155,38,255,154,36,255,153,36,255,154,39,255,154,39,255,152,37,251,150,32,249,150,30,248,152,29,250,155,27,254,151,22,254,150,19,251,147,14,250,146,13,253,146,14,253,146,14,253,146,14,253,144,13,251,142,11,253,144,13,255,145,14,255,143,15,254,141,13,254,140,15,254,140,15,255,142,17,255,141,18,255,143,19,255,144,22,255,144,22,255,145,22,254,144,23,254,145,24,252,146,26,253,147,27,251,147,26,251,147,26,252,148,27,253,149,28,253,149,28,252,147,29,251,145,25,255,146,25,255,146,23,255,147,23,255,147,23,255,146,23,255,143,21,255,138,18,255,134,16,255,129,13,255,122,10,255,122,11,255,122,14,255,117,8,249,115,4,247,117,7,247,116,10,249,113,14,250,110,23,250,104,29,238,92,32,216,71,27,179,46,15,140,25,6,107,15,2,72,8,0,52,13,6,36,19,12,28,24,21,30,28,29,33,31,34,39,29,37,37,30,38,35,39,48,32,41,50,38,42,51,40,47,53,41,50,57,40,53,61,41,58,66,44,62,72,51,68,78,59,75,88,64,77,93,55,71,86,45,61,76,39,57,71,39,57,69,40,60,71,47,66,81,53,74,91,54,77,93,53,79,94,57,85,99,56,84,98,60,89,105,73,102,118,66,95,111,58,85,102,59,85,100,66,92,107,66,92,105,59,82,96,55,78,92,60,82,96,63,80,98,58,77,94,55,78,94,52,80,94,51,83,94,59,93,103,60,94,103,50,83,92,50,79,87,52,77,84,52,72,79,53,72,78,54,72,76,48,66,70,42,62,63,43,61,65,44,58,69,52,64,78,53,65,79,44,58,71,35,49,62,34,50,63,39,59,70,43,65,76,40,64,76,48,75,86,67,90,104,73,94,111,37,54,74,45,60,81,144,154,179,215,222,248,216,223,249,211,221,246,206,221,244,197,217,241,186,212,237,182,212,238,179,213,241,173,208,238,164,200,232,158,197,228,153,197,226,144,194,217,132,188,205,125,187,198,126,190,199
108,184,197,110,186,199,113,187,198,111,185,196,108,180,192,106,178,190,111,179,190,114,182,193,121,185,195,126,190,200,136,196,206,141,201,211,141,199,210,134,192,203,126,183,192,124,178,188,133,185,196,112,164,175,67,119,132,55,107,120,68,122,134,77,131,143,84,133,147,72,121,135,71,117,133,52,98,114,31,74,91,35,76,94,59,100,118,76,119,136,75,118,135,60,103,119,55,94,109,46,84,97,39,75,89,39,72,87,46,78,91,56,88,101,56,85,99,43,71,85,34,60,75,39,65,80,45,71,86,44,70,85,41,67,80,45,71,84,50,78,90,53,80,91,51,73,84,48,67,81,43,64,81,44,66,89,45,69,95,45,67,91,40,55,76,42,44,57,57,35,38,63,16,6,119,48,20,194,103,58,228,126,62,240,135,52,248,145,50,248,146,46,245,145,51,250,150,56,252,153,52,249,152,47,249,151,40,251,154,41,254,154,40,252,152,38,255,153,42,255,154,44,255,153,44,255,153,43,253,151,40,250,150,36,248,152,32,251,153,30,253,151,25,253,150,22,252,149,20,252,149,20,254,150,19,253,149,18,254,147,17,253,146,16,252,145,15,254,145,16,255,146,17,254,145,16,255,143,15,254,142,14,255,143,15,255,143,18,255,142,20,255,142,22,255,143,23,255,145,24,255,146,25,255,146,25,252,146,24,251,147,24,255,152,29,255,151,28,253,151,27,253,151,27,255,151,28,255,151,28,254,150,27,254,148,26,255,150,28,255,146,22,254,142,17,251,137,13,251,135,14,252,133,13,254,129,13,255,125,11,255,122,12,255,114,9,255,113,10,255,114,14,255,109,12,255,107,12,254,104,10,247,99,13,235,91,18,230,88,26,217,77,26,190,58,19,153,33,8,115,13,0,82,4,0,58,5,0,44,15,11,31,21,19,22,27,23,21,30,29,26,30,33,32,29,36,39,29,40,40,30,41,37,37,45,34,41,47,38,45,53,41,50,57,43,53,63,43,56,65,45,59,70,47,64,74,52,68,81,50,68,80,53,71,85,57,75,89,57,75,87,53,71,83,49,67,79,49,67,79,48,67,82,49,71,85,48,71,87,52,75,91,59,85,100,59,87,101,59,86,103,65,94,110,59,88,104,60,87,104,59,85,100,59,85,100,62,85,99,64,86,100,63,82,97,58,77,92,63,82,97,60,82,96,60,83,99,55,83,95,51,79,91,51,81,92,53,83,94,53,81,92,51,75,85,48,71,79,48,66,76,48,67,74,47,64,71,46,64,68,47,65,69,50,65,70,40,50,59,43,53,63,49,59,69,49,62,71,44,58,67,36,53,61,34,54,61,36,59,65,33,56,64,42,66,76,51,73,86,61,83,97,58,77,94,36,53,73,76,91,114,176,188,212,201,211,236,194,206,230,190,206,231,188,210,234,181,208,235,175,206,234,169,202,233,163,199,231,160,196,230,155,194,227,151,195,224,142,192,217,130,187,204,126,188,199,127,196,201
109,185,198,110,186,199,111,185,196,108,182,193,106,178,190,108,180,192,118,186,197,123,191,202,131,195,205,131,195,205,132,192,202,131,191,201,127,185,196,117,175,186,114,171,180,123,177,187,126,178,189,91,143,154,63,115,128,62,116,128,73,127,139,75,129,141,74,123,137,70,119,133,64,110,125,53,99,114,46,89,106,38,81,98,43,86,103,54,97,114,53,96,113,53,95,111,49,86,102,39,75,89,36,69,84,45,78,93,58,90,103,56,88,101,44,73,87,31,60,74,36,64,78,47,75,89,47,75,89,39,67,81,42,70,82,52,80,92,52,80,92,46,74,86,37,63,76,40,66,79,47,70,86,51,74,92,51,73,94,49,70,89,46,65,80,47,60,69,55,50,56,51,28,22,67,18,1,126,56,22,203,108,60,240,130,67,251,131,55,255,138,55,255,138,51,255,146,53,255,150,53,255,149,46,255,150,41,255,155,43,253,157,44,249,155,42,250,155,45,250,155,47,252,155,50,253,154,50,255,152,47,255,150,43,255,148,39,255,147,36,252,147,30,253,148,30,253,149,28,254,150,27,254,150,25,254,151,23,253,148,20,251,147,16,251,147,14,254,148,13,254,148,13,254,148,12,253,146,8,253,146,8,254,147,9,255,147,13,254,147,19,252,147,22,252,147,22,254,149,22,254,151,23,254,151,23,253,150,22,251,150,20,250,149,19,250,149,19,251,150,20,251,150,20,251,150,20,250,149,19,249,148,18,250,145,17,254,140,15,255,137,14,254,134,12,255,132,13,255,130,14,253,126,13,247,119,10,243,115,8,248,116,15,250,113,17,251,110,22,253,102,21,250,88,13,249,78,9,247,67,4,235,60,5,226,73,31,200,66,31,166,49,16,123,28,0,83,12,0,56,7,0,43,13,3,35,20,15,26,20,20,25,25,27,27,28,33,29,29,37,30,28,39,31,29,40,35,32,43,36,34,45,35,38,45,36,41,47,41,45,54,44,51,59,45,53,64,45,55,65,44,56,68,46,60,71,48,62,75,41,57,70,43,59,72,52,68,81,57,73,86,54,70,83,51,67,80,53,69,82,53,72,87,53,75,89,51,74,88,54,77,91,59,85,100,59,87,101,57,85,99,59,87,101,67,95,109,57,85,99,53,79,94,57,83,98,64,87,101,63,85,99,60,79,93,55,79,91,52,80,91,53,83,93,54,82,94,57,80,94,57,76,91,51,68,84,50,66,82,53,70,86,55,72,88,49,68,83,50,69,84,51,70,85,45,64,79,44,63,77,47,65,79,45,61,74,38,51,59,32,45,51,32,47,52,38,56,60,38,57,61,31,52,55,31,52,57,35,59,63,41,64,70,40,63,69,41,64,72,49,71,82,74,98,110,50,73,87,36,59,75,120,141,160,186,201,224,179,193,219,172,189,215,170,192,216,167,194,221,160,194,221,158,193,223,157,193,225,155,191,225,150,191,223,146,191,220,137,187,212,124,181,198,122,184,195,125,194,201
110,186,199,111,187,200,111,185,196,109,183,194,112,184,196,122,192,204,132,200,211,139,205,217,147,211,221,146,208,219,144,204,214,141,201,211,134,192,203,119,177,188,116,173,182,125,182,191,115,169,179,73,125,136,56,110,122,62,116,128,68,122,134,72,124,137,68,117,131,68,117,131,67,115,129,54,100,115,51,94,111,40,83,100,42,85,102,48,91,108,36,79,96,34,76,92,36,73,89,27,63,77,43,76,91,67,100,115,65,97,110,44,76,89,34,63,77,34,63,77,53,81,95,56,84,98,44,72,86,34,62,76,41,69,81,50,78,90,47,75,87,42,70,84,37,66,82,44,71,88,50,76,91,52,75,89,49,71,84,46,68,81,45,67,80,47,65,75,43,54,60,53,49,50,51,24,17,73,22,3,145,66,35,210,107,64,244,120,66,255,129,62,255,134,52,255,138,47,255,143,46,255,146,44,255,149,43,255,154,46,254,157,50,250,157,51,250,157,53,249,155,55,252,154,55,255,153,55,255,153,52,255,150,49,255,148,43,255,146,38,253,147,35,253,148,33,254,149,32,254,149,32,254,149,31,253,149,28,251,147,22,250,147,19,250,145,17,250,147,16,251,147,14,251,147,12,251,148,11,251,148,11,252,149,12,253,151,17,253,151,25,252,150,26,251,149,25,252,150,24,254,152,26,253,151,23,252,149,20,250,145,17,251,147,16,255,148,18,255,149,19,255,148,19,255,146,19,252,143,16,249,140,13,250,136,11,252,132,10,254,127,10,253,123,9,252,120,9,255,116,11,255,114,14,254,109,16,255,107,21,255,105,26,247,95,22,240,82,17,231,71,13,228,62,12,232,61,17,232,56,15,214,51,18,174,42,21,138,32,16,101,15,0,66,7,0,43,9,0,32,18,9,30,27,22,27,31,32,24,25,30,28,27,35,31,28,39,33,30,41,33,31,44,31,33,45,29,38,47,31,40,47,35,39,48,38,41,48,41,45,54,45,49,60,44,50,62,42,50,61,41,51,63,41,53,65,46,58,72,43,57,70,44,58,71,45,61,74,46,60,73,45,59,72,49,63,76,54,70,83,53,72,86,55,77,91,57,79,93,57,80,94,56,79,95,52,78,93,51,77,92,53,81,95,62,88,103,53,79,94,45,71,86,50,73,87,57,79,93,58,80,94,57,76,90,51,75,87,44,77,86,47,80,89,49,76,87,53,75,88,62,78,94,60,71,89,50,61,81,48,61,80,54,69,88,48,67,84,54,75,94,60,81,100,53,74,93,52,70,90,49,66,86,38,54,70,36,53,61,27,45,49,23,41,45,29,47,51,33,51,55,31,49,53,33,52,58,41,60,66,48,68,75,44,64,71,48,71,79,43,67,77,59,86,97,66,94,106,51,79,93,81,107,124,158,174,199,161,177,203,158,178,203,154,178,204,152,182,210,152,186,214,153,188,220,152,191,222,151,190,223,149,190,222,145,190,219,134,186,210,123,180,197,122,184,195,127,196,203
112,186,199,112,186,199,112,184,196,112,184,196,122,192,204,133,203,215,144,212,223,148,214,226,149,213,223,150,212,223,154,214,224,155,215,225,147,205,216,131,188,199,119,176,185,119,176,185,101,155,165,63,117,127,59,113,125,65,119,131,69,121,134,76,128,141,73,122,136,73,122,136,66,114,128,55,103,117,55,101,116,52,98,113,58,101,118,59,102,119,39,82,99,29,71,87,33,69,85,33,66,81,62,94,109,82,114,129,59,88,102,34,63,77,38,67,81,47,76,90,62,90,104,56,84,98,42,70,84,36,64,78,38,68,79,38,68,79,38,68,79,45,74,88,49,77,98,50,77,96,50,76,89,50,74,84,52,75,81,51,74,80,46,69,77,40,62,73,35,55,66,37,47,57,47,42,46,55,26,22,76,17,1,142,55,28,214,100,64,241,111,59,255,128,51,255,129,38,255,133,37,254,140,41,252,146,44,249,150,48,251,153,52,254,157,60,253,154,61,254,153,63,255,150,62,255,150,59,255,150,55,255,150,49,255,150,44,255,151,40,254,150,39,254,150,39,254,150,37,254,150,37,252,148,33,251,148,30,250,147,28,250,147,26,249,145,22,248,146,22,250,146,23,250,148,22,251,149,23,252,150,24,253,151,25,252,152,28,252,153,34,250,151,34,248,149,30,249,149,29,252,149,28,252,148,25,252,144,20,252,139,17,255,141,18,255,141,18,255,138,19,255,136,18,255,132,17,255,128,14,255,125,13,254,122,11,254,118,10,255,117,12,255,117,15,255,113,17,255,104,16,255,92,13,254,79,12,255,70,14,246,54,9,238,44,8,231,40,11,224,44,19,214,52,27,204,56,30,180,46,19,143,33,10,92,10,0,67,8,2,48,5,0,37,9,6,29,19,18,27,27,29,23,26,31,19,22,31,30,26,40,33,25,40,36,25,41,35,29,43,32,35,44,27,40,46,22,46,48,25,46,49,33,42,49,39,42,51,41,45,56,45,49,60,44,50,62,42,50,61,43,51,64,44,54,66,54,63,78,53,65,79,53,65,79,48,62,75,45,57,71,47,59,73,53,65,79,57,71,84,55,73,87,56,75,89,60,79,93,59,81,94,57,79,93,56,79,93,58,81,95,56,82,95,53,76,90,64,87,101,61,84,98,46,69,83,46,68,82,62,81,95,66,85,99,55,77,90,50,77,86,55,82,91,54,76,87,55,73,85,63,79,94,65,78,94,56,69,86,48,64,80,40,59,76,35,56,73,44,67,85,53,76,94,51,72,93,53,69,92,49,64,87,34,49,68,29,49,58,27,48,53,28,45,52,33,46,54,38,48,58,39,47,58,41,49,60,42,52,62,39,53,64,39,57,69,51,73,86,44,67,81,34,62,74,52,81,95,62,91,105,64,90,107,109,129,153,136,153,179,148,169,196,144,170,197,144,175,204,147,182,212,148,184,216,146,185,218,147,188,220,146,189,221,145,192,220,136,188,210,127,184,201,127,191,201,135,202,210
108,182,195,108,182,195,108,180,192,110,182,194,121,191,203,136,204,217,145,211,223,149,213,225,147,209,220,144,206,217,150,210,220,154,212,223,149,206,217,140,197,208,128,185,194,114,171,180,84,141,150,63,117,127,66,120,132,71,125,137,73,125,138,79,131,144,76,125,139,71,120,134,61,109,123,60,108,122,64,110,125,60,106,121,57,100,117,54,97,114,47,90,107,49,88,105,56,92,108,61,94,109,75,107,122,66,98,113,35,64,78,26,55,69,44,73,87,57,86,100,62,90,104,48,76,90,38,66,80,40,68,82,43,73,84,39,69,80,37,67,78,44,73,89,51,77,100,55,80,102,56,82,95,57,82,89,56,80,82,54,78,80,48,71,77,42,64,75,32,53,70,31,48,64,42,50,63,49,38,46,51,11,9,81,15,3,147,55,34,202,90,52,242,119,52,250,124,40,252,130,44,255,137,47,254,141,47,251,142,47,252,145,51,253,150,57,254,150,61,254,150,61,254,150,61,255,150,58,255,149,53,255,150,48,255,150,44,255,151,42,255,152,45,255,153,45,255,151,44,255,150,41,253,148,39,252,148,37,252,148,35,253,149,36,250,146,33,251,147,34,251,147,34,252,148,35,253,149,36,254,150,37,254,150,37,254,150,39,254,152,41,252,150,39,252,148,35,252,147,32,253,143,28,252,141,25,254,137,23,255,134,19,255,130,17,255,126,16,255,122,15,255,120,16,255,118,18,255,117,20,255,115,20,255,113,21,255,104,16,255,101,17,255,97,17,255,89,15,251,76,11,244,60,6,237,44,3,233,34,3,227,26,6,223,30,15,219,38,29,202,44,35,173,39,28,140,30,17,103,14,0,68,2,0,49,5,2,37,11,12,33,17,18,29,23,25,24,27,32,20,29,36,19,26,36,19,21,33,30,26,40,33,25,38,34,26,39,33,30,39,31,36,42,27,41,44,22,46,46,25,46,47,34,43,50,39,42,51,42,46,57,45,49,60,46,52,64,47,53,65,49,57,70,53,61,74,56,66,78,57,66,81,56,65,80,50,62,76,50,62,76,53,65,79,56,68,82,56,68,82,52,68,81,49,67,81,52,70,84,55,74,88,56,75,90,59,81,95,62,84,98,57,80,94,57,79,93,70,93,107,75,97,111,59,81,95,49,68,82,52,71,85,60,79,93,63,82,96,55,75,86,61,81,92,59,77,89,53,71,83,55,73,87,58,76,90,56,74,88,52,71,85,44,66,80,40,63,77,44,67,81,49,72,88,49,70,87,54,71,89,53,68,87,43,59,75,27,47,56,30,49,56,32,46,55,34,42,53,37,40,55,42,44,59,43,46,61,40,48,61,35,49,62,32,52,63,36,60,72,41,67,80,35,61,74,35,61,74,52,75,91,61,82,101,82,102,126,119,140,167,137,161,189,132,159,188,133,164,195,140,175,207,140,179,212,140,181,213,142,185,217,141,188,216,140,190,215,131,186,207,122,181,197,123,187,199,128,195,204
104,178,191,105,179,192,106,178,190,109,181,193,120,190,202,134,202,215,144,210,222,147,211,223,149,211,222,145,205,216,150,208,219,152,210,221,148,205,216,147,204,215,134,191,200,104,161,170,69,126,137,61,118,129,68,122,134,73,127,139,73,125,138,77,126,140,74,123,137,68,117,131,69,117,131,62,110,124,50,98,112,50,96,111,54,97,113,55,98,114,57,99,115,55,92,110,76,109,126,78,110,125,67,96,112,43,72,88,29,58,72,30,59,73,41,70,84,51,80,94,53,82,96,43,72,86,40,69,83,46,75,89,48,78,89,48,78,89,47,77,88,47,74,91,50,72,96,58,80,104,63,86,102,60,85,92,55,81,82,53,77,79,52,71,78,48,66,80,37,54,74,46,61,84,41,54,73,43,45,60,53,36,42,52,17,13,75,22,8,131,56,27,189,89,39,219,104,41,242,120,53,251,124,53,255,125,49,255,130,47,255,135,49,252,137,46,248,143,51,245,148,53,245,152,56,246,154,53,249,151,50,253,150,47,255,148,46,255,148,46,255,151,51,254,152,52,255,151,52,254,151,50,252,149,48,253,147,45,253,148,43,255,148,44,254,147,43,254,146,45,255,147,46,255,147,46,255,147,48,254,146,47,253,145,47,253,143,45,255,144,42,255,142,36,255,139,34,254,136,30,253,132,25,252,130,21,254,126,19,255,124,18,255,120,18,255,116,19,255,112,20,255,110,24,255,108,28,255,106,30,255,100,26,255,93,24,255,84,24,253,69,15,242,52,4,234,38,0,231,31,0,230,29,3,225,28,11,218,30,19,210,39,32,189,37,32,161,36,32,130,28,24,93,16,10,66,9,2,52,9,2,40,11,5,34,16,16,29,20,23,28,23,27,24,25,29,19,24,30,17,24,32,18,25,33,21,26,32,26,26,34,30,29,35,32,31,36,34,34,36,33,37,38,33,39,39,32,42,43,34,44,46,38,45,53,40,44,55,42,46,57,44,48,59,44,51,61,47,54,64,50,58,69,55,63,74,54,62,73,52,62,74,51,61,73,51,61,73,51,61,73,52,62,74,54,64,76,54,66,78,49,63,74,44,60,73,47,63,76,47,65,77,45,63,77,50,69,83,55,74,88,49,71,84,59,78,92,58,80,93,64,83,97,64,83,97,52,71,85,41,59,73,46,64,76,60,76,89,55,67,83,56,68,84,56,69,85,51,69,83,46,68,79,47,74,83,50,77,86,48,75,84,56,81,88,57,82,89,58,81,89,57,80,88,58,78,87,58,78,87,55,75,84,51,71,80,32,50,60,35,49,60,36,44,57,34,37,52,37,36,54,41,40,58,43,46,63,38,50,64,41,61,72,29,56,65,25,54,62,34,62,73,42,64,77,39,55,70,51,60,77,69,77,96,83,101,125,114,138,164,130,156,183,124,153,183,128,161,194,136,172,206,136,177,209,137,180,212,137,184,214,136,186,213,135,187,209,125,182,201,116,175,191,114,178,190,116,183,192
105,179,192,108,182,195,111,183,195,114,184,196,123,191,204,138,204,218,149,213,225,153,215,228,155,215,226,149,209,220,158,216,227,161,219,230,153,210,221,152,209,220,128,185,194,82,139,148,57,115,126,56,114,125,64,118,130,72,124,137,74,123,137,74,123,137,75,124,138,72,120,134,67,115,129,61,109,123,46,94,108,50,96,111,57,100,116,58,100,116,65,104,121,59,96,112,68,101,116,70,102,117,48,77,93,33,62,78,45,74,88,43,72,86,32,61,75,38,67,81,41,70,84,46,75,89,55,84,98,55,84,98,46,76,87,48,78,89,56,86,97,58,86,100,55,75,100,57,77,101,54,80,95,51,80,88,54,82,86,56,80,84,52,69,79,44,57,73,47,59,81,51,65,91,45,60,83,40,52,68,46,49,56,47,37,38,45,22,16,61,15,0,123,48,16,173,76,34,214,102,56,232,106,55,247,109,47,255,118,48,255,125,46,255,126,40,252,135,42,247,143,44,246,150,48,246,153,50,249,151,50,253,149,50,255,146,49,255,148,52,255,147,54,254,149,57,255,150,58,255,149,55,254,147,51,254,146,48,255,145,47,255,145,47,255,147,49,255,147,49,255,146,49,255,146,50,255,145,49,255,143,47,254,139,46,255,136,42,255,130,33,255,128,30,255,126,26,254,122,22,251,118,17,251,115,15,252,112,15,255,110,17,255,107,19,255,103,20,255,98,24,255,95,28,255,89,30,251,80,26,241,67,17,232,55,11,225,42,10,219,34,6,215,26,4,212,25,6,212,29,15,208,31,23,194,31,26,175,30,27,147,23,23,114,11,12,82,4,4,60,4,3,45,7,6,36,12,12,31,17,17,27,18,19,27,21,23,25,23,26,26,25,30,23,26,31,20,27,33,18,27,32,18,28,30,18,28,30,22,27,30,28,32,33,35,37,36,38,38,38,37,37,37,37,37,39,39,40,42,42,43,48,44,48,57,42,46,57,42,46,57,42,46,57,41,48,58,43,50,60,46,54,65,51,59,70,53,61,72,51,59,70,51,61,71,52,62,72,49,59,71,45,55,65,50,60,72,59,69,81,60,72,84,58,72,83,62,76,87,56,72,85,45,61,74,47,65,79,56,74,88,55,73,87,56,74,88,53,72,86,56,74,88,60,78,92,59,77,91,54,72,84,53,71,83,57,73,86,52,61,78,46,55,72,48,61,77,50,69,83,48,72,82,48,75,84,50,77,86,47,74,81,46,69,77,54,74,81,58,77,84,55,74,81,53,74,79,48,72,76,42,68,69,40,65,69,34,53,59,37,50,59,40,46,58,41,43,56,43,42,58,44,43,59,43,46,61,40,50,62,46,64,74,35,60,67,32,59,66,29,56,63,32,52,61,40,54,65,54,62,75,72,81,98,80,101,122,111,137,162,129,156,183,130,159,189,138,171,204,142,178,212,138,178,213,137,182,213,134,184,211,134,186,210,132,189,209,124,183,199,115,177,190,115,179,191,117,181,191
114,186,200,115,187,201,117,187,199,118,188,200,125,193,206,137,203,217,150,214,226,156,218,231,159,219,230,163,221,233,169,227,238,164,222,233,164,221,232,157,214,225,117,174,183,74,131,140,51,109,120,61,119,130,63,117,129,74,126,139,83,132,146,81,129,143,83,131,145,77,125,139,67,115,127,54,102,114,45,93,105,50,96,109,59,103,116,60,102,116,63,100,116,68,104,120,68,100,115,55,84,100,38,67,83,37,66,82,46,75,89,47,76,90,43,72,86,42,71,85,40,69,83,48,77,91,51,80,94,49,78,92,46,76,87,50,80,91,55,85,96,59,87,101,53,75,96,54,76,97,49,78,92,44,76,87,46,76,84,51,75,85,55,71,84,54,66,82,56,67,87,55,67,89,50,67,85,46,64,78,42,57,64,35,45,47,31,31,31,38,19,13,62,14,4,108,35,20,162,67,45,204,90,56,231,94,50,245,96,38,255,105,35,255,117,35,255,126,37,255,133,37,251,139,39,248,141,43,246,142,45,248,141,47,250,139,49,251,140,51,250,140,55,250,140,55,251,141,54,255,144,55,255,144,52,255,141,48,255,142,47,255,144,46,255,139,42,255,138,39,255,136,38,255,134,36,255,132,34,254,130,32,251,127,29,254,124,28,255,115,21,255,114,20,255,111,17,255,106,12,254,105,11,255,105,14,255,102,16,255,96,15,255,94,19,255,86,19,249,72,18,243,58,12,237,45,9,231,33,6,226,26,3,218,22,6,204,23,16,196,27,24,192,33,29,181,38,32,158,34,26,130,23,15,102,13,7,84,11,5,61,1,0,51,5,5,43,9,10,37,12,15,32,17,22,27,20,27,23,22,28,24,22,27,29,18,24,30,19,23,27,23,24,24,25,27,20,30,31,18,32,32,18,33,30,17,32,29,22,33,29,28,34,32,35,35,33,37,35,36,40,36,37,43,38,42,44,39,45,42,41,47,38,41,50,39,46,56,43,50,60,44,51,61,43,50,60,43,50,60,45,54,63,48,57,66,50,59,68,49,58,67,48,58,67,48,58,67,48,58,68,48,58,67,47,57,67,47,57,67,53,63,73,53,66,75,51,64,73,45,57,69,45,57,69,51,65,78,55,69,82,52,68,81,49,65,78,45,63,75,52,68,81,62,78,91,64,80,93,61,77,90,56,72,85,49,66,76,50,64,77,44,60,73,44,62,74,49,71,82,54,76,89,51,73,86,49,68,82,49,67,79,51,65,78,51,65,76,54,67,76,54,68,77,47,68,73,37,63,64,29,59,57,27,57,55,31,55,55,29,47,49,32,43,49,32,39,47,33,35,47,41,41,53,44,46,59,38,42,54,36,46,56,35,49,58,32,51,57,33,54,59,35,56,59,31,52,55,43,62,66,66,86,93,69,95,112,87,115,139,132,162,190,144,175,206,139,172,207,149,185,221,143,186,220,138,185,215,136,187,214,134,189,210,132,191,209,123,185,200,115,177,190,115,179,191,117,181,193
117,189,203,117,189,203,117,187,199,114,182,195,116,182,196,127,190,205,141,203,216,152,211,225,163,221,233,165,223,235,170,228,239,162,220,231,157,214,225,147,204,215,106,163,172,66,125,133,59,117,128,63,121,132,67,121,133,78,130,143,84,132,146,79,125,140,76,122,137,67,113,128,44,92,104,39,87,99,43,91,103,50,96,109,55,99,112,68,107,122,76,112,128,70,103,120,53,85,100,44,73,89,29,58,74,32,61,77,50,79,93,57,86,100,44,73,87,30,59,73,31,60,74,36,65,79,42,71,85,47,76,90,50,80,91,52,82,93,53,83,94,54,82,96,52,78,95,51,78,95,47,79,94,45,79,91,47,79,92,51,77,90,54,71,87,53,66,83,52,65,82,50,66,81,49,67,81,45,65,74,39,59,66,35,53,57,35,44,49,42,37,43,41,12,17,61,11,12,94,24,16,140,49,30,192,75,42,223,90,45,240,94,35,241,92,24,251,105,28,253,112,32,253,121,38,253,127,43,251,129,46,249,130,48,248,129,47,249,130,50,253,134,54,252,133,53,253,132,51,254,132,47,254,130,44,252,127,37,253,125,34,255,126,32,255,124,29,255,123,28,255,122,25,255,121,24,255,121,24,255,118,24,253,116,22,254,110,21,255,104,21,255,103,23,255,100,21,255,93,17,255,89,14,255,87,17,254,81,15,248,74,14,232,57,4,226,49,5,217,39,3,210,30,3,205,26,6,205,25,11,205,27,17,199,31,28,170,25,30,149,22,29,130,17,21,107,13,14,84,10,7,62,7,2,46,7,2,35,10,5,35,15,14,31,17,17,28,17,21,26,19,26,26,20,30,23,21,32,23,23,35,24,23,31,29,20,25,31,21,22,29,25,26,25,29,30,23,32,31,23,35,33,21,36,33,23,35,33,24,33,30,31,35,34,37,37,37,38,36,39,39,37,42,41,38,45,41,40,48,41,41,51,36,40,51,39,46,56,45,52,62,48,55,65,47,54,64,45,52,60,44,51,61,42,51,58,43,50,60,41,50,57,41,50,59,39,50,56,40,50,59,42,52,61,45,55,64,47,57,66,44,54,63,45,55,65,44,52,63,41,51,61,40,50,62,40,52,64,45,57,71,48,62,75,41,55,68,43,59,72,50,66,79,55,71,84,56,72,85,57,73,86,54,71,81,45,62,72,55,73,83,55,73,83,49,69,80,47,67,78,49,67,81,48,66,80,49,65,81,56,69,85,53,65,81,52,61,76,47,57,69,44,54,64,40,55,60,37,55,57,35,55,54,33,53,51,38,54,53,39,53,54,43,54,56,44,51,57,40,44,53,38,41,50,41,41,53,40,42,55,38,40,53,41,47,59,40,50,60,38,53,60,40,61,66,36,62,63,32,62,62,38,69,72,66,95,111,76,106,130,121,151,179,154,185,216,156,189,224,152,188,224,145,188,222,148,195,225,141,192,219,138,195,215,134,195,213,126,189,204,118,182,194,119,183,195,123,187,199
115,187,201,115,187,201,115,185,197,112,180,193,115,181,195,124,187,202,134,196,209,142,201,215,149,207,219,149,207,219,152,209,220,145,202,213,142,199,210,133,190,201,97,156,164,65,124,132,61,119,130,61,119,130,68,122,134,82,131,145,84,130,145,80,123,139,77,121,134,61,107,120,43,91,103,35,83,95,45,93,105,59,105,118,65,107,121,76,113,129,71,104,121,45,76,94,34,63,79,32,61,77,29,61,76,37,69,84,47,79,92,48,80,93,42,74,87,41,73,86,36,68,81,45,77,90,57,86,100,58,87,101,54,82,94,51,79,91,52,80,92,55,85,96,44,76,89,43,77,89,43,76,91,44,77,92,46,77,95,48,75,92,49,70,87,47,66,81,46,66,77,45,65,74,42,66,70,38,62,66,37,56,62,37,50,58,38,44,56,42,40,53,48,35,45,44,19,23,46,8,5,67,14,0,109,33,9,152,58,24,192,74,34,216,83,38,230,84,35,243,89,37,254,99,45,255,107,50,255,114,52,255,118,52,255,123,52,255,125,51,255,125,47,255,123,44,255,124,42,255,122,40,255,119,36,255,117,32,255,115,29,255,115,28,255,117,28,255,113,25,255,109,24,255,107,22,255,106,21,253,102,19,247,96,15,246,90,15,249,85,22,251,80,24,247,70,18,242,58,8,236,48,3,235,41,3,229,35,0,220,29,0,216,30,7,208,33,14,196,34,19,182,34,22,164,31,22,145,26,18,128,19,12,110,16,14,87,12,16,70,9,14,57,5,9,46,6,7,38,10,9,33,15,13,29,19,18,26,22,21,24,22,25,24,22,27,26,21,28,27,21,31,27,21,33,27,21,35,29,21,36,28,22,32,27,22,26,26,24,25,26,27,29,24,30,30,26,31,34,25,33,35,27,32,35,29,33,36,32,31,36,37,35,40,41,38,45,41,40,46,38,41,50,37,44,54,37,47,59,35,48,57,39,48,57,41,48,56,42,49,57,42,49,57,41,48,56,39,46,52,39,46,54,39,46,52,42,46,55,41,48,54,42,49,57,40,49,54,40,49,56,41,50,57,44,53,60,46,55,62,41,50,57,41,50,59,44,51,61,45,54,63,45,53,64,42,52,62,45,55,67,49,61,73,46,58,72,50,64,77,55,69,80,53,67,78,54,68,79,60,74,85,53,70,80,38,55,65,42,61,68,51,70,77,51,68,78,48,62,75,54,66,82,55,66,84,52,63,83,54,65,85,48,59,79,50,59,76,50,57,73,52,58,70,59,62,71,64,63,69,60,55,59,52,48,49,50,50,52,52,56,57,56,61,64,56,61,65,46,53,59,37,41,52,39,41,54,52,51,67,45,40,60,48,45,64,45,46,64,38,47,62,31,51,62,22,52,60,21,60,65,32,73,79,61,94,109,72,103,124,109,139,165,157,188,217,168,201,236,154,190,226,150,193,227,153,200,230,144,198,222,141,200,218,136,199,214,126,192,204,119,185,197,122,188,200,129,192,207
112,184,198,111,183,197,114,184,196,120,188,201,129,195,209,138,200,215,140,199,213,136,195,209,135,193,205,130,188,200,128,185,196,124,181,192,128,185,196,122,179,190,91,150,158,67,126,134,65,125,135,65,123,134,74,128,140,79,128,142,72,118,133,70,113,129,66,108,122,47,91,104,30,76,89,26,74,86,36,84,96,52,98,111,63,105,119,67,104,120,55,88,105,34,63,81,45,74,90,34,63,79,31,63,78,46,78,93,56,88,101,47,79,92,42,74,87,50,82,95,49,81,94,59,91,104,64,93,107,56,85,99,46,74,86,43,71,83,46,74,86,48,78,89,39,73,83,39,76,85,43,77,89,45,77,92,46,75,93,46,71,91,46,69,87,43,67,79,48,73,80,46,71,75,43,69,70,43,64,67,42,59,66,43,53,63,41,47,63,42,44,59,40,37,48,41,32,37,40,24,24,43,16,9,53,11,0,75,17,0,113,33,10,146,44,19,190,68,44,204,69,40,218,70,42,226,73,39,231,79,38,239,88,41,246,101,46,252,108,47,255,107,43,255,107,41,255,107,40,255,107,39,255,105,35,255,102,33,255,100,29,255,99,29,255,95,28,254,91,24,249,86,21,247,81,19,244,78,18,238,73,15,230,65,9,223,59,8,207,45,6,207,44,11,208,40,11,206,36,10,209,34,13,209,34,17,204,32,18,197,30,21,181,27,19,167,25,21,145,21,19,121,17,16,98,12,11,77,7,5,62,4,2,48,4,3,42,10,13,34,12,15,32,13,17,30,18,20,29,23,25,26,26,28,23,27,30,21,26,30,18,23,29,20,23,30,23,23,33,24,22,33,25,22,33,28,22,34,29,21,34,29,23,33,26,27,31,25,29,30,25,30,33,26,31,34,27,32,36,28,31,38,30,30,38,32,31,39,34,33,41,39,38,46,42,42,50,41,44,53,39,45,57,40,50,62,38,52,65,39,53,66,44,53,62,43,50,58,42,46,55,39,44,50,39,44,50,39,44,50,40,43,50,41,44,49,39,42,49,40,45,49,42,47,53,43,48,54,39,46,52,37,44,50,36,43,49,37,44,52,37,44,52,39,46,54,45,49,60,46,53,63,46,52,64,43,51,62,41,49,62,41,51,63,56,65,80,54,66,80,53,65,77,51,65,76,56,70,81,64,78,89,56,73,83,40,57,65,38,55,62,50,67,74,51,65,74,48,60,72,55,64,81,57,64,83,48,56,77,44,52,71,33,42,59,44,50,64,54,57,66,60,55,61,67,52,55,73,52,51,74,44,42,68,37,34,59,33,32,59,39,38,60,46,45,64,55,56,61,59,62,46,47,52,38,38,48,46,44,58,41,37,54,39,36,55,43,41,62,47,52,72,36,52,68,16,42,55,14,48,58,26,63,72,50,83,98,70,101,121,97,127,151,145,176,205,167,200,235,158,194,230,156,199,233,149,198,228,143,199,222,137,198,216,133,197,209,122,188,200,116,182,194,121,187,201,131,194,211
112,184,198,116,188,202,126,196,208,136,204,217,146,212,226,152,214,229,149,208,222,144,202,216,143,199,212,133,189,202,123,180,191,119,176,187,124,181,192,114,171,182,80,139,147,61,120,128,59,119,129,63,121,132,76,128,141,72,120,134,62,106,119,62,104,118,56,95,110,34,76,90,27,73,86,46,92,105,52,100,112,52,98,111,62,102,114,62,98,112,54,86,101,48,77,93,34,63,79,33,65,80,41,73,88,56,88,103,60,94,106,50,84,96,50,82,95,63,95,108,56,88,101,59,91,104,55,84,98,45,73,87,44,70,83,49,75,88,48,74,87,39,67,79,41,74,83,44,78,87,50,79,93,52,79,96,49,74,94,48,71,89,45,71,86,45,72,83,43,72,78,42,70,73,42,66,68,45,64,68,48,63,70,48,58,70,44,49,68,42,45,62,34,37,46,37,38,42,38,36,37,38,30,27,33,20,12,37,12,5,50,12,3,68,13,6,85,15,7,114,25,17,150,43,33,180,58,43,201,66,46,212,67,40,217,64,32,221,62,23,233,67,27,237,68,25,241,70,27,241,70,26,240,67,24,239,64,21,237,60,19,236,56,19,233,53,18,229,49,16,225,44,15,221,41,14,220,40,17,215,36,14,208,28,11,194,27,11,185,39,26,175,41,30,171,38,29,163,35,26,153,30,23,139,24,19,124,16,13,110,12,9,97,11,10,84,10,9,65,5,7,51,2,5,41,2,7,37,6,11,36,11,17,34,15,21,33,18,23,32,20,24,31,20,26,30,21,26,26,21,27,24,21,28,23,22,28,22,22,30,21,21,29,20,23,30,21,24,31,22,25,32,21,24,31,24,24,32,25,26,31,24,27,32,25,30,33,25,33,36,29,34,40,31,34,41,31,34,43,31,34,43,34,34,44,33,36,45,34,38,47,36,43,51,38,47,54,38,48,57,39,49,59,41,51,63,43,50,66,44,50,66,44,48,59,43,47,56,42,45,52,42,45,52,41,44,51,39,42,47,39,40,45,37,38,42,37,38,43,39,40,44,42,43,48,40,43,48,39,42,47,38,41,46,36,41,45,36,41,47,39,44,50,43,48,54,46,49,58,43,47,56,43,47,58,43,50,60,41,47,59,35,43,54,49,57,70,45,55,67,44,56,68,48,60,72,51,65,76,57,71,82,58,72,81,52,66,75,49,62,70,60,70,79,58,68,78,48,58,70,46,53,71,45,52,70,42,49,67,40,47,63,48,52,63,57,56,62,63,53,52,62,41,36,68,31,22,79,31,17,93,34,18,98,35,20,89,31,20,76,23,15,59,16,9,55,22,15,56,37,33,49,39,37,44,39,43,47,48,53,45,47,59,35,38,53,35,38,55,42,47,67,41,48,67,30,41,61,27,40,59,28,47,64,41,69,83,61,92,110,81,111,135,133,164,192,167,200,233,162,198,232,159,202,234,150,200,227,140,197,217,133,196,211,126,193,202,116,184,193,111,179,190,118,184,198,130,193,210
116,188,202,129,198,213,142,210,223,150,216,230,154,217,232,155,217,232,155,214,228,155,213,227,156,212,225,144,200,213,131,188,199,123,180,191,122,179,190,103,160,171,68,127,135,56,115,123,61,121,131,67,125,136,79,131,144,68,116,130,57,99,113,57,96,111,45,84,99,28,70,84,32,76,89,61,107,120,63,111,123,51,97,110,59,99,111,58,94,108,44,73,89,34,61,78,16,45,61,38,70,85,56,88,103,59,91,106,51,85,97,45,79,91,48,80,93,55,87,100,49,81,94,53,85,98,53,81,95,44,72,86,45,71,84,52,78,91,52,75,89,41,68,79,45,73,84,48,76,87,54,77,91,55,76,93,53,71,91,47,68,87,43,69,82,44,72,83,40,69,73,39,67,70,42,63,66,45,63,67,48,61,70,45,57,69,39,51,67,36,45,62,42,48,60,40,45,51,35,40,44,31,35,36,26,28,27,24,23,21,30,20,19,40,18,20,41,7,8,57,7,10,79,10,13,101,15,14,124,22,17,145,31,20,165,40,22,179,44,24,189,44,23,195,46,24,199,48,27,199,49,25,199,49,25,199,47,24,199,44,24,197,42,24,193,37,22,188,35,21,183,31,20,180,29,22,177,28,24,174,26,24,170,21,23,157,21,23,129,16,18,116,17,20,108,13,17,97,11,14,88,9,12,76,7,10,64,5,7,54,5,8,44,5,8,37,8,10,33,12,17,31,16,21,31,18,27,30,20,29,27,21,31,26,21,28,24,18,22,27,21,23,27,22,26,26,21,25,24,22,27,24,23,28,25,26,31,25,26,31,22,23,28,22,25,30,23,26,31,22,27,31,21,26,30,21,26,29,23,28,31,22,30,32,23,31,34,25,32,38,30,34,43,32,35,44,33,35,47,34,36,48,36,38,50,36,40,51,37,46,53,37,48,54,37,48,54,37,48,54,39,48,57,41,47,59,43,46,61,42,44,59,44,46,58,44,44,54,41,41,49,38,38,46,37,36,42,35,34,39,35,33,38,34,32,37,39,37,42,37,36,41,37,36,41,37,36,41,38,37,42,38,39,44,38,39,44,39,40,45,38,41,48,43,46,53,43,46,55,39,42,51,40,42,54,47,51,62,50,54,66,45,51,63,40,46,60,38,46,59,42,52,64,44,56,68,43,55,67,44,58,69,51,65,74,57,70,79,37,47,56,46,55,64,53,63,73,50,60,72,41,50,65,41,48,64,47,53,67,57,57,67,64,59,63,66,52,49,72,45,34,87,49,30,118,64,36,146,80,46,162,87,48,164,84,47,154,79,50,141,71,46,118,53,31,90,35,15,66,23,7,52,18,8,45,22,16,45,31,28,57,51,53,49,48,54,44,47,56,39,43,55,35,38,53,40,41,59,44,45,65,37,44,62,42,65,79,49,81,96,66,97,118,127,157,185,175,205,239,168,202,237,158,199,231,151,201,228,141,198,217,134,198,210,128,195,204,118,187,194,112,180,191,119,185,199,131,194,211
121,190,205,133,202,217,146,214,227,152,218,232,152,215,230,152,214,229,155,214,228,157,215,229,158,214,227,148,204,217,135,192,203,121,178,189,113,170,181,90,147,158,62,121,129,62,121,129,80,140,150,78,136,147,80,132,145,65,111,126,54,93,108,47,84,100,33,70,86,27,66,81,51,95,108,65,111,124,67,114,124,65,109,120,70,108,121,63,96,111,44,71,88,30,57,74,38,67,83,52,84,99,56,89,104,49,82,97,47,81,93,46,80,92,36,70,82,27,61,73,38,70,83,43,75,88,49,77,91,47,75,89,46,72,85,45,71,84,46,69,83,45,67,80,48,72,84,48,70,83,52,69,85,53,69,85,51,66,85,46,65,80,41,64,78,40,67,76,45,70,77,46,70,74,49,66,73,50,65,72,48,62,73,42,60,72,35,59,71,33,55,69,38,47,64,40,43,60,35,41,53,31,38,46,23,33,35,18,27,26,21,22,24,26,22,23,32,20,24,36,13,19,42,7,14,48,3,8,57,2,5,66,6,5,76,11,5,85,12,5,100,17,13,106,18,14,109,22,15,109,22,13,110,23,14,112,24,14,112,24,14,111,23,13,102,15,6,98,13,6,94,11,5,90,11,7,89,11,9,85,9,11,84,8,12,78,7,11,72,10,15,64,7,13,56,3,9,49,2,8,44,5,10,40,8,13,36,11,15,33,14,18,33,21,25,30,21,26,25,20,26,22,19,26,24,18,28,22,19,28,22,19,30,22,19,26,26,22,23,28,24,23,28,26,27,26,28,27,24,28,29,24,30,30,22,27,30,19,24,27,24,28,31,25,29,32,26,30,33,26,30,31,24,28,29,23,29,29,24,30,30,23,32,31,25,30,34,28,33,39,31,35,44,33,37,48,34,38,50,35,39,51,37,41,52,37,44,54,42,49,57,41,48,54,38,46,49,39,44,48,41,46,52,44,47,56,44,44,54,40,40,50,44,44,54,44,43,51,42,41,49,41,40,48,42,39,46,43,41,46,47,42,48,48,43,47,47,42,46,45,40,44,42,37,41,38,36,39,38,36,39,36,35,40,34,33,38,33,32,38,31,31,39,35,35,43,37,37,45,33,36,45,34,36,48,38,42,53,44,48,60,46,52,64,41,47,59,38,46,57,41,51,61,42,55,64,38,51,60,39,52,61,44,58,67,50,63,72,25,35,44,28,38,47,43,56,65,54,67,76,46,58,70,45,53,64,57,57,65,66,57,60,60,39,36,75,41,29,104,58,34,148,90,53,197,126,80,228,152,94,239,158,92,235,154,88,221,146,88,221,148,97,217,140,94,189,114,75,153,78,47,119,51,28,86,29,10,56,12,0,57,29,18,54,39,32,56,51,47,49,51,50,41,42,44,44,45,50,47,44,53,34,36,48,35,57,68,34,63,79,46,74,96,108,138,166,171,201,235,170,204,239,154,195,225,151,198,224,140,197,216,134,198,210,127,195,204,118,189,195,113,181,192,118,184,198,127,190,208
121,189,202,131,197,211,141,207,221,149,212,227,153,212,228,154,211,228,153,211,225,153,209,224,156,212,227,149,205,218,135,191,204,117,174,185,103,160,171,80,137,148,62,119,128,73,132,140,81,140,148,71,128,137,68,117,131,53,99,112,48,90,104,45,84,99,36,75,90,40,82,96,73,117,130,65,111,124,66,112,125,71,113,125,61,99,112,41,74,89,31,60,76,31,58,75,44,73,89,53,85,100,55,88,103,49,82,97,46,80,92,47,79,92,46,78,91,47,79,92,43,72,86,40,69,83,42,70,84,51,77,90,55,81,94,54,77,91,50,72,86,48,70,83,51,70,84,49,67,81,48,64,79,51,64,81,49,65,81,46,64,78,40,62,75,39,63,73,40,63,71,44,63,70,48,62,71,47,60,69,43,57,68,37,57,68,33,60,71,37,61,73,46,55,72,41,46,65,34,40,54,27,36,45,22,33,37,21,31,33,21,29,32,26,29,34,26,25,31,28,21,29,29,16,26,30,13,21,34,13,18,37,12,15,39,13,14,41,11,11,42,6,8,48,7,11,49,9,10,47,7,7,47,7,7,49,8,6,49,8,6,47,7,5,46,6,4,45,7,6,41,7,5,39,8,6,39,9,9,39,10,12,40,11,15,38,11,16,39,10,15,37,10,15,36,13,19,37,18,22,35,20,25,32,21,27,25,20,24,22,20,25,23,22,28,21,22,27,19,22,27,19,22,29,22,22,30,23,22,30,23,22,30,23,22,28,24,22,23,25,24,22,23,23,21,21,25,24,23,29,27,26,32,30,25,31,31,22,28,28,27,31,32,28,32,33,31,32,36,30,31,33,26,30,31,25,29,30,24,30,30,26,31,34,29,34,40,32,36,45,35,39,50,34,41,51,34,40,52,34,42,53,36,45,54,38,47,56,43,52,59,42,49,55,40,45,49,40,43,48,45,46,51,47,48,53,45,44,52,41,40,48,37,36,44,42,41,47,50,47,54,57,54,61,65,60,66,68,63,67,71,65,69,72,66,68,68,62,66,64,58,60,60,54,58,55,50,54,52,47,51,45,43,46,40,35,41,33,31,36,33,32,40,35,35,43,39,40,45,40,41,46,33,36,41,31,34,41,35,39,48,43,47,58,45,49,60,39,46,54,38,47,54,40,51,57,39,52,60,41,55,64,40,58,68,39,56,66,42,54,66,33,43,53,46,56,66,60,70,79,53,60,68,52,51,57,63,48,51,67,39,36,85,46,31,123,69,43,171,108,67,214,143,89,242,164,98,252,173,96,255,176,94,255,181,97,255,185,107,254,181,112,254,176,112,246,165,109,233,151,103,214,135,94,169,99,65,117,57,29,68,22,0,52,19,0,47,28,14,48,35,27,45,37,35,47,41,43,50,40,48,36,36,46,19,39,48,14,44,55,23,52,70,83,113,139,158,187,219,172,205,240,156,192,226,149,194,223,135,190,211,129,192,207,123,193,203,114,187,194,108,178,188,113,179,193,123,181,201
124,186,199,135,197,210,148,207,221,153,211,225,154,210,225,156,209,225,157,210,228,155,211,228,158,214,231,151,209,223,133,191,205,124,182,194,104,161,172,74,131,142,72,129,138,82,136,146,63,117,127,30,83,91,43,93,104,35,83,95,45,89,102,60,104,117,39,82,98,56,99,115,63,109,124,49,95,110,39,82,98,55,94,109,51,87,103,28,61,78,33,62,78,42,71,87,47,79,94,59,91,106,59,91,106,49,81,96,43,75,88,47,76,90,47,76,90,46,75,89,46,74,86,46,72,85,44,70,83,45,68,82,47,70,84,49,73,85,52,74,87,53,75,88,50,72,85,52,71,85,55,73,87,55,73,87,47,65,79,36,56,67,36,56,67,42,62,73,40,60,71,43,61,71,47,64,74,48,62,73,44,61,71,46,63,73,44,62,74,37,54,64,40,50,62,39,45,57,36,43,53,35,42,50,32,39,47,29,34,40,28,31,38,30,30,38,23,23,31,25,24,30,25,22,29,26,21,27,25,20,24,27,21,23,27,21,23,26,20,22,27,18,21,28,17,21,29,19,20,29,19,20,28,18,19,29,17,19,29,17,19,29,17,19,29,17,19,29,19,20,29,19,20,29,20,21,27,21,23,26,22,23,26,22,23,26,22,23,31,25,27,32,23,26,29,23,25,27,23,24,27,22,26,24,22,25,22,22,24,20,20,22,22,23,27,21,22,26,19,23,26,20,23,28,21,24,29,23,24,29,22,23,28,21,22,26,20,20,22,22,22,22,24,26,25,26,27,29,26,30,31,27,31,32,27,31,34,27,31,34,35,36,40,37,38,42,36,39,44,33,36,41,28,31,36,25,28,33,25,28,33,26,31,37,31,35,44,37,41,52,41,45,56,37,44,54,38,47,56,41,51,60,40,50,59,35,45,54,39,49,58,34,43,50,38,45,53,42,47,53,40,43,50,44,44,52,47,46,52,43,40,47,34,31,38,52,50,55,70,65,71,73,68,72,73,67,71,77,71,73,83,74,77,84,75,76,82,73,76,79,70,71,74,65,68,69,63,65,66,60,62,58,54,55,51,45,49,43,38,44,32,31,39,38,37,43,38,38,40,38,40,37,37,42,38,31,35,34,27,32,35,33,38,42,34,39,43,36,41,44,39,45,45,40,50,49,38,54,54,33,54,59,27,54,65,28,51,67,49,62,79,43,50,66,30,36,48,49,52,59,76,69,76,60,40,42,53,15,12,86,34,21,127,63,36,191,118,77,238,159,100,251,171,98,255,179,96,255,182,93,252,182,94,254,188,101,255,190,106,252,185,106,248,180,105,247,180,109,253,186,118,252,186,125,236,173,119,219,158,111,155,97,59,106,55,26,65,19,3,53,16,8,56,27,31,59,37,49,61,44,62,52,50,64,34,53,60,16,47,52,15,44,58,42,73,94,130,159,189,172,200,237,161,191,229,148,186,222,134,184,211,123,184,205,112,186,199,104,182,192,104,178,189,114,180,194,124,179,199
129,189,200,141,201,212,154,210,225,158,214,229,160,211,228,160,211,228,161,214,232,163,216,234,160,216,233,151,209,223,141,199,213,128,186,198,95,151,164,71,128,139,77,134,145,79,133,143,45,98,106,27,80,88,32,82,91,36,84,94,33,79,92,39,85,98,51,97,112,64,110,125,46,92,107,54,100,115,64,106,122,59,98,115,47,83,99,35,68,85,33,65,80,48,77,93,65,97,112,57,89,104,52,84,99,50,82,97,46,75,89,39,68,82,40,68,82,44,72,86,44,70,83,45,71,84,47,70,84,48,71,85,49,73,85,49,73,85,49,71,84,48,70,83,52,74,87,50,72,85,50,69,83,48,67,81,43,63,74,39,59,70,44,62,74,51,69,81,53,71,83,45,63,75,47,63,76,54,70,83,50,67,77,43,60,70,45,59,70,48,61,70,44,54,64,38,47,56,33,40,48,33,40,48,37,41,50,33,37,46,28,31,38,25,25,33,24,24,32,26,26,34,26,27,32,24,25,30,22,26,29,22,26,29,21,25,28,19,23,26,19,24,27,20,25,28,20,25,28,21,25,28,21,25,28,22,23,27,22,23,27,22,23,27,22,23,27,22,23,27,22,23,27,20,24,27,20,24,27,19,24,27,19,24,27,19,24,27,24,25,27,23,24,26,22,23,25,23,24,26,23,24,26,23,24,26,21,22,24,20,21,23,24,25,29,24,25,29,24,25,29,22,26,29,25,26,30,23,27,30,25,26,30,24,25,29,22,23,27,24,25,27,26,27,29,29,30,32,31,32,34,32,33,35,32,33,37,32,33,37,33,34,39,36,37,42,35,38,43,34,37,42,30,33,40,28,31,38,28,31,38,29,32,41,34,38,49,42,46,57,44,51,61,41,50,59,41,50,59,42,52,61,39,52,60,36,49,57,37,47,56,36,46,55,39,46,54,40,44,53,40,43,50,44,44,52,45,42,49,39,36,43,42,40,45,59,57,62,76,71,75,81,76,80,82,76,78,84,78,80,87,78,79,85,76,77,87,78,79,84,75,76,79,70,71,74,65,66,68,62,64,63,57,59,58,52,56,53,48,54,40,37,46,36,33,40,31,31,31,33,35,30,36,41,35,33,39,35,31,36,39,34,39,43,31,36,40,34,39,42,39,45,41,42,51,46,39,54,51,35,54,58,27,54,65,28,51,67,42,53,73,46,49,66,39,37,48,50,39,43,72,48,46,69,31,22,85,29,14,132,62,36,196,117,76,239,154,97,255,177,102,255,179,93,255,184,91,254,185,90,247,183,93,249,187,100,251,186,102,255,192,110,255,194,114,252,191,111,246,187,111,245,187,114,249,188,123,249,187,128,242,178,130,198,134,98,135,75,51,81,27,15,59,15,14,64,31,38,70,46,60,59,48,62,32,43,47,36,60,64,21,48,59,24,51,70,104,131,158,165,194,226,162,192,228,148,187,220,134,184,211,122,183,204,111,184,199,105,183,195,104,178,189,111,177,191,122,175,193
122,181,195,131,190,204,144,200,215,151,207,222,159,210,227,163,214,231,166,217,234,166,219,235,166,222,237,143,201,213,132,190,202,120,180,191,90,148,160,78,136,148,78,136,148,56,113,124,16,70,80,27,80,88,33,83,92,27,75,85,29,75,88,58,104,117,80,126,141,66,112,127,46,92,107,65,111,126,78,120,134,54,93,108,40,77,93,48,81,98,49,81,96,66,95,111,62,94,107,48,80,93,47,76,90,52,81,95,46,75,89,42,71,85,48,76,88,52,80,92,43,69,82,44,70,83,47,71,83,49,73,85,51,73,86,50,72,85,49,71,84,47,69,82,47,66,80,49,68,82,52,72,83,51,71,82,48,68,79,45,65,76,45,63,75,45,63,75,48,66,78,46,64,76,47,64,74,44,61,71,39,56,66,40,57,67,43,57,68,41,54,63,45,55,65,42,51,60,38,47,54,35,42,50,34,38,47,31,35,44,30,33,40,30,33,40,28,31,38,29,32,39,29,32,37,27,30,35,26,29,34,26,29,34,24,29,33,22,27,31,22,26,29,22,26,29,23,27,30,25,26,30,24,25,29,24,23,28,24,23,28,24,23,28,25,24,29,24,25,29,23,24,28,21,25,28,20,24,27,20,25,28,20,25,28,20,25,28,24,25,27,25,25,27,25,24,29,26,25,30,27,26,31,26,25,30,25,24,29,24,23,28,27,26,31,27,26,31,27,26,31,27,28,32,29,28,34,28,29,34,28,27,33,27,28,32,25,26,30,26,27,31,28,29,33,31,32,36,33,34,38,34,35,39,35,36,41,36,37,42,31,34,39,34,37,42,36,39,46,35,38,45,33,36,43,31,34,41,31,34,43,31,34,43,36,40,51,45,49,60,49,56,66,45,54,63,43,52,61,43,53,62,42,55,63,40,53,61,44,54,63,47,57,66,47,54,62,45,49,58,46,49,56,48,48,56,47,44,51,45,42,49,57,55,60,71,69,74,88,83,87,96,91,95,101,95,97,104,98,100,105,96,97,101,92,93,99,90,91,95,86,87,88,79,80,81,72,73,72,66,68,67,61,63,64,58,60,62,56,60,49,44,51,37,32,38,31,29,30,33,35,32,33,38,34,31,37,37,29,36,42,30,37,45,31,38,46,33,38,42,34,40,38,34,40,36,32,43,39,31,45,46,32,49,57,37,51,64,36,44,63,57,56,72,60,45,52,57,28,24,71,28,12,95,39,12,140,72,35,196,118,70,239,155,93,255,172,97,255,179,93,255,178,85,255,184,90,253,186,95,248,186,103,251,188,109,254,189,109,255,192,112,255,193,113,251,189,112,248,189,113,252,192,120,255,196,129,255,196,135,252,185,132,246,177,135,222,158,123,172,112,88,103,51,37,59,16,9,53,17,17,57,35,37,49,45,46,34,43,48,27,41,50,27,49,63,66,94,115,137,171,196,159,199,225,139,185,209,127,182,203,119,180,199,113,182,197,111,183,195,110,180,192,116,179,194,124,181,200
117,176,190,120,178,192,127,183,198,137,190,206,148,199,216,154,205,222,155,206,223,152,204,218,143,196,210,132,188,201,129,187,199,114,174,185,84,144,155,75,135,146,73,131,143,51,109,121,32,86,96,26,79,87,34,84,93,39,89,98,57,103,116,75,121,134,69,115,130,61,107,122,56,102,117,66,112,127,62,104,118,38,77,92,35,72,88,49,85,101,56,88,103,66,95,111,57,89,102,53,85,98,58,87,101,54,83,97,41,70,84,42,72,83,49,77,89,45,73,85,42,68,81,42,69,80,44,68,80,45,69,81,47,69,82,48,70,83,49,71,84,49,71,84,50,69,83,50,69,83,47,67,78,43,63,74,42,62,73,46,66,77,49,67,79,49,67,79,47,65,77,50,68,80,50,67,77,42,59,69,37,54,64,42,59,69,46,60,71,40,53,62,45,55,65,43,52,61,38,47,54,32,41,48,28,35,43,31,35,44,35,40,46,40,43,50,34,37,44,35,38,45,34,37,42,31,34,39,30,33,38,30,33,38,28,33,37,27,32,36,26,30,33,28,29,33,28,29,33,27,28,32,27,26,31,26,25,30,26,25,30,27,26,31,28,27,32,27,26,31,26,27,31,25,26,30,23,27,30,23,27,30,24,28,31,24,28,31,25,26,30,27,27,29,28,27,32,29,28,33,29,28,33,29,28,33,28,27,32,27,26,31,29,28,33,29,28,33,29,28,33,29,28,33,30,29,35,30,29,35,30,29,35,29,28,34,27,28,33,28,29,33,28,29,33,30,31,35,32,33,37,35,36,41,37,38,43,38,39,44,33,36,41,35,38,45,38,41,48,38,41,48,36,39,46,34,37,44,33,36,45,31,35,44,38,42,53,44,51,61,49,56,66,47,56,65,44,54,63,47,57,66,46,59,67,46,59,67,46,56,65,50,59,68,46,53,61,43,47,56,43,46,53,42,42,50,46,43,50,55,52,59,76,74,79,88,86,91,104,99,103,112,107,111,119,113,115,124,118,120,125,116,117,122,113,114,117,108,109,111,102,103,103,94,95,93,84,85,83,77,79,76,70,72,70,64,66,67,61,65,55,48,55,42,35,42,37,35,36,38,40,39,30,34,33,23,31,33,25,34,41,26,35,44,31,37,49,30,37,45,31,37,37,30,34,33,29,35,33,32,38,38,35,42,48,41,45,56,34,36,51,56,44,56,61,29,30,62,13,0,94,29,0,143,69,24,194,115,58,234,151,83,248,161,82,255,167,78,253,170,74,250,174,76,253,183,88,253,188,98,251,186,106,254,188,112,255,190,112,255,190,110,251,188,109,250,188,111,254,192,117,255,195,122,255,193,122,254,186,121,254,184,125,253,182,130,255,185,141,240,174,139,186,126,98,120,68,46,80,33,17,62,25,16,60,39,36,38,29,32,44,44,52,50,62,74,45,71,84,106,143,159,149,194,213,134,187,205,125,184,200,117,180,195,115,181,195,117,183,197,118,181,196,122,185,200,131,190,208
127,186,202,127,184,201,128,184,199,131,184,200,133,185,199,133,182,197,129,178,193,124,176,189,115,169,181,119,176,187,119,177,189,104,164,175,87,146,160,76,138,151,67,126,140,55,115,126,51,108,117,48,101,109,51,101,110,65,115,124,86,132,145,83,129,142,67,111,124,69,113,126,65,111,124,61,107,120,44,86,100,39,78,93,47,85,98,52,88,102,59,91,106,55,87,102,55,84,98,55,84,98,59,87,99,52,80,92,40,68,80,45,73,85,50,76,89,40,67,78,43,67,79,42,66,78,42,64,77,43,65,76,44,66,77,46,68,79,47,69,80,47,69,80,45,65,76,47,67,78,48,66,78,46,64,76,47,65,77,50,68,80,50,68,80,47,65,77,50,66,79,44,60,73,44,61,71,46,63,73,44,58,69,42,56,67,44,58,69,46,59,68,46,56,66,38,48,57,29,39,48,27,36,45,32,41,48,38,45,53,39,46,54,40,44,53,36,41,47,36,41,47,33,38,44,29,34,40,28,33,37,30,35,39,31,36,40,31,34,39,33,34,39,34,33,39,32,31,37,30,29,35,29,28,34,29,28,34,31,28,35,32,29,36,31,30,36,30,29,35,29,30,35,28,29,34,28,29,34,27,30,35,28,31,36,29,33,36,28,29,33,30,29,34,31,30,35,31,30,35,31,30,35,31,30,35,30,29,35,30,29,35,32,31,37,32,31,37,32,31,37,32,31,37,33,32,40,32,31,39,32,31,39,31,30,36,29,30,35,29,30,35,26,29,34,27,30,35,29,32,37,32,35,42,35,38,45,37,40,47,36,39,46,37,40,49,38,42,51,39,43,52,39,43,52,37,41,50,35,39,50,34,38,49,40,44,55,43,50,60,46,53,63,45,54,63,44,54,63,47,57,66,49,59,68,49,59,68,44,54,63,45,54,63,41,48,56,39,43,52,39,42,49,39,39,47,54,51,58,76,73,80,100,95,101,109,104,110,119,114,118,125,120,124,131,125,127,134,128,130,138,129,132,136,127,130,133,124,127,127,118,121,118,109,112,110,101,104,101,95,97,93,87,89,84,78,80,78,72,76,67,57,65,49,42,49,39,37,38,37,39,38,28,33,36,23,30,36,25,34,43,24,32,43,27,33,47,29,36,46,35,40,43,37,41,40,39,41,40,39,39,39,40,38,43,42,37,44,42,32,41,50,23,28,68,13,6,102,26,2,155,68,23,205,112,51,231,144,67,244,158,71,255,170,75,255,172,73,255,173,71,253,180,77,254,186,89,252,187,97,251,182,104,252,183,108,253,184,107,255,189,110,255,192,114,254,192,115,253,191,116,252,190,115,255,188,117,255,186,117,255,193,128,255,186,125,255,182,127,253,181,131,243,174,132,213,149,111,155,96,62,97,45,21,64,24,16,59,30,32,57,42,47,57,58,63,49,69,76,93,130,139,129,181,192,132,192,203,122,186,198,116,182,194,118,182,194,120,182,195,121,180,196,124,186,201,133,194,212
142,201,217,143,200,217,143,199,214,139,192,208,130,179,194,118,167,181,111,160,174,107,159,172,109,163,175,115,172,183,112,170,182,93,155,166,87,149,162,78,140,155,59,121,136,58,117,131,60,117,126,76,129,137,70,120,129,79,127,137,79,125,138,59,105,118,64,108,121,69,113,126,67,111,124,52,96,109,34,76,90,46,86,98,57,95,108,57,93,107,67,100,115,62,94,107,51,80,94,44,72,86,44,72,84,46,74,86,44,72,84,49,75,88,52,79,90,46,73,84,45,69,81,45,69,81,46,68,79,47,69,80,48,70,81,47,69,80,46,68,79,45,67,78,40,60,71,46,66,77,53,71,83,55,73,85,55,73,85,51,69,81,44,62,74,36,54,66,43,59,72,41,57,70,41,58,68,40,57,67,39,53,64,42,56,67,44,58,69,40,54,63,40,53,62,38,48,57,33,43,52,33,43,52,39,48,55,44,53,60,45,52,60,42,49,57,34,41,47,35,40,46,32,37,43,28,33,39,27,32,36,30,35,39,32,37,41,32,37,41,36,37,42,36,35,41,34,33,39,32,31,37,30,29,35,30,29,35,31,30,36,33,32,38,34,33,39,32,33,38,32,33,38,32,33,38,32,33,38,32,33,38,31,34,39,31,34,39,34,35,39,36,35,40,36,35,40,36,35,40,35,34,39,35,34,39,35,34,40,36,35,41,36,35,41,36,35,41,36,35,41,36,35,41,37,36,44,37,36,44,36,35,43,34,34,42,32,32,40,31,32,37,28,31,38,29,32,39,30,33,40,33,36,43,37,40,47,39,42,49,38,41,50,39,42,51,40,44,53,41,45,54,42,46,55,41,45,54,39,43,54,37,41,52,36,43,53,39,46,56,41,50,59,40,49,58,40,50,59,42,52,61,43,53,62,43,53,62,40,50,59,40,49,58,38,45,53,38,42,51,41,41,49,48,48,56,74,71,78,101,98,105,118,113,119,125,120,126,132,127,131,137,132,136,142,136,138,146,140,142,149,140,143,148,139,142,139,130,133,134,125,128,127,118,121,121,112,115,115,109,111,109,103,105,100,94,96,94,88,90,83,73,81,60,54,58,38,36,39,30,31,33,28,33,36,29,36,42,30,37,47,28,34,46,27,33,45,29,36,46,33,38,42,36,42,42,42,42,42,44,40,41,46,37,42,49,34,39,48,26,29,64,20,17,113,36,20,174,77,44,222,117,60,242,140,65,248,157,68,254,168,69,255,175,74,255,175,71,255,177,72,255,183,80,252,187,87,251,185,91,255,181,100,255,181,105,253,182,102,255,187,106,255,191,111,254,191,112,252,189,112,251,187,113,255,189,115,255,190,117,255,184,115,255,188,121,255,188,126,255,183,125,255,184,131,251,181,130,217,149,102,169,106,71,106,50,35,67,22,17,47,16,14,53,41,41,54,65,67,84,117,122,118,171,177,119,183,192,111,179,190,111,179,192,116,178,193,118,177,193,119,176,193,127,186,202,136,199,214
148,205,222,149,206,223,150,206,221,148,201,217,138,187,202,123,172,186,112,161,175,106,158,169,104,158,168,113,171,182,116,176,187,93,155,166,73,135,148,59,122,137,55,118,135,76,135,151,80,137,148,73,126,134,70,120,129,76,124,134,50,97,107,18,62,73,35,77,89,59,103,114,56,100,111,35,79,90,29,71,83,43,83,95,52,90,103,58,94,106,65,99,111,63,92,106,55,83,97,48,74,87,43,69,82,45,71,84,46,73,84,47,71,83,45,69,81,44,68,80,49,71,82,49,71,82,50,72,83,51,73,84,53,73,82,52,72,81,49,69,78,48,68,77,52,70,82,51,69,81,48,66,78,46,64,76,45,61,74,45,61,74,44,60,73,44,60,73,44,61,71,46,63,73,47,61,72,39,53,64,38,52,63,49,63,74,50,64,75,39,53,62,39,52,61,39,52,60,40,50,59,39,49,58,42,53,59,45,56,62,46,55,62,43,52,59,36,45,52,36,43,51,33,40,46,30,37,43,30,37,43,32,39,45,35,42,48,37,42,48,38,38,46,38,38,46,37,37,45,35,35,43,33,33,41,32,32,40,33,33,41,33,33,41,35,36,41,35,36,41,35,36,41,32,35,40,32,35,40,32,35,40,32,35,40,32,35,40,37,38,42,38,39,43,38,39,44,37,38,43,36,37,42,36,37,42,37,38,43,39,40,45,37,37,45,37,37,45,37,37,45,38,38,46,39,39,49,40,40,50,39,39,49,39,39,49,36,36,46,34,37,44,34,37,46,34,37,46,35,39,48,37,41,50,39,43,52,40,44,53,41,45,56,41,45,56,42,46,57,43,47,58,42,49,59,42,49,59,39,45,57,37,43,55,34,41,51,39,46,56,42,50,61,42,50,61,39,49,59,39,49,59,40,50,59,42,52,61,38,47,56,38,47,56,39,46,54,38,42,51,43,43,51,63,64,69,97,94,101,118,115,122,133,128,134,137,132,138,142,137,141,149,144,148,154,149,153,157,152,156,156,150,154,152,146,150,141,135,137,136,130,132,131,125,127,126,120,122,122,116,118,118,112,114,113,107,109,109,103,105,96,89,96,74,69,73,43,43,45,27,29,28,29,33,34,34,38,41,34,37,44,33,36,45,32,34,46,30,34,43,28,35,41,29,37,40,37,38,42,41,39,42,47,36,42,53,33,35,55,18,12,97,35,20,170,74,49,230,115,71,249,134,69,251,144,62,250,161,67,250,171,70,252,170,70,249,170,69,253,174,73,253,180,78,250,182,81,253,183,87,255,181,94,255,181,96,255,182,97,252,184,99,252,186,102,253,188,106,252,189,110,253,190,113,255,189,113,255,188,113,255,191,119,255,189,118,255,186,120,255,183,119,255,182,122,255,184,127,251,178,125,236,165,121,185,117,94,112,52,41,64,17,9,55,27,23,51,50,48,70,94,96,108,157,162,109,173,182,104,174,184,107,176,191,114,177,194,116,175,193,117,174,191,130,187,204,140,202,215
149,206,223,147,204,221,149,202,218,150,203,217,146,198,212,135,184,198,119,169,180,108,160,171,105,162,171,104,163,171,105,165,176,85,147,158,65,128,143,59,122,137,61,124,141,83,142,158,83,137,149,64,114,123,78,126,136,61,108,118,27,71,82,29,71,83,42,84,96,61,103,115,55,97,109,30,72,84,37,79,91,48,88,100,53,89,101,66,100,112,60,92,105,52,81,95,50,76,89,52,78,91,49,75,88,48,71,85,47,71,83,45,69,81,43,67,79,43,67,79,48,70,81,48,70,81,48,70,81,48,70,81,51,71,80,50,70,79,49,69,78,49,69,78,45,63,75,44,62,74,43,61,73,43,61,73,44,60,73,44,60,73,46,62,75,48,64,77,49,66,76,42,59,69,41,55,66,41,55,66,41,55,66,44,58,69,45,59,70,42,56,65,45,58,66,38,51,59,33,43,52,34,44,53,43,54,60,49,60,66,45,54,61,37,46,53,40,49,56,39,48,55,38,45,51,36,43,49,36,43,49,38,45,51,41,48,54,43,48,54,41,44,51,43,43,51,43,43,51,40,43,50,40,40,48,36,39,46,37,37,45,35,38,45,36,37,42,34,37,42,34,37,42,34,37,42,33,36,41,33,36,41,32,35,40,32,35,40,33,37,40,33,37,40,36,37,42,33,36,41,34,35,40,32,35,40,36,37,42,36,39,44,37,37,45,35,38,45,36,39,46,37,40,47,38,41,50,39,42,51,39,42,51,39,42,51,37,40,49,37,40,49,38,41,50,40,43,52,40,44,53,41,45,54,41,45,54,41,45,54,45,49,60,44,48,59,44,48,59,45,49,60,43,50,60,42,49,59,39,45,57,36,42,54,36,43,53,42,51,60,48,56,67,48,56,67,44,54,64,42,52,62,44,54,63,46,56,65,44,53,62,46,55,64,51,55,64,46,51,57,52,53,58,82,83,88,118,115,122,132,130,135,144,139,145,146,141,147,149,144,148,155,150,154,161,156,160,161,156,160,154,149,153,146,141,145,145,139,141,142,136,138,137,131,133,131,125,127,126,120,122,123,117,119,121,115,117,120,114,116,102,97,103,85,83,86,52,53,55,30,32,31,30,32,31,33,34,36,34,33,38,36,35,41,33,33,41,31,34,41,29,36,42,31,40,45,36,41,45,40,39,44,44,33,41,51,25,26,73,24,10,132,56,30,209,99,64,250,124,74,255,134,64,255,154,66,255,170,73,245,167,66,249,169,72,248,168,71,253,173,76,255,178,80,249,180,79,253,181,81,255,179,84,255,176,85,255,180,92,254,184,96,255,189,102,255,190,106,254,189,107,250,187,108,252,186,108,254,188,112,255,186,111,255,187,115,255,188,120,255,183,117,254,178,116,255,180,120,255,180,124,251,175,126,243,168,136,195,124,102,117,58,42,60,17,8,49,34,31,60,71,73,98,137,144,114,174,184,105,175,187,108,181,196,115,182,201,114,177,195,118,175,194,131,189,203,142,202,213
148,205,222,147,204,221,148,201,217,147,200,214,147,199,213,139,191,204,123,175,186,107,161,171,104,161,170,107,166,174,101,161,172,79,141,152,62,124,139,64,126,141,75,136,154,81,138,155,63,117,129,70,120,131,58,105,115,23,67,78,35,77,89,64,104,116,56,96,106,60,100,110,39,79,89,35,75,85,38,78,88,50,88,99,58,94,106,54,88,100,45,77,90,40,69,83,43,69,82,48,71,85,47,71,83,42,64,77,38,60,73,39,61,74,40,62,73,40,62,73,43,63,74,45,65,76,48,68,77,50,70,79,50,68,78,48,66,76,46,64,74,45,63,73,44,60,73,41,57,70,41,57,70,45,61,74,47,63,76,43,59,72,42,56,67,42,56,67,39,53,64,41,55,66,44,58,69,45,59,70,44,58,69,42,56,67,41,55,64,41,55,64,42,55,63,34,47,55,30,43,51,36,49,57,44,54,63,44,54,63,41,51,60,38,48,57,38,49,55,38,49,55,38,47,54,38,47,54,41,48,56,44,51,59,41,48,56,39,43,52,37,40,47,39,42,49,41,44,51,40,45,51,40,43,50,38,43,49,39,42,49,39,44,50,38,41,46,37,42,46,37,42,46,34,39,43,33,38,42,33,38,42,35,38,43,35,38,43,34,38,41,33,38,41,35,38,43,34,39,43,34,37,42,34,39,43,36,39,46,36,41,47,37,40,47,36,41,47,38,42,51,38,42,51,39,43,52,39,43,52,39,43,54,40,44,55,39,43,54,40,44,55,40,44,55,40,44,55,39,43,54,38,42,53,36,43,53,36,43,53,40,46,58,39,45,57,38,44,56,39,45,57,40,46,58,39,45,57,36,42,54,33,39,51,31,39,50,34,42,53,40,48,59,43,53,63,42,52,62,39,49,59,37,47,57,38,48,58,46,55,64,49,58,67,46,50,59,43,48,54,66,67,72,104,105,110,131,129,134,138,136,141,140,138,143,152,150,153,148,146,149,145,143,146,158,156,159,159,157,160,148,146,149,147,145,148,146,141,145,142,137,141,140,135,139,135,130,134,128,124,125,125,121,122,124,120,121,119,115,116,110,108,113,97,98,100,58,62,63,26,30,29,30,30,28,34,33,31,34,28,28,38,32,34,29,27,30,32,33,38,26,35,40,25,36,42,34,41,47,41,41,49,39,27,37,45,13,14,94,35,17,172,83,49,235,116,74,255,128,71,255,144,69,255,157,69,249,162,65,245,169,71,250,167,75,252,167,77,253,168,78,253,170,78,249,175,76,250,177,75,255,176,77,255,177,80,255,183,88,255,184,92,253,186,95,253,187,100,253,188,104,253,188,106,251,188,109,253,187,111,255,189,113,255,188,115,255,187,117,255,186,120,255,184,123,255,181,123,254,179,124,253,177,127,253,176,134,250,174,142,202,132,107,103,47,32,58,25,20,63,57,61,94,118,128,121,170,184,115,182,199,108,181,200,115,186,208,119,185,207,115,176,194,123,181,195,134,193,201
145,202,219,145,202,219,145,201,216,148,201,217,149,202,216,144,198,210,130,184,196,115,172,181,114,172,183,114,174,184,96,158,169,72,134,145,63,125,138,72,131,147,74,131,148,66,122,137,62,111,125,73,121,133,46,90,101,18,60,72,46,86,98,69,107,120,64,100,112,67,105,116,33,71,82,35,73,84,43,81,92,55,91,103,61,95,107,57,89,102,51,80,94,48,76,90,48,71,85,48,70,84,47,69,82,44,66,79,42,64,77,42,64,77,42,64,75,41,63,74,41,61,72,43,63,74,45,65,74,45,65,74,42,60,70,39,57,67,39,57,67,39,57,67,48,64,77,45,61,74,43,59,72,43,59,72,42,58,71,39,55,68,39,53,64,38,52,63,41,55,66,43,57,68,46,60,71,47,61,72,46,60,71,44,58,69,42,56,65,40,54,63,43,56,64,36,49,57,32,45,53,36,49,57,43,53,62,44,54,63,42,52,61,41,51,60,41,52,58,41,52,58,39,48,55,37,46,53,40,47,55,42,49,57,42,49,57,39,46,54,32,37,43,35,38,45,36,41,47,36,41,47,34,39,45,35,40,46,39,44,50,42,47,53,37,42,46,38,43,47,40,45,49,41,46,50,41,46,50,39,42,47,35,38,43,31,34,39,37,41,44,36,41,44,35,40,44,34,39,43,34,39,43,34,39,43,35,40,46,36,41,47,36,41,47,36,43,49,38,45,53,38,45,53,38,45,53,38,45,53,39,46,56,41,48,58,39,46,56,42,46,57,41,45,56,39,43,54,36,40,51,35,39,50,34,41,51,36,43,53,45,51,63,42,48,60,40,46,58,40,46,58,42,48,60,43,49,61,41,47,59,37,45,56,35,43,54,38,46,57,41,51,61,44,54,64,44,54,64,43,53,63,45,55,65,48,58,68,48,57,66,47,54,62,42,46,55,49,52,59,82,83,88,119,120,125,141,139,144,147,145,150,147,145,148,146,144,147,148,146,149,152,150,153,152,150,153,144,144,146,143,141,144,146,146,148,148,146,149,139,137,140,133,131,134,132,127,131,128,124,125,128,124,125,130,126,127,126,124,125,118,118,120,103,107,108,65,71,71,32,36,35,30,30,28,35,31,28,36,28,26,38,30,28,33,29,30,31,32,36,25,34,39,24,35,41,27,34,42,29,28,36,40,24,34,64,26,25,105,35,10,183,86,44,240,118,67,255,129,64,255,145,64,255,156,65,249,161,64,247,167,70,251,163,74,254,162,77,255,163,78,255,167,77,250,172,74,250,177,75,255,178,77,255,180,80,254,180,81,254,181,86,253,184,91,252,185,94,251,185,99,251,186,102,252,187,107,251,188,109,255,189,113,255,189,115,254,187,116,255,186,119,253,183,121,252,180,122,251,178,125,252,176,126,254,176,128,255,181,140,245,169,137,197,132,112,116,69,61,58,36,38,88,96,107,128,164,180,122,181,199,107,178,198,106,178,200,105,176,196,105,171,187,116,175,189,128,185,194
147,204,221,147,204,221,150,206,221,152,208,223,153,209,224,147,203,216,133,191,203,120,180,190,112,174,185,104,166,177,83,145,156,66,128,139,71,131,142,80,138,152,78,134,149,72,124,138,74,122,136,68,112,125,37,79,91,32,72,84,55,91,103,61,97,109,53,87,99,42,76,88,32,66,76,36,73,82,46,83,92,55,89,99,55,87,98,51,81,92,48,78,89,50,76,89,49,71,85,48,67,82,45,64,79,46,65,80,48,67,81,47,66,80,44,63,77,43,62,76,43,61,73,46,64,76,49,67,79,48,66,78,44,62,72,43,61,71,45,63,73,47,65,75,48,64,77,49,63,76,46,60,71,43,57,68,42,56,67,43,57,68,44,58,69,44,58,69,46,60,71,46,60,71,46,60,69,46,60,69,46,60,69,45,59,68,43,57,66,41,55,64,43,56,64,39,49,58,34,47,55,38,51,59,42,55,63,42,55,63,41,54,62,42,55,63,42,52,61,42,52,61,42,51,60,40,49,58,40,47,57,41,48,58,41,48,58,40,47,55,39,44,50,37,42,48,34,39,45,34,39,45,34,41,47,35,42,48,34,42,45,33,41,44,35,40,44,35,40,44,37,41,44,40,44,47,43,47,50,44,45,49,41,42,46,36,40,43,36,40,43,37,41,44,37,41,44,37,41,44,35,40,44,35,40,44,35,40,44,36,41,45,35,42,48,37,44,50,39,46,54,38,47,54,37,46,53,36,45,52,37,46,55,39,48,57,40,46,58,41,47,59,41,47,59,37,43,55,33,39,51,33,39,51,36,42,54,40,46,58,41,49,60,39,47,58,37,45,56,39,47,58,44,52,63,47,55,66,48,56,67,48,56,67,46,54,65,46,56,66,49,59,69,50,60,70,49,59,69,47,57,67,51,59,70,55,63,74,54,61,71,47,54,62,41,45,54,58,61,68,100,101,106,131,132,137,142,140,145,145,143,148,149,149,151,150,150,152,150,150,152,142,142,144,135,134,139,142,143,147,146,145,150,134,135,139,138,137,142,131,130,135,127,127,129,126,124,127,125,123,124,130,128,129,134,132,133,132,130,131,127,127,127,112,116,117,76,82,82,39,45,43,29,29,27,34,30,27,39,29,27,38,28,26,35,31,30,33,34,38,25,36,40,23,34,40,25,29,38,30,23,31,45,22,30,73,25,21,115,36,6,193,88,41,241,118,59,252,124,53,255,141,54,255,150,55,246,152,54,249,159,63,255,158,71,255,158,73,255,159,74,255,163,75,250,170,73,249,175,76,252,178,79,255,181,82,253,179,80,253,181,83,254,181,87,253,182,90,252,182,96,251,183,98,251,186,104,252,187,107,251,188,111,251,187,113,251,187,115,253,186,118,252,184,123,252,181,125,250,179,127,250,177,126,255,180,126,255,177,128,255,181,142,254,180,155,184,124,113,97,59,58,80,73,81,125,144,159,124,171,189,109,174,194,100,175,194,99,174,193,104,173,188,110,174,186,117,174,183
155,212,229,157,214,231,161,217,232,162,218,233,157,215,229,147,205,219,133,192,206,121,183,196,120,184,196,100,164,174,77,139,150,71,131,142,77,135,147,77,131,143,71,123,136,73,121,135,64,108,121,29,71,85,26,66,78,47,85,98,56,90,102,57,89,102,52,81,95,28,60,71,39,71,82,45,77,88,51,83,94,51,83,94,47,77,88,42,70,82,41,69,81,45,71,84,47,69,83,44,63,78,43,62,77,46,65,80,48,67,81,45,64,78,43,62,76,43,62,76,40,58,70,43,61,73,46,64,76,45,63,75,43,61,71,42,60,70,44,62,72,48,65,75,47,61,74,48,62,75,46,60,71,42,56,67,42,56,67,46,60,71,49,63,74,49,63,74,50,64,75,47,61,72,44,58,67,42,56,65,42,56,65,42,56,65,42,56,65,42,56,65,44,54,63,40,50,59,37,50,58,41,54,62,43,56,64,42,55,63,42,55,63,44,57,65,39,49,58,41,51,60,44,53,62,43,52,61,42,49,59,40,47,57,39,46,56,39,46,56,42,46,55,40,45,51,38,43,49,37,42,48,36,41,47,32,39,45,32,37,41,30,35,39,33,38,42,33,37,40,33,37,40,38,39,43,42,41,46,42,41,46,41,40,45,40,39,44,35,36,40,37,38,42,39,40,44,38,42,45,38,41,46,38,41,46,38,41,46,38,43,47,39,44,50,38,45,51,38,45,53,38,47,54,37,46,53,36,45,52,35,45,54,34,44,53,37,43,55,38,44,56,37,43,55,36,42,54,35,41,53,37,43,55,41,47,59,44,50,62,43,51,62,42,50,61,41,49,60,41,49,60,41,49,60,42,50,61,43,51,62,44,54,64,47,57,67,47,57,67,48,58,68,49,59,69,49,59,69,47,57,67,47,55,66,48,56,67,45,52,62,38,45,53,41,44,51,71,74,81,119,120,125,143,142,148,147,145,150,152,150,155,153,153,155,146,146,148,145,145,147,145,146,148,137,138,142,127,128,132,126,127,131,129,130,134,132,133,137,136,137,141,138,139,141,132,132,134,123,123,123,126,124,125,133,131,132,133,133,133,130,130,130,119,121,120,84,90,90,45,51,51,29,31,30,36,32,31,43,33,32,39,29,28,36,32,33,35,39,42,28,39,45,24,33,40,33,32,38,45,30,35,56,21,25,72,12,1,134,44,7,207,94,38,243,118,51,249,120,39,255,135,42,255,144,44,245,143,43,250,152,55,255,153,64,255,154,67,255,157,69,255,162,72,252,168,72,249,173,75,250,176,79,251,179,81,253,179,80,254,180,81,255,181,86,255,182,90,253,182,94,253,183,97,252,184,101,252,185,104,252,187,107,252,186,108,253,187,113,253,186,116,253,185,122,253,183,124,252,181,127,252,179,124,255,181,123,250,173,117,254,173,128,249,173,141,234,166,147,175,125,118,94,72,74,115,119,130,125,161,175,112,170,184,101,174,189,99,176,192,104,178,191,105,173,184,108,166,177
160,216,231,162,218,233,163,221,235,160,218,232,151,210,226,138,200,215,129,192,207,123,189,203,120,186,200,95,161,173,75,139,149,75,135,146,81,135,147,74,124,135,61,107,120,55,99,112,29,71,85,7,46,61,32,68,82,52,85,100,52,81,95,57,86,100,50,78,90,39,67,79,46,74,86,51,81,91,55,85,95,52,80,91,45,73,85,41,67,80,40,66,79,44,67,81,45,64,79,44,61,77,45,62,78,48,65,81,47,64,80,43,60,76,43,61,75,45,63,77,44,62,76,45,63,77,46,62,75,45,61,74,43,59,72,41,57,70,40,57,67,40,57,67,46,60,71,49,61,73,47,59,71,43,55,67,42,54,66,45,57,69,47,59,71,46,58,70,48,60,72,45,57,69,41,55,64,40,54,63,40,54,63,40,54,63,39,53,62,39,53,62,42,52,61,40,50,59,41,51,60,45,55,64,45,58,66,43,56,64,42,55,63,43,56,64,38,48,57,40,50,59,43,51,62,43,51,62,42,48,60,39,45,57,41,45,57,42,46,57,37,40,49,40,43,50,42,45,52,38,41,48,33,36,41,29,34,38,33,36,41,37,40,45,35,39,42,35,36,40,37,36,41,38,38,40,38,36,39,36,34,37,37,32,36,39,34,38,40,38,41,39,39,41,39,39,41,39,39,41,40,39,44,41,42,46,43,44,49,43,46,51,42,47,53,39,46,52,39,46,54,40,47,55,41,50,57,41,50,57,38,49,55,35,45,54,34,40,52,34,40,52,34,42,53,36,44,55,39,47,58,42,50,61,44,52,63,45,53,64,40,48,59,41,49,60,43,53,63,44,54,64,43,53,63,41,51,61,44,54,64,48,58,68,47,57,67,45,58,67,46,59,68,51,64,73,55,65,75,53,63,73,50,58,69,48,56,67,43,50,60,39,46,54,54,57,64,92,95,102,133,134,139,147,146,151,148,146,151,152,150,155,143,143,145,146,147,149,136,137,141,122,126,129,121,125,128,118,122,125,118,122,125,129,133,136,122,126,129,123,127,130,131,135,136,138,139,141,132,134,133,126,126,126,129,129,129,133,133,133,130,129,127,123,123,121,89,95,95,48,53,56,28,32,35,35,35,37,42,36,38,37,31,35,32,30,35,32,35,42,27,38,44,29,36,42,44,35,40,57,29,28,69,18,14,88,12,0,169,63,13,225,102,32,249,120,39,249,120,29,255,131,31,255,140,35,250,141,38,255,149,49,255,150,56,255,152,60,255,156,64,255,161,67,253,166,69,250,170,73,250,171,78,249,173,79,251,175,79,252,176,80,255,179,85,255,179,89,255,180,92,255,182,95,254,182,97,254,184,99,253,185,102,252,185,104,253,186,108,253,185,110,252,183,114,252,181,117,251,179,120,252,177,119,250,174,114,255,179,121,255,178,129,249,171,132,255,183,156,231,172,154,144,107,99,124,114,115,135,156,161,116,165,172,102,170,179,97,175,187,100,176,189,103,173,185,109,168,182
155,211,226,155,211,226,152,210,224,145,204,218,134,196,211,126,189,206,123,189,205,124,191,207,113,180,196,91,159,172,75,139,151,74,132,143,76,128,139,73,120,130,53,95,107,29,69,81,5,44,59,25,62,78,59,92,107,55,87,102,53,81,95,53,79,94,34,60,73,39,65,78,42,69,80,49,77,88,54,82,93,52,80,91,47,73,86,46,69,83,44,67,81,44,66,80,44,63,78,46,63,79,48,65,81,48,65,81,45,62,78,43,60,76,43,61,75,46,64,78,47,65,79,47,65,79,48,64,77,47,63,76,45,61,74,43,59,72,42,59,69,41,58,68,47,59,71,48,60,72,47,59,71,45,57,69,45,57,69,46,58,70,46,58,70,45,57,69,43,55,67,42,54,66,41,55,64,41,55,64,40,54,63,39,53,62,37,51,60,37,50,59,42,52,61,40,50,59,42,52,61,46,56,65,46,59,67,43,56,64,41,54,62,42,55,63,41,51,60,40,50,59,40,48,59,39,47,58,39,45,57,38,44,56,42,46,58,45,49,60,45,48,57,41,44,51,36,39,46,34,37,44,36,39,44,38,41,46,36,39,44,36,37,41,37,38,42,34,33,38,33,31,34,35,30,34,35,30,34,37,31,35,45,36,41,50,44,48,50,45,49,48,43,47,44,39,43,38,36,39,37,35,40,38,37,42,42,41,47,44,45,50,42,45,52,41,46,52,42,46,55,43,50,58,46,53,61,46,55,62,44,53,60,43,52,59,39,47,58,40,46,58,40,48,59,43,51,62,47,55,66,49,57,68,49,57,68,47,55,66,43,51,62,46,54,65,50,60,70,53,63,73,51,61,71,48,58,68,50,60,70,55,65,75,50,63,72,48,61,70,49,62,71,52,65,74,56,66,76,53,63,73,50,58,69,47,56,65,47,54,64,47,51,60,70,73,80,111,114,119,141,140,146,144,143,148,142,140,145,143,142,147,130,131,133,140,144,145,122,126,129,98,102,105,106,110,113,112,117,120,94,99,102,77,82,85,78,82,85,66,70,73,76,80,81,112,116,117,139,141,140,142,144,143,134,134,134,126,126,124,132,128,125,128,127,123,93,97,98,45,53,56,27,32,38,33,33,41,39,34,41,34,29,36,29,29,39,24,28,37,24,33,42,36,39,44,49,33,34,57,18,13,86,20,8,130,37,4,202,82,21,241,106,24,253,118,26,251,119,19,255,128,21,255,136,27,255,139,36,255,146,45,255,148,52,254,151,56,255,157,60,254,162,63,253,165,67,253,166,69,251,166,73,251,168,76,250,169,77,250,171,78,253,174,82,255,175,86,255,176,89,255,179,91,255,180,94,255,182,95,254,182,97,254,184,98,252,184,101,252,184,103,253,181,107,251,178,109,251,176,111,250,174,112,249,173,111,255,180,122,255,177,124,255,178,132,253,177,141,243,179,152,204,158,142,155,135,126,142,153,149,120,160,160,105,170,174,101,178,184,102,180,190,105,179,192,113,176,191
154,210,223,150,206,219,143,201,215,135,194,210,124,187,204,117,182,200,115,184,200,119,188,204,111,180,195,88,156,169,77,141,153,73,131,142,66,116,127,62,106,117,47,85,94,17,53,65,14,50,64,46,82,98,68,100,115,58,87,103,53,79,94,46,69,85,32,55,69,40,63,77,41,65,77,48,75,86,53,80,91,50,77,88,46,70,82,45,69,81,45,67,81,46,65,80,45,62,80,49,66,84,50,67,83,47,64,80,45,61,77,44,60,76,45,61,77,46,62,78,43,59,74,44,60,75,45,61,74,44,60,73,43,59,72,42,58,71,44,60,73,45,61,74,48,60,72,46,58,70,45,57,69,47,59,71,48,60,72,48,60,72,47,59,71,47,59,71,42,55,64,42,55,64,42,55,64,41,54,63,40,53,62,40,53,62,39,53,62,40,53,62,43,53,62,42,51,60,42,52,61,46,56,65,47,57,66,44,54,63,42,52,62,43,53,63,42,52,62,39,49,59,39,47,58,38,46,57,39,45,57,40,44,56,42,46,58,45,49,60,50,53,60,44,45,50,37,38,43,38,39,44,44,45,50,45,46,51,38,39,43,31,30,35,35,34,39,33,31,34,35,30,34,41,35,39,50,41,44,57,46,50,66,54,58,72,61,65,68,59,64,62,56,60,56,50,54,49,43,47,43,38,44,39,37,42,39,37,42,39,38,43,39,40,45,40,43,48,42,47,53,43,50,56,44,51,59,44,53,60,45,54,61,46,55,62,46,54,65,47,55,66,49,57,68,51,59,70,52,60,71,53,61,72,52,60,71,51,59,70,55,65,74,54,64,73,56,66,75,57,67,76,53,63,72,46,56,65,44,54,63,45,55,64,46,59,68,43,56,65,42,55,64,42,55,64,43,53,63,41,51,61,42,50,61,43,52,61,41,48,58,41,45,54,74,77,84,121,124,129,145,144,150,147,146,151,146,146,148,143,143,145,147,148,150,126,130,131,114,118,121,121,126,129,124,129,132,95,100,103,57,62,66,38,46,49,39,44,47,32,37,40,38,43,46,66,70,71,104,106,105,132,134,133,137,139,138,127,127,125,134,129,125,135,132,127,94,98,99,41,48,54,24,31,41,29,33,44,33,31,44,31,29,42,30,32,45,25,31,43,28,37,46,41,40,45,52,28,26,65,15,4,114,33,12,178,69,28,230,94,20,251,104,9,255,114,9,253,117,7,255,123,12,255,131,21,255,137,33,253,141,41,251,147,50,249,152,55,249,157,56,250,161,59,252,163,61,255,163,64,255,162,70,255,164,75,253,168,78,251,170,81,252,171,82,252,170,84,254,172,86,255,173,87,255,176,89,255,179,91,255,180,89,255,181,92,253,182,92,253,181,96,252,179,100,253,177,101,253,175,103,251,174,106,255,177,115,250,174,116,250,173,119,252,174,125,244,169,127,239,173,138,236,184,160,195,166,148,152,154,143,123,156,149,107,167,165,103,178,181,100,179,186,103,179,192,114,179,197
158,216,228,152,210,224,144,203,217,135,197,212,127,188,207,117,182,200,115,180,198,115,182,199,100,167,183,74,140,152,71,133,146,74,131,142,62,110,122,55,97,109,52,90,101,38,72,84,52,84,99,60,92,107,62,91,107,58,84,99,44,67,83,32,55,69,36,59,73,39,62,76,45,69,81,53,77,89,57,81,93,50,74,86,43,67,79,42,66,78,44,66,79,46,65,80,46,63,79,49,66,82,51,67,83,46,62,78,44,60,76,45,61,77,45,61,77,43,59,74,45,61,76,47,63,76,48,64,77,46,62,75,43,59,72,43,60,70,47,63,76,53,67,78,49,63,74,45,57,69,44,56,68,47,59,71,48,60,72,45,57,69,42,54,66,43,56,65,47,57,67,44,57,66,44,54,64,40,53,62,38,51,60,39,52,61,43,56,65,45,58,67,44,54,63,42,51,60,41,51,60,44,54,63,46,56,65,44,54,63,42,52,62,43,53,63,41,51,61,39,49,59,39,47,58,41,48,58,43,47,59,41,45,56,41,45,57,44,46,58,36,39,46,41,42,47,44,45,50,45,46,51,42,43,48,39,38,43,36,35,40,36,34,37,34,29,33,37,31,33,48,39,42,65,54,58,77,65,69,82,67,70,83,66,72,84,69,74,82,71,75,78,69,72,74,63,67,65,56,59,55,49,53,46,41,45,41,36,40,36,34,37,35,34,39,39,40,45,43,46,51,43,48,54,40,47,53,40,47,55,42,51,58,45,54,63,48,57,66,50,58,69,52,60,71,53,61,72,52,60,71,52,60,71,51,59,70,51,60,69,45,55,64,43,53,62,45,55,64,50,60,69,50,60,69,46,56,65,43,53,62,44,54,63,46,56,66,42,55,64,42,52,62,40,50,60,38,48,58,40,48,59,45,53,64,52,59,69,49,53,62,44,48,57,79,82,89,127,130,135,146,147,152,147,146,151,145,145,147,137,138,140,118,119,121,83,87,88,71,77,77,81,90,89,76,82,82,52,58,58,41,46,49,46,51,54,43,47,50,57,62,65,55,60,63,36,41,44,46,50,51,96,98,97,135,135,135,141,140,138,137,129,126,139,134,131,96,98,97,40,45,49,23,30,40,27,33,45,27,31,43,27,31,43,32,38,50,35,39,50,42,39,50,53,34,38,66,21,18,90,17,2,148,44,17,212,85,34,246,101,20,254,102,1,255,110,3,255,118,4,255,122,9,255,129,19,255,137,30,252,139,35,253,147,45,249,152,49,249,156,52,251,160,55,254,161,58,255,162,62,255,161,68,255,163,73,255,170,81,255,171,83,254,170,82,253,169,81,253,169,81,255,171,83,255,174,85,255,177,85,254,177,85,254,179,88,255,180,89,255,181,94,255,180,97,255,179,101,255,177,102,255,177,105,255,177,113,251,172,115,255,182,126,249,172,120,248,171,125,242,173,132,238,179,147,223,186,160,168,159,142,131,151,142,106,156,153,96,166,168,89,166,174,96,172,186,112,177,195
160,219,233,162,221,235,153,212,230,143,201,221,128,186,206,117,175,195,120,179,197,121,180,196,102,161,175,80,138,150,74,127,141,70,119,134,66,112,127,58,100,116,46,83,99,53,86,101,64,92,106,56,82,97,53,76,92,33,56,70,29,51,65,35,57,71,28,50,64,38,60,73,49,71,84,53,75,88,51,73,86,42,66,78,37,61,71,39,63,73,42,66,76,43,65,78,50,66,81,47,63,78,48,61,77,49,62,78,50,63,79,48,61,77,47,60,76,47,61,74,48,62,75,48,62,73,45,59,70,42,56,67,43,57,68,47,61,70,50,64,75,51,65,76,45,59,70,42,56,67,43,56,65,46,59,68,49,59,69,47,57,67,45,55,65,45,55,65,49,57,68,47,57,66,47,56,65,45,55,64,45,55,64,42,55,63,42,55,63,42,55,63,45,55,65,44,52,63,44,54,63,45,55,64,46,56,65,43,53,62,42,52,61,41,51,60,41,51,60,43,53,62,46,55,64,47,54,62,47,51,62,41,45,54,36,38,50,32,35,44,36,39,46,38,41,48,41,42,47,40,41,46,41,40,45,40,38,43,38,33,37,35,29,31,38,29,32,51,41,42,71,59,61,90,75,78,96,80,83,95,76,78,94,73,78,94,75,79,89,74,77,88,78,79,87,75,77,79,69,70,73,63,64,65,56,57,54,45,48,40,34,36,36,34,37,39,39,41,39,40,44,38,41,46,39,44,50,42,49,57,46,55,62,48,57,66,52,59,69,52,59,69,52,61,70,54,63,72,51,61,70,45,55,64,39,49,58,36,46,55,30,40,49,34,45,51,41,52,58,45,56,62,43,52,59,39,48,55,41,50,57,47,56,65,51,59,70,43,53,63,40,48,59,41,49,60,40,48,59,39,45,57,42,49,59,49,53,64,45,49,58,48,51,60,84,87,94,130,133,138,141,144,149,144,145,149,140,141,143,115,116,118,68,68,70,51,52,54,42,48,46,24,35,31,25,34,31,31,40,37,46,50,51,45,46,48,48,49,53,68,72,75,46,51,54,35,40,43,33,39,39,42,44,43,100,99,97,149,143,143,143,134,135,139,130,131,104,103,101,44,45,47,19,26,32,24,35,41,33,46,55,22,35,43,25,36,42,38,35,42,53,30,38,66,15,22,91,5,4,138,25,11,197,60,24,236,87,29,250,100,15,255,106,6,254,111,7,253,115,6,252,121,7,253,128,12,253,134,18,251,137,22,253,143,30,253,147,35,253,151,41,252,154,47,253,156,53,254,158,58,254,160,64,255,162,69,253,164,72,254,166,76,255,168,78,255,170,79,254,171,79,254,171,79,252,171,79,251,172,80,252,175,83,252,177,86,253,177,91,254,178,94,254,177,95,255,178,98,255,178,100,255,178,104,254,175,108,251,171,110,252,171,115,255,174,121,249,171,122,241,168,123,238,174,136,235,186,156,194,167,150,147,148,140,114,148,149,105,164,170,89,161,173,93,167,180,119,180,198
158,218,229,162,221,235,157,216,232,149,206,225,130,187,207,114,169,189,113,169,186,111,167,180,101,155,167,79,133,145,78,127,141,74,120,135,59,101,117,44,81,99,34,69,88,44,73,91,53,76,92,49,71,85,49,71,85,33,55,69,30,52,66,34,56,69,27,49,62,37,59,72,49,71,84,48,70,83,45,67,80,41,63,76,43,65,76,45,69,79,45,67,78,43,63,74,47,63,78,47,60,76,46,59,75,46,59,75,44,57,73,42,55,71,41,55,68,42,56,69,45,59,70,49,63,74,50,64,75,49,63,74,47,61,70,47,61,70,47,61,70,46,60,69,44,58,69,42,56,67,42,55,64,45,58,67,48,58,68,46,56,66,46,54,65,46,54,65,43,52,61,43,52,61,44,53,62,44,53,62,43,53,62,43,53,62,41,54,62,43,53,62,43,51,62,42,50,61,42,52,61,45,55,64,45,55,64,43,53,62,40,50,59,40,50,59,38,48,57,44,53,62,49,56,64,49,56,64,46,50,59,40,44,53,39,42,51,39,42,51,37,40,47,37,40,47,39,40,45,40,39,45,40,38,43,40,35,39,39,33,37,41,32,35,55,45,46,71,59,61,87,71,72,91,75,76,96,76,78,98,78,80,98,76,79,92,72,74,97,83,83,97,85,85,96,84,84,88,76,76,80,70,69,73,63,62,65,55,56,56,47,48,41,37,38,38,36,37,39,38,43,42,43,47,42,45,50,41,46,52,41,48,56,45,52,62,43,50,60,41,48,58,38,47,56,36,45,54,36,45,54,35,45,54,35,45,54,35,45,54,42,53,59,43,54,60,45,56,62,47,58,64,48,57,64,46,55,62,45,54,61,46,55,64,43,51,62,48,56,67,50,58,69,48,56,67,49,55,67,50,56,68,49,53,64,43,47,58,43,46,55,55,58,67,104,107,114,140,143,148,141,145,148,143,147,150,127,128,130,83,84,86,46,44,47,42,42,44,51,57,55,89,100,94,101,112,106,56,65,60,37,39,38,42,42,44,43,42,47,47,48,52,38,43,46,36,41,44,33,39,39,32,34,33,68,64,63,125,116,117,142,133,134,141,132,133,109,105,102,52,52,50,24,28,31,24,33,38,29,40,46,23,32,37,30,30,32,48,30,30,68,19,25,91,12,15,133,21,17,184,47,28,226,71,27,245,83,18,252,98,12,253,105,5,255,109,8,252,114,7,251,119,8,252,127,11,253,133,13,252,136,15,255,142,24,254,145,28,255,147,36,254,152,42,254,152,51,253,155,56,253,159,63,254,161,66,253,162,69,253,164,72,255,167,75,255,169,76,254,169,76,253,170,76,251,170,78,251,172,79,252,173,81,251,174,84,253,175,90,253,177,93,253,176,94,253,176,96,253,176,96,254,176,101,253,174,105,253,172,107,254,172,114,255,173,117,251,171,120,243,169,122,241,172,131,235,180,149,214,177,159,164,155,148,124,149,153,111,164,172,98,166,179,98,170,184,120,179,195
158,216,227,161,219,230,157,215,227,147,203,216,124,180,195,108,161,177,111,164,178,112,166,178,83,135,146,66,118,129,75,123,135,74,118,131,49,88,103,35,71,87,39,70,88,49,76,93,42,64,78,43,62,76,46,65,79,35,54,68,34,53,67,39,59,70,34,54,65,43,63,74,50,70,81,47,67,78,43,63,74,43,63,74,46,66,77,45,67,78,45,65,76,42,62,73,46,62,77,47,60,76,46,59,75,45,58,74,42,56,69,38,52,65,39,53,66,41,55,68,38,52,63,44,58,69,48,62,71,49,63,72,47,61,70,46,60,69,45,59,68,45,59,68,41,55,64,40,54,63,40,53,62,41,54,63,43,53,63,42,52,62,42,50,61,43,51,62,40,49,58,42,51,60,44,53,62,44,53,62,43,53,62,42,52,61,42,52,61,43,53,62,41,50,59,41,50,59,42,51,60,46,55,64,47,57,66,45,55,64,42,52,61,40,50,59,40,49,58,43,52,61,47,54,62,47,54,62,45,49,58,42,46,55,41,44,53,41,44,53,40,40,48,39,39,47,39,38,44,38,37,43,35,33,38,34,29,33,39,33,37,47,38,41,70,60,61,84,72,74,97,81,82,98,82,83,102,82,84,107,87,89,109,87,90,106,86,88,109,93,96,112,97,100,111,99,101,105,93,95,97,85,87,88,78,79,80,70,71,73,64,65,58,49,52,45,39,41,39,34,40,41,39,44,45,44,50,42,42,50,38,41,48,39,43,52,35,42,52,35,42,52,32,39,49,27,36,45,28,37,46,35,44,53,38,48,57,39,49,58,44,54,63,45,55,64,45,55,64,45,55,64,48,57,66,50,59,68,50,59,68,49,58,67,44,54,64,49,59,69,52,60,71,51,59,70,53,59,71,54,60,72,53,57,68,47,51,62,45,48,57,63,66,75,121,124,131,147,150,155,140,141,145,133,134,138,101,102,104,55,56,58,40,38,41,63,63,65,132,138,136,209,218,215,219,228,223,153,159,155,67,69,68,36,36,38,42,41,46,34,35,40,41,44,49,39,44,47,38,42,43,31,31,31,37,31,31,86,77,78,140,131,132,147,141,141,122,117,114,71,67,66,33,32,37,30,31,36,30,29,35,34,23,27,48,22,21,63,15,13,82,8,7,120,21,16,178,52,38,222,74,44,241,80,28,247,83,11,253,95,6,252,103,3,255,107,7,254,113,7,253,119,8,252,125,10,254,131,12,252,133,13,253,138,21,253,142,26,255,145,34,254,149,40,253,150,49,252,152,54,253,156,61,253,158,64,251,160,67,252,163,69,254,165,71,254,167,72,255,168,75,254,169,76,253,170,78,251,170,78,250,171,79,251,171,82,253,173,86,253,175,90,253,175,92,254,176,94,254,176,94,255,176,99,253,173,102,254,173,107,255,172,112,255,170,113,251,170,117,246,170,121,242,171,129,232,173,141,225,184,166,175,162,156,127,148,153,111,159,169,100,168,181,100,169,184,114,173,189
159,216,225,161,218,227,157,211,221,143,197,207,115,167,178,99,151,162,110,160,171,115,165,174,83,133,142,70,120,127,76,123,131,67,109,121,36,72,86,31,62,80,47,74,93,53,76,94,31,50,65,32,52,63,34,53,67,27,47,58,27,47,58,32,52,63,31,51,62,40,60,71,50,70,81,47,67,78,45,65,76,44,64,75,44,62,74,41,61,72,42,60,72,44,62,74,47,60,76,46,59,75,45,58,74,44,58,71,42,56,69,40,54,67,40,54,67,42,56,67,40,54,65,42,56,67,43,57,66,43,57,66,43,57,66,43,57,66,44,58,67,45,59,68,41,55,64,40,54,63,40,53,62,39,52,61,40,50,60,39,49,59,39,47,58,39,47,58,44,53,62,45,54,63,46,55,64,46,55,64,43,53,62,42,52,61,43,53,62,44,54,63,41,50,59,41,50,59,43,52,61,48,57,66,49,59,68,47,57,66,44,54,63,42,52,61,41,50,59,39,48,57,38,45,53,39,46,54,43,47,56,42,46,55,39,42,51,35,38,47,39,39,47,38,38,46,39,38,44,39,36,43,36,31,37,35,29,33,48,39,42,64,53,57,83,71,73,91,76,79,102,86,87,114,95,97,116,97,99,117,97,99,120,100,102,126,106,108,122,106,109,126,111,114,129,117,119,127,115,117,122,110,112,114,102,104,103,93,94,96,86,87,87,76,80,67,58,61,47,41,45,41,36,42,42,39,46,41,40,46,40,39,45,36,39,46,33,37,46,35,42,52,36,43,53,33,40,50,34,43,52,41,50,59,45,54,63,43,53,62,40,50,59,44,54,63,45,55,64,43,53,62,45,54,63,49,58,67,52,61,70,52,61,70,48,58,68,45,55,65,48,56,67,53,61,72,55,61,73,51,57,69,50,54,65,52,56,67,48,51,60,67,70,77,123,126,133,146,149,154,133,134,138,108,109,111,67,68,70,48,48,50,40,38,41,91,91,93,205,211,211,244,253,250,241,250,247,236,242,240,119,120,122,27,27,29,44,43,49,38,39,44,45,48,53,42,46,49,47,48,52,46,44,45,37,28,31,57,47,48,121,113,111,149,141,139,136,128,126,90,81,82,42,37,43,36,29,36,37,22,27,50,20,22,74,19,16,86,7,0,110,6,0,161,38,23,217,75,51,239,83,42,245,77,15,255,85,7,252,93,2,252,100,1,254,105,3,254,111,6,253,117,7,252,122,8,252,127,9,251,130,13,252,135,19,253,138,23,254,142,32,254,146,38,254,148,48,253,151,53,252,153,59,253,156,62,252,159,66,252,161,68,254,163,70,254,165,71,255,166,74,254,167,74,253,168,77,253,170,78,249,168,77,251,170,79,254,173,84,255,175,88,255,176,91,255,177,92,255,177,95,255,177,98,254,172,99,255,173,105,255,172,108,255,169,110,251,169,113,248,171,119,243,170,127,231,168,135,225,182,163,182,165,158,128,147,151,107,154,164,102,165,180,96,165,180,107,164,181
165,218,226,164,217,223,158,208,215,139,189,196,107,156,163,93,142,149,105,154,161,107,156,163,84,133,140,73,120,126,73,116,123,55,93,102,24,56,69,32,59,76,56,78,99,51,69,89,34,52,66,37,55,65,38,56,68,33,51,61,34,52,62,38,56,66,39,57,67,45,63,73,50,68,78,47,65,75,44,62,72,42,60,70,41,58,68,38,56,66,40,57,67,42,59,69,43,57,70,42,54,68,40,52,66,41,53,67,42,54,68,42,54,66,42,54,66,43,55,67,48,60,72,45,58,67,43,56,65,42,55,64,42,55,63,42,55,63,42,55,63,41,54,62,43,56,65,43,56,65,44,54,64,42,52,62,42,51,60,42,51,60,41,50,59,41,50,59,45,54,63,45,54,63,45,54,63,44,53,62,42,51,60,42,51,60,43,52,59,45,54,61,43,52,61,42,51,60,43,52,61,47,56,65,49,58,67,47,56,65,44,53,60,41,50,57,37,46,53,35,44,51,33,40,48,34,41,49,38,42,51,37,41,50,35,38,47,32,35,44,36,36,44,36,37,42,39,38,44,39,36,43,36,31,37,41,35,39,63,52,56,84,72,76,99,84,87,106,90,93,117,101,102,128,109,111,129,110,112,126,107,109,127,108,110,131,112,114,131,116,119,135,123,127,141,129,133,145,133,137,144,132,134,139,127,129,132,120,122,125,115,116,119,108,112,100,91,94,75,66,71,51,45,49,42,35,42,41,36,42,43,38,44,41,40,46,34,37,46,39,43,52,40,47,55,38,45,53,39,46,54,42,51,58,43,52,61,40,49,58,44,54,63,45,55,64,46,54,65,44,52,63,46,54,65,51,59,70,52,60,71,49,57,68,47,57,67,45,55,65,47,57,67,53,63,73,55,63,74,49,57,68,44,51,61,43,50,60,44,48,57,76,79,86,128,131,138,145,146,151,130,129,134,89,89,91,46,46,48,50,50,52,39,37,40,73,73,75,189,193,194,249,255,253,250,255,254,228,232,231,111,111,113,36,34,37,50,47,54,48,47,53,45,46,51,44,48,51,57,56,61,61,57,58,54,42,46,53,39,39,91,81,79,137,129,126,143,131,131,102,91,95,53,43,51,44,29,36,50,21,25,75,21,19,109,20,12,132,16,3,159,22,4,203,51,27,240,82,45,246,80,28,247,73,2,255,85,0,254,91,0,251,97,0,255,103,2,255,111,6,253,115,6,252,121,7,251,124,7,251,127,11,252,133,17,253,136,23,255,140,31,255,144,37,254,146,47,253,149,52,252,152,56,253,154,61,255,157,66,255,160,68,255,161,69,255,163,70,254,163,70,254,165,71,253,166,73,252,167,74,252,167,76,253,169,79,255,171,81,255,174,85,255,175,86,255,175,88,255,175,91,255,176,94,255,172,96,255,174,104,255,171,107,255,167,107,253,168,111,252,171,118,246,169,125,232,166,132,226,178,158,188,168,161,136,151,154,111,153,165,102,164,179,98,164,180,107,164,181
169,216,226,163,210,218,149,196,202,128,173,178,99,144,149,95,140,145,110,155,160,106,151,157,79,124,130,70,115,121,62,103,109,41,78,86,19,49,60,34,60,75,61,79,99,43,60,78,27,43,56,31,48,56,31,48,58,28,47,54,32,49,59,33,51,61,35,52,62,37,55,65,46,63,73,41,58,68,35,52,62,33,50,60,35,52,62,37,54,64,39,53,64,36,50,61,43,55,67,40,52,64,38,50,64,40,52,64,42,54,66,43,55,67,44,56,68,44,57,66,45,58,67,41,54,63,39,52,61,39,52,61,41,54,62,40,53,61,38,51,59,37,50,58,38,51,60,42,52,62,42,52,62,41,51,61,41,50,59,42,51,60,42,51,60,42,51,60,42,51,60,41,50,59,39,48,57,38,47,56,39,48,57,40,49,58,41,50,57,42,51,58,43,52,61,41,50,59,40,49,58,43,52,61,45,54,63,43,52,61,39,48,55,36,45,52,35,44,51,37,46,53,39,46,54,37,44,52,36,40,49,35,39,48,38,41,50,39,42,49,36,37,42,37,36,42,38,35,42,37,32,38,37,31,35,48,39,44,72,60,64,95,80,83,111,95,98,124,108,111,137,118,120,137,118,120,136,117,119,137,118,120,135,116,118,129,113,114,134,122,126,137,126,130,143,132,136,148,137,141,151,141,142,151,141,142,149,137,139,145,135,136,136,125,129,128,117,121,106,97,102,75,66,71,51,42,47,40,34,38,44,34,42,46,41,47,40,40,48,41,45,54,43,47,56,39,46,54,38,45,53,39,46,54,40,47,57,37,46,55,48,57,66,44,54,63,42,50,61,44,52,63,50,58,69,53,61,72,50,58,69,45,53,64,48,58,68,50,60,70,49,59,69,46,56,66,48,56,67,50,58,69,47,54,64,41,48,58,42,46,55,90,95,101,142,143,148,148,149,153,128,128,130,82,82,82,44,44,44,52,52,52,46,44,49,44,43,48,103,107,110,191,197,197,206,212,212,134,138,137,60,60,62,52,50,55,60,57,64,57,56,62,45,46,51,51,52,57,62,60,65,64,55,58,66,49,55,60,41,43,72,61,59,127,117,115,150,136,136,116,101,106,66,55,63,47,28,34,60,20,21,99,28,24,143,30,16,181,36,15,209,45,18,231,59,23,246,76,27,252,78,17,255,76,0,255,84,0,255,92,0,253,97,0,254,102,1,255,109,3,255,114,6,253,117,5,252,121,5,252,125,10,253,129,15,253,133,21,255,137,29,255,142,36,254,145,44,254,147,49,254,150,55,253,153,59,255,156,63,255,157,66,255,158,67,255,160,68,255,162,69,253,162,69,253,164,70,253,166,73,255,168,75,254,169,78,255,170,79,254,170,80,254,170,80,255,171,83,255,171,83,255,171,88,255,171,94,255,172,99,255,170,102,255,166,103,253,167,106,254,169,114,248,167,120,236,166,130,226,174,152,197,170,161,147,157,159,116,154,165,105,163,177,104,167,184,115,171,188
163,202,217,155,195,205,141,181,189,123,164,168,103,144,146,107,148,150,115,158,164,97,140,146,74,117,124,69,109,117,57,96,103,40,75,81,25,53,64,40,63,77,57,74,92,32,47,66,30,47,57,36,51,58,33,47,56,31,48,55,38,52,61,38,55,63,43,57,66,42,59,67,40,54,63,39,53,62,35,49,58,32,46,55,34,48,57,38,52,61,39,52,61,35,48,57,45,58,67,44,54,64,43,53,65,44,54,64,44,54,64,44,54,64,46,56,66,47,57,67,40,50,60,38,48,57,37,47,56,40,50,59,41,51,60,39,49,58,38,48,57,38,48,57,36,46,55,39,48,57,41,50,59,40,49,58,39,48,57,40,49,58,42,49,59,41,48,58,40,47,55,38,45,53,37,44,52,37,44,52,39,46,54,40,47,55,41,48,56,40,47,55,41,48,56,38,45,53,36,43,51,39,46,54,41,48,56,40,47,55,37,44,52,35,42,50,39,46,54,41,48,56,45,50,56,43,48,54,38,43,49,37,42,48,39,44,50,43,46,53,37,38,43,37,36,42,35,33,38,35,30,36,43,34,39,60,49,55,87,72,77,106,90,93,124,108,111,138,119,121,145,126,128,144,125,127,139,123,124,141,125,126,139,123,124,134,120,120,136,125,129,139,130,133,145,136,139,149,140,143,150,141,144,149,140,143,149,138,142,148,137,141,140,129,133,137,126,130,127,116,120,104,93,97,76,65,69,54,45,48,47,36,42,44,38,42,43,44,49,43,46,53,44,47,54,42,47,53,41,45,54,39,46,54,41,48,58,42,51,60,48,57,66,46,55,64,46,54,65,49,57,68,51,57,71,50,56,70,47,53,67,44,52,65,49,59,71,49,59,71,46,56,66,43,53,63,45,53,64,50,58,69,51,58,68,46,53,63,46,50,59,93,98,104,143,144,149,148,149,153,116,116,118,71,71,71,49,47,48,53,51,52,52,50,55,46,45,50,42,43,47,60,64,65,72,76,77,48,49,51,44,42,47,54,49,55,60,57,64,59,58,66,50,50,58,51,52,57,57,52,58,60,48,52,69,48,55,67,45,48,65,50,47,118,104,101,150,134,135,126,111,116,81,70,78,50,27,33,70,22,22,124,39,32,179,44,25,215,47,20,238,54,18,247,60,15,248,69,13,254,77,9,255,81,0,255,84,0,255,93,0,254,96,0,255,101,1,255,109,3,255,112,5,252,114,3,252,118,3,253,123,9,253,126,13,254,130,18,255,135,28,255,139,34,255,142,43,254,146,48,255,148,54,254,149,57,255,153,60,255,154,62,255,156,63,255,158,64,255,159,65,254,159,65,255,162,67,254,163,70,255,166,72,254,167,74,255,168,75,253,168,77,253,168,77,254,169,79,255,170,80,255,170,83,255,170,90,255,170,93,255,167,96,255,165,98,255,165,102,252,166,107,250,167,117,242,168,129,228,170,148,203,170,161,155,160,163,123,157,167,109,165,180,114,177,194,131,187,204
154,183,201,148,180,193,143,176,185,133,166,171,119,154,156,120,158,159,114,153,158,81,119,128,61,99,108,57,95,104,49,86,94,44,77,84,39,66,75,53,75,88,66,83,101,40,56,72,35,49,60,37,52,59,31,46,53,30,45,52,37,52,59,42,57,64,48,62,71,50,64,73,37,51,60,43,57,66,43,57,66,39,52,61,35,48,57,41,51,61,44,54,64,43,53,63,47,57,67,46,56,66,45,55,65,44,54,64,42,52,62,41,51,61,43,53,63,46,56,65,42,52,61,40,50,59,40,50,59,40,50,59,39,49,58,37,47,56,36,46,55,38,48,57,37,46,55,40,49,58,42,51,60,40,49,58,39,48,57,40,49,58,41,48,58,40,47,57,41,48,56,39,46,54,37,44,52,38,45,53,40,47,55,42,49,57,40,47,55,38,45,53,38,45,53,34,41,49,32,39,47,35,42,50,39,46,54,39,46,54,37,44,52,36,43,51,42,49,57,41,48,56,41,46,52,40,45,51,39,44,50,37,42,48,36,41,47,37,40,47,36,37,42,36,34,39,34,29,35,36,30,34,53,42,48,78,66,70,106,90,93,124,105,109,139,120,122,142,123,125,147,128,130,149,130,132,144,128,129,138,124,124,138,124,124,139,129,128,139,133,135,143,139,140,150,146,147,152,148,149,149,143,145,144,138,140,141,135,137,140,134,136,141,132,135,138,129,132,134,125,128,126,115,119,103,92,96,74,63,67,52,41,45,42,36,40,44,43,49,41,44,51,43,46,53,45,48,55,45,48,57,44,48,57,46,50,61,48,55,65,52,59,69,54,63,72,58,66,77,58,66,77,50,56,70,41,47,61,40,46,60,45,51,65,44,52,65,40,50,62,42,52,62,50,60,70,54,62,73,51,59,70,49,56,66,49,56,64,50,54,63,85,90,94,130,133,138,141,142,146,99,99,101,55,55,55,50,49,47,53,51,52,56,54,59,52,51,57,54,55,59,34,38,41,32,33,35,41,41,43,56,51,57,50,45,51,46,43,50,53,52,60,54,54,62,45,44,50,46,39,46,59,44,49,72,46,55,73,46,51,60,40,39,105,90,87,145,126,128,129,112,118,91,80,88,51,29,32,76,25,22,144,50,38,201,55,30,228,48,13,247,51,9,255,59,7,249,67,4,250,74,1,255,80,0,255,85,0,255,93,0,254,96,0,255,101,0,255,107,2,255,111,4,253,113,2,253,118,3,255,121,6,254,124,10,255,127,17,255,133,25,255,138,34,255,141,40,255,144,46,255,146,51,255,148,54,254,150,55,255,152,59,254,154,60,254,155,62,255,156,63,255,158,64,255,160,66,255,162,67,254,163,70,254,165,71,254,165,73,254,167,74,255,166,74,255,169,76,255,170,80,255,172,83,255,170,86,255,169,89,255,166,91,255,164,94,255,164,97,253,163,101,252,165,112,248,169,128,234,170,145,208,172,160,163,163,165,130,160,170,115,168,182,126,188,203,146,202,219
163,181,203,149,170,187,153,176,184,143,168,172,125,153,154,128,159,161,110,143,150,73,107,117,63,99,113,44,80,92,43,80,88,37,70,77,54,81,88,71,93,104,44,61,77,34,47,64,35,47,59,25,38,46,24,37,45,30,43,51,35,48,56,40,53,61,43,58,65,44,59,66,36,49,57,38,51,59,39,52,60,38,48,57,34,44,53,35,44,53,40,49,58,45,54,63,43,52,61,43,52,61,43,52,61,44,53,62,43,52,61,42,51,60,40,49,58,38,47,56,42,51,60,41,50,57,40,49,56,38,47,54,37,46,53,38,47,54,39,48,55,41,50,57,40,47,55,40,47,55,38,45,53,38,45,53,40,47,55,41,48,56,38,45,53,34,41,49,38,45,53,38,45,53,40,44,53,42,46,55,43,47,56,43,47,56,40,44,53,37,41,50,32,39,47,30,37,45,33,40,48,39,46,54,44,48,57,42,46,55,39,44,50,39,44,50,41,46,52,36,41,47,33,38,44,34,39,45,39,44,50,41,46,52,38,43,49,35,38,45,33,34,39,38,36,41,38,33,39,43,34,39,64,51,58,92,77,82,118,99,103,132,111,116,143,123,125,151,131,133,149,130,132,144,128,129,143,129,129,137,125,125,134,124,123,140,132,130,140,136,137,140,138,139,143,141,142,142,140,141,141,137,138,142,138,139,141,137,138,136,132,133,140,134,136,140,134,136,136,130,132,133,124,127,121,112,113,95,86,87,65,56,57,46,40,42,39,38,43,41,42,47,48,49,54,45,48,53,47,50,57,47,52,58,42,46,55,46,53,61,46,53,63,45,52,62,46,52,64,47,53,65,46,52,66,44,50,64,45,51,65,48,54,68,48,56,67,47,55,66,44,52,63,43,51,62,46,55,64,50,59,68,48,57,66,45,52,60,49,53,62,80,85,89,135,138,143,139,140,144,86,86,88,51,51,51,55,54,52,63,61,62,58,56,61,53,52,58,53,54,58,53,57,60,50,51,53,47,47,49,51,46,52,53,48,54,52,49,56,57,56,62,50,51,56,44,43,49,57,47,55,68,51,57,77,47,57,80,49,55,62,38,38,90,70,69,138,119,121,132,115,121,86,75,81,63,38,41,84,31,23,155,60,42,218,67,36,239,56,14,250,54,4,255,62,4,253,74,8,251,79,5,254,82,0,255,84,0,255,92,0,255,97,0,255,101,0,255,105,0,255,108,2,253,111,1,252,115,1,252,118,3,252,121,7,254,124,12,255,130,20,255,133,29,255,137,35,255,141,42,255,144,46,254,144,47,255,148,54,254,150,55,255,151,56,254,151,58,253,153,59,254,155,61,255,159,65,255,160,66,254,161,66,252,162,66,253,162,69,253,164,70,254,163,70,253,164,70,254,165,73,254,166,76,255,168,81,255,168,86,255,165,88,255,164,91,255,162,92,254,162,97,254,163,108,249,166,122,236,169,142,216,174,162,167,161,163,127,154,163,119,168,182,131,190,204,147,203,218
168,175,194,158,167,182,158,169,173,141,157,156,128,147,145,132,156,156,113,140,147,74,104,115,65,97,112,53,86,101,39,73,82,36,66,74,48,75,82,55,77,88,47,64,80,39,52,68,32,45,54,30,40,49,31,41,50,34,47,55,37,50,58,42,55,63,46,61,68,46,61,68,42,55,63,40,53,61,38,48,57,37,47,56,38,47,56,39,48,57,40,47,57,39,46,56,42,49,59,37,46,55,37,46,55,41,50,59,42,51,60,39,48,57,38,47,56,40,49,56,42,51,58,39,48,55,35,44,51,33,42,49,33,42,49,35,44,51,37,46,53,37,46,53,37,44,52,37,44,52,37,44,52,36,43,51,38,45,53,39,46,54,37,44,52,34,41,49,37,44,52,38,45,53,41,45,54,41,45,54,39,43,52,38,42,51,37,41,50,36,40,49,40,44,53,33,40,48,31,38,46,34,41,49,39,43,52,39,43,52,39,44,50,41,46,52,39,44,50,38,43,49,39,44,50,39,44,50,39,44,50,37,42,48,33,38,44,31,34,39,37,38,42,40,38,43,39,34,38,44,35,40,67,55,59,98,81,87,121,102,106,134,113,118,145,125,127,145,125,127,143,124,126,141,125,126,140,128,128,138,128,127,138,130,128,140,136,135,136,134,135,139,139,139,140,140,140,142,142,142,139,139,139,129,129,129,129,127,128,142,140,141,143,141,142,145,141,142,136,132,133,124,118,120,121,115,115,121,112,113,94,85,86,58,52,54,46,44,49,40,41,46,46,47,52,47,48,53,46,46,54,44,47,54,43,47,56,51,55,64,48,55,65,45,52,62,45,51,63,49,55,67,53,59,71,51,57,71,46,52,66,43,49,61,47,53,65,49,57,68,50,58,69,46,54,65,41,50,59,39,48,57,40,49,58,42,51,58,36,43,49,66,71,77,118,121,126,127,131,134,84,85,87,55,55,57,56,54,55,57,55,56,54,52,57,54,53,59,54,55,59,51,55,58,51,51,53,48,46,49,50,45,51,53,48,54,54,51,58,59,58,64,54,55,60,52,50,55,64,53,59,75,54,61,80,47,56,80,45,52,61,32,34,84,60,60,132,112,114,134,118,121,94,82,86,71,45,44,96,38,26,165,67,42,228,76,37,247,65,17,255,62,5,255,68,4,251,77,8,249,83,7,255,86,3,255,90,1,255,93,0,255,97,0,255,103,1,255,106,1,255,109,0,254,112,0,252,115,1,253,118,3,254,120,7,253,123,11,254,126,17,255,130,24,255,134,30,255,138,38,255,141,42,255,144,46,255,147,52,255,149,55,255,150,56,255,151,56,255,152,59,255,155,61,255,157,64,255,159,65,254,159,65,254,161,66,255,162,69,254,163,70,254,163,70,254,163,70,254,163,70,253,164,72,254,166,77,255,167,80,255,163,83,255,162,85,253,161,88,253,160,91,253,160,101,247,163,117,234,163,135,216,170,157,169,159,158,131,154,162,120,168,180,130,189,203,146,202,217
172,166,178,169,164,171,163,164,159,144,147,138,130,140,129,134,149,144,113,132,138,76,99,113,63,90,107,58,87,103,29,59,69,30,61,66,43,71,75,41,64,72,44,63,77,36,52,67,28,38,48,29,39,48,33,43,52,36,46,55,34,47,55,40,53,61,45,58,66,44,57,65,41,54,60,38,51,57,38,49,55,39,48,55,41,48,56,42,49,57,43,47,56,39,46,54,40,47,55,34,41,49,33,40,48,39,46,54,40,47,55,35,42,50,36,43,51,41,48,54,40,47,53,37,44,50,33,40,46,32,39,45,33,40,46,34,41,47,34,41,47,33,40,46,35,40,46,37,42,48,38,43,49,37,42,48,35,42,48,36,43,49,36,43,49,34,41,47,36,40,49,38,42,51,40,44,53,39,43,52,36,39,48,34,37,46,35,38,47,36,40,49,40,45,51,33,38,44,28,33,39,32,37,43,38,41,48,40,43,50,41,44,51,43,46,53,38,41,48,40,43,50,42,45,50,41,44,49,36,41,45,32,37,41,31,36,40,32,35,40,38,39,43,40,38,43,37,32,36,46,37,42,73,61,65,105,88,94,127,106,111,137,114,120,145,123,126,141,121,123,142,123,125,140,126,126,135,125,124,133,125,123,130,126,125,125,124,122,117,117,117,126,128,127,126,128,127,128,130,129,137,139,138,136,138,137,133,133,133,141,141,141,143,143,143,144,142,143,142,141,139,134,130,129,125,121,120,125,119,119,116,111,108,97,91,91,59,57,60,42,41,46,45,44,49,48,49,53,44,45,50,41,44,49,42,47,53,49,54,60,50,54,63,47,51,60,44,51,61,46,53,63,50,57,67,50,56,68,50,54,66,46,52,64,37,43,55,43,50,60,51,58,68,53,60,70,51,60,69,50,59,68,54,63,70,60,69,76,49,56,62,75,80,86,119,122,127,126,130,133,84,85,87,53,54,56,51,51,51,46,46,48,48,47,52,56,55,61,55,56,60,49,53,56,52,52,54,50,48,51,49,44,50,54,49,55,50,47,54,55,54,60,53,54,59,54,52,57,67,56,62,78,55,63,83,45,56,81,41,50,60,29,34,75,50,53,123,103,105,136,120,121,100,86,86,76,45,40,103,40,23,170,66,37,227,79,33,247,71,14,254,69,5,255,72,4,248,80,9,247,86,8,253,88,6,255,92,3,253,95,0,255,99,0,255,105,2,255,108,2,255,110,1,254,112,0,252,115,1,252,117,0,254,120,5,253,122,8,254,124,14,253,127,17,253,130,24,253,134,30,255,139,36,255,142,43,255,146,49,255,147,52,255,148,53,255,150,54,255,152,57,255,153,58,255,155,61,255,156,62,255,159,65,255,160,66,255,162,67,255,163,68,255,163,68,255,162,67,255,162,67,253,162,69,254,165,75,253,165,76,255,163,80,254,161,81,251,159,82,251,158,88,252,158,97,248,160,112,242,167,136,225,176,161,179,168,166,141,161,168,125,173,183,133,193,204,148,206,218
179,159,160,169,151,147,153,140,124,133,126,107,135,134,114,139,143,129,108,119,121,72,88,101,65,86,105,57,83,100,27,55,66,32,61,67,48,73,78,42,65,71,43,61,75,33,49,64,26,36,48,30,39,48,34,44,53,34,44,53,32,45,53,39,52,60,44,57,65,40,53,61,36,49,55,38,51,57,43,52,59,41,50,57,38,45,53,36,43,51,40,44,53,42,46,55,39,43,52,32,39,47,31,38,46,33,40,48,34,41,49,32,39,47,33,40,46,37,44,50,35,42,48,35,42,48,35,42,48,35,42,48,34,41,47,32,39,45,30,37,43,29,36,42,33,38,44,36,41,47,38,43,49,37,42,48,34,41,47,34,41,47,34,41,47,34,41,47,34,38,47,36,40,49,39,43,52,38,42,51,37,40,49,35,38,47,36,39,48,38,41,50,36,41,47,30,35,41,28,33,39,33,38,44,39,42,49,39,42,49,38,41,48,37,40,47,38,41,48,39,42,49,40,43,48,37,40,45,32,37,41,30,35,39,32,37,41,36,39,44,37,38,42,37,35,38,35,30,34,47,38,41,78,66,70,111,95,98,131,110,115,138,115,121,141,119,122,139,119,121,141,122,124,138,124,124,130,120,119,127,122,119,121,120,118,109,109,107,115,115,115,98,100,99,83,85,84,84,86,85,93,95,94,98,100,99,115,117,116,141,143,142,151,151,151,140,140,140,138,137,135,136,135,133,131,127,126,133,129,128,133,128,125,120,116,115,79,77,80,48,46,51,41,40,45,47,46,51,45,46,51,45,46,51,43,46,53,43,48,54,49,53,62,52,56,65,53,60,68,54,61,71,52,59,69,50,57,67,53,57,68,54,58,69,45,49,60,43,50,58,47,54,64,52,59,69,54,61,71,51,60,69,51,60,67,52,61,68,53,60,66,74,81,87,112,117,121,119,122,127,78,79,83,49,50,52,55,55,57,52,52,54,47,46,51,56,57,62,51,55,58,45,49,50,53,53,55,53,51,54,50,45,51,54,49,55,47,44,51,48,49,54,49,50,55,51,49,54,65,52,59,79,54,60,87,47,56,84,42,52,61,28,35,68,43,46,116,97,99,138,122,122,104,85,81,80,43,34,114,41,22,177,69,33,222,72,21,243,69,6,252,74,4,255,80,5,249,86,11,247,90,9,252,92,8,253,94,3,253,96,0,254,100,0,255,106,3,255,110,4,254,112,2,254,114,1,252,115,0,253,116,0,255,120,5,254,120,5,252,122,10,252,126,15,253,128,20,253,132,25,253,136,30,254,141,37,255,144,46,255,146,49,255,148,53,255,149,54,255,151,57,255,152,57,255,153,60,254,154,60,254,155,62,255,158,64,255,160,66,255,162,67,255,163,68,255,162,67,255,162,67,253,162,69,254,165,73,254,166,76,255,165,79,255,163,80,252,161,82,251,159,86,251,157,93,248,158,108,239,163,131,226,175,158,183,168,165,142,161,167,122,171,178,125,188,197,141,201,212
186,153,138,169,138,118,147,122,91,141,123,87,160,149,117,158,153,131,110,112,109,70,79,88,69,85,101,57,78,95,41,65,77,40,65,70,48,73,77,46,69,75,41,59,73,39,52,68,33,43,55,36,44,55,37,47,57,36,46,56,35,48,57,43,56,65,46,59,67,40,53,61,37,50,56,40,53,59,45,54,61,40,49,56,34,41,47,31,36,42,34,37,44,36,41,47,32,37,43,32,37,43,31,36,42,29,34,40,30,35,41,33,38,44,34,39,45,33,38,44,35,40,46,37,42,48,39,44,50,37,42,48,33,38,44,29,34,40,28,33,39,29,34,40,33,36,41,36,39,44,37,42,46,35,40,44,34,39,45,34,39,45,34,39,45,33,38,44,35,40,46,36,41,47,39,42,51,41,44,53,43,43,53,42,42,52,41,41,51,38,41,50,36,41,47,32,37,43,33,36,43,38,41,48,40,43,50,37,40,47,36,37,42,35,36,41,42,43,48,41,42,47,37,40,45,34,37,42,31,36,40,32,37,41,34,39,43,38,41,46,36,37,41,35,35,37,35,30,34,48,39,42,83,68,73,117,98,102,132,111,116,137,115,118,138,116,119,136,116,118,134,118,119,129,117,117,123,115,113,120,116,113,108,108,106,87,89,86,67,67,65,64,64,62,65,65,63,63,63,61,58,58,58,63,63,63,79,81,80,92,94,93,122,122,122,126,126,126,137,137,137,138,136,137,134,130,129,141,137,136,144,140,137,131,127,126,104,102,105,61,59,64,41,39,44,41,40,45,44,45,49,50,51,55,46,49,54,42,45,50,41,46,52,48,53,59,56,61,67,59,63,72,56,60,69,50,54,63,44,48,57,41,45,54,47,51,60,44,49,55,42,46,55,41,48,56,42,49,57,41,48,56,40,49,56,40,49,56,36,45,50,51,58,64,83,88,92,96,101,105,65,69,72,49,50,52,65,65,67,66,66,68,49,50,54,56,57,62,47,51,54,43,47,48,55,55,57,56,54,55,51,46,50,52,47,51,53,51,56,50,51,55,49,50,54,50,48,51,61,49,53,78,51,58,91,49,59,89,46,56,60,29,35,62,42,44,111,95,95,140,122,118,105,80,75,88,40,28,134,50,26,195,75,38,225,72,15,245,74,5,253,80,4,255,87,6,252,91,11,251,95,10,252,97,7,253,99,3,252,100,1,253,104,2,255,108,4,255,112,5,255,113,3,254,114,1,252,115,0,253,117,0,254,119,2,253,119,4,253,122,8,253,126,13,254,128,17,252,130,19,252,134,24,254,139,33,255,142,43,254,144,46,255,147,50,255,148,53,255,150,56,255,151,56,255,152,59,253,153,59,252,153,60,253,156,62,254,159,65,255,160,66,255,162,67,255,163,68,255,163,68,254,163,70,253,166,73,254,166,76,255,166,80,254,163,80,252,161,80,251,159,84,252,157,91,248,157,104,236,158,122,223,171,150,182,165,158,139,157,159,117,164,170,116,179,186,128,191,200
188,143,114,191,151,116,190,156,110,196,168,120,212,194,148,187,176,144,120,116,105,79,82,87,62,74,88,51,68,84,51,71,82,41,64,70,37,61,63,40,61,66,37,53,66,40,53,69,38,47,62,39,47,60,38,48,60,38,48,58,37,50,59,44,57,66,46,59,67,40,53,61,38,51,57,37,50,56,37,46,53,34,43,50,34,39,45,32,37,43,32,35,42,32,35,42,25,30,36,28,33,39,28,33,39,26,31,37,27,32,38,32,37,43,32,37,43,28,33,39,34,39,45,37,42,48,37,42,48,33,38,44,27,32,38,24,29,35,26,31,37,30,35,41,32,35,40,34,37,42,35,40,44,33,38,42,31,36,42,31,36,42,31,36,42,30,35,41,36,41,47,36,41,47,37,40,49,39,42,51,43,43,53,43,43,53,40,40,50,37,37,47,33,36,43,31,36,42,34,37,44,38,41,48,39,42,49,37,40,47,39,40,45,41,42,47,42,43,48,40,41,46,36,39,44,34,37,42,33,38,42,33,38,42,33,38,42,32,37,40,36,37,39,36,36,38,36,32,33,49,40,43,83,68,71,117,98,102,132,112,114,137,115,118,137,115,118,136,116,118,133,117,118,127,115,115,114,109,106,98,97,93,73,75,72,52,54,51,47,46,44,52,51,49,56,55,53,54,54,52,53,53,53,58,58,58,62,62,62,60,62,61,68,68,68,87,87,87,120,120,120,143,141,142,146,142,141,145,141,140,146,142,139,141,137,136,125,123,126,82,80,85,52,50,55,40,38,43,42,41,46,50,51,55,48,51,56,45,48,53,43,48,54,45,50,56,47,52,58,48,53,59,48,52,61,45,49,58,38,42,51,32,37,43,43,46,53,45,48,55,45,48,55,42,47,53,39,46,54,44,51,59,51,60,67,56,65,72,44,53,58,47,56,61,67,75,78,87,92,96,64,68,71,45,49,52,62,63,67,60,61,65,51,52,56,50,54,57,45,49,50,44,48,49,54,56,55,56,54,55,52,47,51,50,45,49,57,55,60,51,52,56,49,53,56,51,49,52,58,46,50,73,46,51,88,45,55,85,42,52,61,31,39,61,42,46,107,93,92,134,117,110,102,69,62,93,35,21,150,54,29,208,79,37,235,79,18,250,80,5,255,84,4,254,88,2,251,92,8,251,97,7,255,101,5,255,103,2,252,103,1,253,106,2,255,110,5,255,113,3,254,114,3,252,115,0,253,116,0,253,117,0,254,119,2,252,119,1,255,121,6,255,126,12,255,129,16,251,130,17,251,134,21,253,138,29,254,141,39,255,143,45,255,145,48,255,148,50,255,148,53,254,150,55,255,150,58,253,153,59,252,151,59,252,155,61,254,157,63,254,159,65,254,161,66,255,162,67,255,163,68,255,165,69,253,166,73,252,167,76,255,165,77,254,164,78,252,161,78,250,158,81,252,155,87,246,155,100,240,160,123,227,172,151,183,166,158,137,155,155,111,159,163,106,169,176,116,179,186
206,153,111,232,184,136,244,202,144,246,212,151,250,225,169,207,189,149,123,114,97,81,79,80,54,60,74,44,57,73,49,67,77,42,63,68,31,52,55,36,55,61,39,55,68,40,52,68,37,46,61,36,44,57,36,46,58,37,47,59,36,49,58,40,53,62,41,56,63,36,51,58,37,50,56,32,45,51,31,40,45,29,38,43,33,38,44,34,39,45,33,36,41,31,34,39,24,29,33,25,30,34,27,32,36,28,33,37,29,34,38,30,35,39,29,34,38,27,32,36,30,35,39,32,37,41,32,37,41,30,35,39,26,31,35,25,30,34,29,34,38,33,38,42,32,35,40,34,37,42,34,37,42,33,36,41,31,36,40,31,36,40,30,35,41,28,33,39,30,35,41,29,34,40,31,34,41,33,36,43,37,37,47,38,38,48,37,35,46,33,33,43,28,31,38,28,33,39,33,36,43,37,40,47,38,38,46,36,36,44,39,40,45,45,46,51,41,42,47,38,39,44,34,37,42,33,36,41,32,37,41,31,36,40,29,34,37,26,31,34,34,35,37,34,34,36,34,30,31,46,37,40,80,65,68,114,95,99,132,112,114,139,117,120,137,115,118,136,116,118,132,116,117,121,109,109,96,91,88,63,64,59,44,49,45,47,49,46,44,43,39,44,40,37,35,31,30,43,42,40,63,61,62,59,59,59,51,51,51,62,62,62,53,53,53,56,56,56,78,76,77,113,111,112,144,140,139,153,149,148,146,142,139,137,133,132,138,134,135,107,102,106,74,72,77,48,46,51,41,40,45,47,48,52,44,48,51,46,50,53,52,57,61,50,55,59,45,50,54,41,46,50,40,45,51,43,48,54,44,49,55,43,48,54,49,52,59,55,58,63,57,60,67,49,54,60,43,50,56,48,55,61,52,61,66,54,63,68,55,64,69,54,63,68,70,78,81,95,100,104,71,74,79,44,48,51,58,59,63,55,56,60,50,51,55,45,49,52,44,48,49,48,52,53,54,56,55,54,52,53,51,46,50,47,42,46,50,49,54,47,48,52,49,53,54,55,53,56,60,45,50,72,43,48,86,40,51,80,37,47,60,33,42,58,42,45,100,89,87,127,108,101,97,59,50,100,33,16,168,60,32,220,82,36,246,84,19,255,85,7,255,87,2,254,89,0,251,93,4,253,98,5,255,102,0,254,103,0,253,104,1,254,107,3,255,111,6,255,113,3,254,114,3,252,115,0,253,116,0,253,118,0,255,120,2,252,119,1,254,121,3,255,126,9,254,129,13,250,129,14,252,132,19,253,137,26,255,139,36,254,142,42,254,144,46,255,147,49,255,147,52,254,150,55,255,150,58,253,153,59,252,151,59,251,154,60,254,156,65,253,158,66,254,159,65,255,161,67,255,163,68,255,165,69,253,166,73,252,167,76,255,166,78,255,165,79,252,161,78,250,159,80,252,155,86,245,154,99,237,157,120,225,168,148,180,163,155,133,151,151,106,154,158,101,164,169,108,173,177
234,182,107,255,209,130,255,215,127,254,213,125,255,225,146,212,187,130,119,105,79,68,64,61,50,57,67,42,56,69,48,65,75,47,66,73,38,56,60,44,62,66,50,67,77,40,54,67,34,43,58,33,41,54,34,44,56,36,46,56,36,46,56,39,49,58,38,51,59,35,48,56,39,50,56,37,46,53,33,40,46,30,37,43,30,35,41,31,34,41,30,33,40,30,33,38,30,31,36,27,31,34,29,32,37,32,37,41,33,38,44,29,34,40,26,31,37,27,32,36,24,29,33,27,32,35,27,35,37,28,36,38,27,35,37,31,36,39,34,39,43,37,40,45,32,36,39,34,38,41,34,38,41,33,37,40,33,37,40,33,37,40,32,36,39,30,34,37,25,26,31,25,26,31,26,27,32,28,28,36,30,30,38,32,32,42,32,32,42,29,32,39,26,29,36,30,33,38,35,38,43,39,40,45,34,35,40,30,31,35,33,34,38,40,41,45,39,40,44,34,38,41,29,34,38,28,33,37,27,32,36,28,31,36,29,30,35,27,28,33,30,31,35,31,31,33,31,26,30,41,35,37,74,62,64,110,94,95,133,113,115,141,121,123,134,114,116,131,115,116,123,113,112,106,101,98,72,71,67,40,41,36,48,49,44,83,84,79,165,161,158,180,175,172,118,114,113,43,39,38,42,40,41,63,61,62,58,56,57,54,54,54,58,58,58,61,61,61,61,61,61,72,70,71,105,104,102,140,136,135,147,143,140,140,136,135,141,135,137,123,118,122,95,90,94,59,57,62,44,42,47,43,42,47,41,42,46,44,48,51,43,48,52,44,49,53,43,48,52,36,41,45,33,38,44,36,41,47,42,47,53,45,50,56,45,48,55,53,56,63,55,58,67,49,52,61,44,48,57,45,50,56,44,49,55,38,43,49,42,47,53,45,50,56,68,73,77,98,103,107,74,79,83,46,49,54,61,65,68,63,67,70,48,49,53,44,45,47,44,48,49,53,54,56,54,54,54,51,49,52,49,44,48,45,40,46,42,41,46,42,43,45,52,53,55,61,57,56,64,48,49,75,44,49,89,39,48,83,33,44,61,30,36,58,39,41,94,85,80,121,102,95,98,56,44,113,36,16,187,70,35,236,90,39,250,88,16,255,89,4,255,92,2,255,93,2,255,96,5,255,102,6,255,105,0,253,105,0,253,106,2,254,109,4,255,111,4,254,114,3,254,114,1,252,115,0,252,117,0,253,119,0,255,120,2,252,119,0,251,120,2,254,125,8,253,128,12,249,128,15,251,131,19,253,137,28,252,139,37,253,141,43,253,143,45,254,146,48,254,147,51,255,149,55,255,151,56,255,152,59,253,153,59,253,154,60,253,156,62,253,158,64,254,159,65,255,160,66,255,162,68,255,164,71,255,166,72,255,167,75,255,167,79,255,166,80,253,163,77,251,158,78,250,156,82,248,155,94,238,155,115,228,168,144,185,162,154,139,155,155,112,163,167,108,175,181,120,185,191
255,214,88,251,206,77,244,196,60,248,199,70,251,208,96,198,165,84,108,90,54,61,57,48,49,58,63,42,58,71,42,58,73,38,54,67,42,57,64,53,68,73,49,66,74,31,48,56,26,39,48,35,45,55,39,47,58,34,43,52,33,42,51,38,47,56,40,47,57,37,44,52,40,44,53,37,41,50,33,36,45,30,33,42,29,32,41,30,30,38,29,29,37,29,28,34,32,30,35,32,30,33,31,32,37,29,34,40,28,35,43,28,35,45,28,32,41,26,31,37,26,31,34,21,30,27,22,33,27,24,35,29,25,36,32,30,39,38,34,37,42,30,31,36,24,30,28,28,34,30,33,38,34,32,37,33,31,31,29,30,30,28,31,30,28,30,29,27,31,27,28,26,24,27,26,24,27,26,25,30,24,25,30,25,28,35,28,33,39,27,32,38,34,38,41,34,35,39,36,37,39,38,38,40,32,32,32,29,29,27,30,30,28,30,32,29,27,31,30,25,34,33,26,36,37,29,37,40,32,35,42,34,32,43,37,31,43,38,32,44,33,30,39,26,23,30,25,23,26,39,35,34,70,60,59,108,94,93,134,116,116,138,120,120,131,117,117,115,106,107,102,102,100,77,82,78,51,53,48,32,33,28,76,68,65,174,166,163,249,244,241,249,245,242,213,209,208,101,97,96,41,37,38,55,53,54,52,50,51,49,49,49,57,57,57,54,56,55,53,55,54,42,44,43,67,67,65,120,119,117,141,137,134,139,134,131,142,133,134,141,132,135,115,109,111,79,74,78,50,48,53,41,40,45,46,47,52,42,45,50,45,50,56,51,56,62,47,52,58,39,44,50,40,45,51,44,49,55,44,49,55,44,49,55,45,49,60,44,46,58,44,46,58,43,45,57,43,43,55,41,41,51,42,40,51,44,42,53,43,42,50,41,41,49,69,70,75,96,99,104,75,80,83,44,52,54,50,58,60,59,64,67,51,49,52,44,39,43,49,47,50,60,60,60,58,56,59,53,51,54,51,46,52,42,37,43,40,38,43,56,56,58,57,57,55,47,42,38,57,38,34,79,43,43,94,39,45,89,32,39,73,33,34,61,37,33,94,85,80,107,90,82,93,45,33,139,55,31,217,90,47,245,93,30,252,93,11,255,94,1,255,96,5,255,97,5,255,97,7,255,99,4,250,105,0,249,107,0,254,109,4,255,110,5,255,111,4,254,114,3,254,114,0,253,117,0,253,119,0,253,119,0,255,122,1,255,122,1,253,122,4,250,123,8,251,125,14,252,130,21,255,134,27,255,139,34,253,139,40,251,141,43,252,142,45,253,144,49,253,146,50,255,148,54,255,151,56,255,153,55,253,153,55,253,155,56,255,157,58,255,160,63,255,160,65,253,158,64,253,158,64,255,160,68,255,160,68,255,163,73,255,167,79,255,165,79,253,163,77,253,161,76,251,158,78,247,154,85,236,145,100,236,166,140,197,166,161,146,157,161,117,174,181,119,194,200,131,195,205
252,208,57,248,202,47,246,192,34,247,191,42,250,196,70,202,161,71,116,94,55,65,61,52,47,58,60,52,70,80,57,73,88,48,64,79,45,58,66,48,61,67,40,57,64,28,45,53,29,42,50,32,42,51,34,43,52,36,45,54,39,46,56,41,48,58,41,45,54,38,42,51,35,38,47,32,35,44,30,30,40,29,29,39,30,30,40,31,31,41,31,31,39,32,31,37,32,30,35,32,30,35,30,29,37,28,31,40,28,32,43,25,32,42,24,31,39,23,30,36,23,28,31,22,28,26,21,30,25,22,31,26,22,31,28,26,35,34,30,35,38,27,32,35,19,23,22,22,27,23,30,32,29,33,33,31,26,25,23,26,22,21,30,24,24,33,27,29,33,27,29,30,25,29,30,28,31,33,33,35,33,34,36,33,37,38,33,38,41,30,35,38,24,27,32,24,25,30,26,27,31,31,31,33,31,31,31,31,31,29,30,30,28,26,28,25,25,30,26,24,30,28,27,33,33,31,35,38,35,36,41,37,36,44,40,37,48,43,40,51,34,31,42,28,25,32,26,24,27,37,33,32,65,55,53,102,88,85,126,108,106,128,110,108,115,103,103,112,108,107,83,87,86,51,60,57,43,49,45,27,28,23,75,67,64,206,196,194,255,252,249,255,252,249,236,232,231,118,114,113,26,22,23,46,42,43,61,59,60,48,48,48,52,52,52,48,50,49,41,45,44,49,53,52,70,70,68,95,95,93,125,121,118,144,139,136,136,127,128,139,130,131,121,112,115,87,83,84,57,52,56,39,38,43,45,44,50,45,46,51,46,49,56,46,51,57,44,49,55,45,50,56,50,55,61,51,56,62,47,52,58,46,51,57,43,47,56,42,45,54,42,45,54,44,47,56,47,47,57,45,45,55,45,44,52,44,43,51,49,48,56,47,47,55,78,79,84,106,109,114,81,86,89,48,56,58,49,57,59,52,57,60,50,49,54,48,43,47,43,41,44,49,49,49,59,59,61,58,56,59,46,44,49,39,37,42,49,48,53,60,58,61,60,56,53,52,41,37,59,33,32,76,34,36,93,33,41,94,34,42,71,29,30,65,37,34,87,72,67,95,71,61,102,46,29,162,69,38,231,97,44,247,93,21,254,96,5,255,97,0,255,98,3,255,99,6,255,98,6,253,99,3,249,104,0,246,106,0,254,109,2,255,111,6,255,113,3,255,115,2,253,116,0,253,119,0,254,120,0,254,122,0,255,123,0,254,124,2,253,124,5,252,125,10,252,127,17,253,130,24,253,135,29,253,137,34,253,141,41,252,142,45,253,144,49,254,145,50,254,147,53,255,148,54,254,150,53,255,153,55,253,154,53,254,155,54,254,156,55,255,158,59,255,158,61,254,157,62,253,158,64,255,160,66,255,160,66,255,163,71,255,166,78,254,164,76,253,161,74,251,159,72,251,156,72,247,153,81,244,150,99,240,164,138,198,161,155,145,152,158,117,174,181,122,196,205,136,198,209
252,196,47,252,193,41,254,187,34,252,185,42,246,186,66,202,156,71,119,93,58,64,57,51,50,60,62,55,73,83,53,71,85,43,59,72,47,60,68,47,62,67,34,51,58,22,39,47,27,37,46,28,37,46,33,42,51,40,49,58,43,50,58,39,46,54,36,40,49,35,39,48,31,35,44,29,33,42,28,31,40,27,30,39,28,31,38,29,32,39,29,32,39,28,31,38,27,30,37,29,29,39,29,27,38,29,27,38,29,29,37,26,31,37,24,31,37,22,32,34,23,31,34,26,31,34,34,33,38,36,36,38,33,34,36,31,37,37,28,40,38,24,36,34,33,35,34,25,23,24,28,23,27,34,29,33,30,25,32,28,21,29,29,21,32,27,19,30,27,21,31,29,24,31,32,30,35,35,33,36,31,31,29,30,32,27,29,34,27,26,31,27,23,26,33,23,25,38,30,30,42,34,34,44,34,35,40,34,35,39,32,33,35,26,28,27,30,30,28,30,29,27,33,29,30,35,31,32,34,32,33,30,34,35,30,39,38,33,41,43,30,33,38,29,28,33,30,26,27,35,30,27,59,48,44,94,79,74,116,98,94,117,99,97,109,97,97,102,96,96,62,64,63,33,39,37,43,48,44,30,32,27,51,48,43,148,145,140,242,238,235,255,255,253,199,195,194,77,73,72,34,30,31,41,37,38,34,32,35,57,57,59,60,60,62,53,54,56,38,42,41,52,56,55,65,65,63,64,64,62,99,95,94,131,125,125,133,124,125,139,130,131,129,120,123,101,97,98,66,61,65,38,38,40,39,38,43,43,44,48,41,44,49,41,44,49,40,45,51,44,49,55,50,53,58,48,51,56,44,47,52,46,49,54,50,54,57,44,48,51,39,43,46,38,43,47,40,45,49,40,48,51,43,51,54,44,52,55,50,58,61,45,50,54,66,71,75,99,102,107,91,94,99,64,67,72,56,57,62,45,46,50,40,44,47,47,51,52,43,44,46,42,43,45,57,58,60,58,59,61,50,51,55,55,56,60,60,59,64,58,54,55,55,43,45,59,37,39,73,37,41,86,37,43,93,33,43,88,30,42,66,25,33,68,37,42,84,59,55,92,54,43,122,52,27,187,84,43,239,101,39,246,91,11,253,99,3,254,101,0,254,102,3,254,101,5,255,100,7,254,101,5,251,104,0,249,107,0,253,111,3,254,112,4,255,115,4,254,117,1,254,119,1,254,121,0,255,123,0,254,124,0,253,123,1,255,125,5,255,127,10,255,129,16,254,132,21,254,133,26,253,136,31,252,139,37,252,142,44,253,145,47,254,145,50,255,147,52,255,148,54,255,149,55,254,150,53,254,152,54,253,154,53,253,154,53,253,155,54,254,156,57,253,156,59,252,155,60,252,157,63,255,160,66,255,161,67,255,163,69,255,165,76,253,163,75,253,159,72,251,157,70,249,153,69,246,149,78,245,149,99,235,159,133,193,156,150,143,150,156,121,174,182,127,197,207,141,199,210
255,188,40,255,184,34,255,177,27,247,170,32,236,166,54,194,141,63,114,83,54,54,44,42,38,47,52,45,63,73,41,59,71,36,53,63,47,62,67,46,61,64,27,44,51,17,34,42,18,28,37,26,35,44,36,45,54,42,51,60,40,47,55,33,40,48,32,36,45,32,36,45,29,33,42,28,32,41,29,32,41,30,33,42,30,33,40,30,33,40,29,32,39,27,32,38,25,29,38,25,29,38,28,28,36,28,29,34,29,30,35,26,31,34,24,32,35,23,33,35,24,31,37,27,30,37,33,30,39,35,30,37,30,28,33,28,30,29,23,32,27,21,27,23,31,22,25,30,15,20,40,23,29,49,30,36,39,18,25,34,8,17,36,9,16,36,9,16,39,12,17,44,18,19,52,26,27,51,27,23,43,23,16,42,24,14,46,30,17,46,31,24,40,29,35,38,27,41,37,29,40,31,28,37,26,25,31,27,28,33,30,34,37,32,33,35,34,32,35,34,30,31,35,29,31,35,29,31,31,30,28,28,30,27,24,33,28,26,35,32,25,30,33,28,29,33,30,28,29,35,27,25,53,39,36,84,69,64,108,90,86,111,93,91,110,99,97,85,77,75,52,51,49,35,37,36,42,47,43,38,43,39,32,34,29,53,54,49,102,101,99,107,106,104,79,75,74,32,28,27,33,29,30,48,44,45,44,42,45,58,58,60,71,71,73,63,64,66,45,49,50,50,52,51,54,54,54,47,47,45,74,70,69,111,105,105,132,123,124,138,129,130,132,126,128,116,112,113,81,76,80,45,45,47,40,39,44,42,43,47,38,41,46,42,45,50,42,47,53,41,46,52,41,44,49,39,42,47,41,44,49,47,51,54,53,54,58,45,49,50,38,43,46,37,42,45,37,45,48,39,49,51,42,52,54,46,56,58,50,57,63,44,51,57,50,55,61,78,81,88,92,92,100,72,72,80,54,53,61,43,42,48,40,44,47,47,53,53,43,44,46,40,42,41,53,55,54,59,61,60,57,61,60,64,68,67,51,51,51,49,40,41,53,33,35,68,36,41,84,39,46,92,39,49,93,33,45,81,27,40,65,24,38,72,39,46,90,52,49,109,53,36,153,69,35,208,94,40,241,99,25,248,94,4,253,102,0,254,103,0,252,105,2,253,105,5,255,105,8,255,106,6,255,108,4,255,110,3,253,111,3,254,114,3,253,116,2,254,119,2,254,121,0,253,123,1,254,124,0,254,126,1,253,125,2,255,126,6,255,129,12,255,132,18,255,136,24,255,138,30,255,141,35,255,142,40,253,143,45,253,145,47,255,147,52,255,149,53,255,149,55,254,150,55,253,151,53,253,151,53,251,152,51,251,152,51,252,154,53,254,156,55,253,157,57,252,155,58,252,158,62,255,160,66,255,162,67,255,162,68,254,163,74,252,161,72,253,157,70,252,154,67,248,149,64,244,146,75,241,143,94,230,155,126,193,156,150,149,154,158,127,176,183,133,200,209,147,201,211
255,174,26,251,165,18,246,154,9,233,144,14,221,142,37,181,121,51,107,71,49,50,38,40,25,34,39,38,57,64,40,58,68,37,54,61,47,62,65,39,54,57,19,36,43,16,30,39,19,28,37,29,36,44,37,44,52,38,45,53,35,42,50,32,39,47,30,37,45,27,34,42,22,29,35,23,30,36,28,33,39,30,35,41,32,37,43,31,36,42,30,35,41,28,33,39,25,29,38,26,31,37,27,32,36,27,33,33,27,33,33,26,32,32,25,30,33,25,30,34,25,29,38,25,27,39,29,27,41,30,27,38,31,26,32,36,30,32,42,34,31,44,30,29,40,15,21,40,7,16,45,8,15,52,10,12,54,4,3,62,4,0,74,11,2,82,16,4,93,23,11,92,23,8,91,22,7,81,15,0,69,6,0,64,5,0,65,7,0,57,7,0,56,14,16,46,14,19,42,20,23,37,25,27,28,26,27,27,28,30,28,29,33,27,28,33,32,31,37,31,30,35,31,30,35,32,32,34,31,31,31,30,29,27,32,28,25,32,31,29,22,26,29,26,30,33,31,31,33,33,27,27,45,34,32,74,59,56,101,83,79,107,92,89,106,92,91,73,63,62,50,46,45,42,42,40,41,43,40,41,46,42,35,41,37,29,34,30,40,40,38,35,33,34,45,41,42,46,42,43,40,35,39,51,46,50,61,59,64,57,56,61,66,65,70,59,60,62,56,57,59,53,55,54,49,49,49,42,42,42,58,54,55,102,96,98,127,118,119,133,124,125,133,127,127,126,122,123,95,90,94,55,55,57,44,43,48,45,46,50,40,43,48,47,50,55,46,49,54,40,43,48,40,41,46,42,43,48,44,45,50,47,48,53,38,41,46,37,42,46,39,44,50,42,47,53,44,48,57,42,49,57,42,49,59,44,51,61,46,50,61,55,57,69,49,51,63,64,64,76,82,82,92,66,66,76,46,46,56,45,46,51,47,48,50,43,45,44,39,37,38,43,39,38,52,51,49,58,59,54,58,61,54,58,61,52,39,34,28,45,30,27,63,31,34,79,34,41,85,32,40,89,32,41,90,33,42,83,31,43,66,27,45,72,32,43,97,44,40,135,60,37,189,87,39,227,102,35,243,99,12,254,102,1,254,103,0,252,106,0,251,108,3,252,109,7,254,108,7,255,108,8,255,109,6,255,111,5,254,112,2,253,116,0,253,118,1,254,121,2,252,124,1,253,125,0,255,127,2,254,129,3,253,127,4,254,129,9,255,131,15,255,134,21,254,136,26,255,138,32,255,142,36,255,144,42,252,144,45,253,146,48,255,148,52,255,150,54,255,150,56,255,151,56,254,152,54,254,152,54,249,150,49,250,151,49,252,155,52,254,158,56,255,159,59,254,157,60,253,159,63,255,160,66,255,162,67,255,161,67,255,161,71,254,160,72,254,156,69,251,151,65,248,146,62,244,142,70,241,141,92,230,153,125,196,159,153,155,158,163,132,177,183,139,199,209,156,204,214
249,150,5,245,146,1,244,141,2,239,139,15,228,141,44,182,116,55,106,67,50,58,43,50,43,52,59,44,63,70,37,56,63,34,52,56,45,59,60,36,50,51,18,33,40,18,31,40,30,39,48,32,39,47,31,38,46,30,37,45,32,39,47,34,41,49,31,38,46,25,32,40,22,29,35,24,31,37,28,33,39,30,35,41,30,35,41,29,34,40,26,31,37,25,30,36,26,31,35,27,32,35,26,35,34,26,35,32,25,34,31,25,31,29,25,29,32,26,27,32,29,29,41,28,28,40,32,28,42,33,25,36,35,20,25,41,20,19,50,19,16,52,14,11,42,0,0,64,16,16,89,34,29,109,47,34,130,58,36,153,72,43,179,91,55,199,103,63,194,95,53,186,85,43,172,73,32,159,61,24,148,53,21,141,50,23,134,44,20,117,35,14,94,20,7,73,11,0,58,8,0,51,13,4,42,17,12,36,21,18,34,24,25,30,25,29,31,30,36,29,29,37,28,31,36,30,31,35,30,30,32,30,26,27,33,24,25,32,26,28,23,27,30,25,30,34,31,32,34,30,28,29,40,30,29,65,51,48,93,78,75,106,91,88,98,82,82,67,56,54,43,38,35,41,40,38,44,46,43,38,43,39,38,44,40,48,53,49,45,45,45,58,56,57,52,48,49,43,39,40,44,39,43,49,44,48,58,56,61,67,65,70,57,56,61,48,49,53,61,62,64,64,65,67,54,54,56,38,38,38,47,43,44,92,88,89,122,113,114,129,120,121,132,126,126,129,125,124,99,95,96,56,56,58,42,41,46,41,42,46,39,42,47,44,47,52,41,44,49,35,38,43,41,42,47,46,47,52,44,43,49,40,39,45,34,34,42,35,35,45,37,40,49,41,43,55,42,46,57,43,47,59,45,49,61,48,52,64,43,47,59,55,59,71,48,50,63,53,55,67,75,75,87,68,68,78,51,51,59,45,46,51,41,41,43,39,37,38,43,39,40,49,45,46,50,48,49,48,49,44,50,55,48,62,64,53,54,47,39,51,32,28,65,29,33,83,33,42,87,31,42,88,32,43,86,35,42,79,32,42,66,25,43,70,23,33,107,39,28,160,70,36,214,98,37,240,108,26,248,101,5,255,107,0,254,106,0,254,108,0,251,110,4,250,111,6,252,111,6,253,110,5,255,110,4,255,111,2,255,115,0,252,119,0,254,121,2,253,125,2,252,127,1,252,128,2,253,129,3,254,130,6,255,133,10,255,133,12,255,134,17,253,136,22,253,137,26,252,140,32,253,142,37,253,144,41,253,147,47,254,147,49,255,150,54,255,152,55,255,152,57,255,152,57,255,153,55,253,154,53,250,151,50,250,153,50,252,156,53,255,160,57,255,160,60,255,158,61,254,160,64,255,162,66,255,161,66,255,160,66,254,160,70,254,160,70,255,155,67,251,150,62,249,143,59,245,138,68,238,138,89,228,151,125,196,159,153,155,158,163,129,169,177,137,191,201,157,201,210
245,136,0,247,137,0,250,138,2,250,144,26,242,148,58,189,118,62,112,70,58,73,57,67,63,72,81,50,70,77,36,57,62,34,52,54,43,57,57,35,46,48,21,31,40,22,32,42,34,43,52,31,38,46,29,36,44,30,37,45,33,40,46,32,39,45,26,35,40,23,32,37,25,32,38,26,33,39,27,34,40,27,34,40,26,34,37,24,32,35,24,29,33,23,28,31,25,31,29,26,32,28,25,34,29,24,33,28,23,32,29,24,28,29,26,27,32,27,26,34,29,27,38,29,26,35,32,25,32,33,17,20,39,8,6,56,8,4,78,13,7,87,17,7,108,45,28,164,99,77,209,138,108,219,142,100,220,133,79,223,128,62,237,134,59,255,146,65,251,135,52,245,126,44,237,117,39,230,112,42,226,110,49,226,112,58,219,107,61,203,96,54,173,72,30,145,49,9,120,30,0,101,19,0,79,12,0,59,9,0,50,19,16,46,32,31,32,30,33,27,30,37,27,30,39,29,29,37,30,27,34,29,24,30,28,23,27,27,25,30,29,32,39,25,32,38,25,33,35,26,30,31,32,31,29,55,47,45,85,71,70,102,84,84,92,74,74,64,50,49,40,32,29,41,37,34,44,46,41,35,40,34,38,43,39,52,54,51,52,52,52,60,60,62,52,50,53,45,43,46,42,37,43,47,42,48,59,57,62,54,52,57,53,52,57,47,46,51,56,57,61,69,70,72,59,59,61,37,37,39,45,40,44,73,69,70,110,101,102,122,114,112,130,124,124,127,123,122,94,90,91,50,50,52,37,36,41,38,39,43,40,41,46,42,43,48,38,39,44,36,37,42,41,42,47,43,44,49,41,40,46,40,37,46,42,36,48,40,34,48,37,33,47,37,36,50,38,40,53,39,42,57,40,46,60,42,50,63,37,45,56,44,52,63,42,49,59,47,51,60,58,61,68,67,68,73,62,63,67,42,41,46,32,30,35,42,37,43,46,41,48,48,47,53,45,46,50,30,36,36,39,46,39,75,78,71,82,74,71,61,41,42,62,27,34,82,36,49,89,38,53,84,36,48,78,35,44,70,29,37,66,22,37,86,27,31,142,57,37,196,88,42,231,105,29,248,109,14,251,106,1,255,108,0,255,108,0,255,109,3,255,112,7,252,114,7,251,115,7,252,114,3,255,114,2,255,116,1,254,120,0,252,124,1,253,125,2,252,128,2,251,129,2,252,130,3,252,133,7,252,133,7,255,136,14,255,137,17,255,138,22,255,139,26,255,140,31,254,143,35,253,144,39,253,147,45,255,150,50,255,151,52,255,153,56,255,154,57,255,154,59,255,153,58,255,154,56,253,154,53,253,154,53,253,156,53,254,158,55,255,160,57,255,161,61,253,159,61,254,160,64,255,163,67,255,162,66,254,160,64,254,159,67,255,160,70,255,156,66,253,147,59,250,139,57,245,136,67,236,134,86,224,147,121,193,158,152,155,156,161,126,163,172,133,181,191,153,191,200
252,136,0,253,137,0,253,135,3,250,139,24,239,143,56,185,112,61,113,70,63,87,71,82,60,69,78,51,71,78,46,67,72,46,64,66,47,59,59,31,41,43,19,28,37,25,33,44,32,39,49,29,36,44,30,37,45,36,43,51,34,41,47,26,33,39,20,29,34,22,31,36,24,31,37,24,31,37,25,32,38,25,32,38,25,33,36,25,33,36,27,32,36,27,32,35,20,29,24,21,31,23,22,31,26,24,30,28,24,28,31,27,26,32,29,26,33,33,26,34,35,24,32,38,22,25,43,19,15,52,15,6,72,19,5,115,44,26,164,77,57,192,101,72,203,118,79,240,157,107,252,166,107,244,153,83,246,149,68,249,146,53,246,139,35,250,138,28,253,136,23,254,134,22,255,132,28,253,129,31,249,125,37,251,126,46,247,123,51,239,114,47,236,111,44,223,99,35,213,92,37,198,83,39,157,54,21,110,24,1,77,14,0,62,17,11,51,23,20,41,25,28,36,27,32,34,29,36,33,28,35,30,27,34,30,27,34,31,30,36,38,37,45,31,34,41,27,32,36,25,31,31,30,32,31,49,45,44,79,65,65,97,79,79,87,67,68,64,46,46,45,35,33,44,41,36,38,39,34,38,40,35,49,50,45,50,50,48,52,52,52,62,62,64,49,47,50,44,42,45,47,42,48,47,42,48,57,55,60,57,55,60,53,52,57,49,48,53,48,49,53,64,65,69,60,60,62,42,42,44,51,46,50,55,51,52,94,85,86,112,104,102,125,119,119,123,119,118,89,85,86,45,45,47,37,36,41,41,42,46,45,46,51,45,46,51,41,42,47,40,41,46,42,43,48,40,41,46,42,41,47,48,47,53,43,40,51,40,37,48,38,36,47,39,39,51,39,41,53,37,41,53,35,39,51,32,38,50,31,40,49,37,46,55,48,55,63,46,53,59,35,43,46,51,56,59,62,68,68,40,41,43,40,34,38,50,40,48,41,36,43,40,39,47,42,47,51,23,29,29,30,35,31,80,79,74,99,85,82,70,44,47,68,28,37,86,40,53,88,37,52,77,30,40,72,30,34,72,27,30,74,21,27,112,42,34,185,86,54,231,111,51,244,110,23,252,111,6,253,111,0,255,111,0,255,109,3,255,111,7,255,112,9,255,115,9,253,119,6,254,121,3,255,121,1,255,122,0,253,123,0,251,126,0,252,128,2,252,130,3,251,132,4,251,134,5,252,134,8,251,136,11,255,139,18,255,141,22,255,142,27,255,145,30,255,146,35,255,149,40,255,150,43,254,151,48,255,153,52,255,154,54,255,155,58,255,156,58,255,154,59,255,155,57,254,154,56,253,155,54,255,158,55,255,158,55,255,159,56,255,161,58,254,160,60,253,159,59,255,161,65,255,164,68,255,161,63,254,160,64,254,159,67,255,159,68,255,156,64,255,147,59,253,138,55,247,134,66,234,131,86,222,146,122,193,160,155,155,158,165,129,161,172,133,177,188,149,186,194
255,140,4,255,134,1,255,139,9,251,137,25,235,139,53,173,100,49,112,69,62,87,73,86,59,69,79,45,65,72,50,71,76,57,75,77,45,55,54,23,31,33,22,29,39,33,39,51,33,37,46,34,39,45,38,43,49,41,46,52,34,41,47,25,32,38,21,30,35,23,32,37,23,33,35,25,35,37,26,34,37,25,33,36,27,32,36,27,32,36,26,29,34,21,26,29,18,29,23,18,29,23,20,24,25,20,19,25,25,22,33,39,31,44,42,32,43,35,20,27,46,22,22,50,16,6,71,20,1,114,47,20,169,86,52,211,118,77,233,132,86,241,136,79,248,141,71,247,142,61,244,140,53,241,138,43,241,138,35,243,142,28,244,144,24,246,144,18,246,143,15,249,142,14,248,138,13,249,135,13,246,129,15,246,124,15,247,121,18,252,120,20,253,112,20,255,114,28,253,113,36,241,106,40,220,91,36,186,64,23,146,35,7,112,15,0,84,7,0,70,15,10,56,22,21,45,26,28,34,28,30,27,28,32,27,27,35,28,27,35,33,23,32,37,27,36,33,34,38,28,32,35,28,32,33,44,42,43,75,63,65,101,81,83,93,71,73,65,45,46,48,37,33,48,43,37,40,39,34,42,41,36,54,49,45,55,50,47,55,53,54,51,51,53,49,47,50,46,44,47,44,39,45,44,39,45,48,43,50,51,48,55,57,56,62,49,48,54,39,40,44,53,54,58,72,72,74,56,56,58,41,36,40,50,46,47,83,74,75,109,100,101,127,121,121,124,120,119,93,89,90,54,54,56,43,42,47,40,41,45,43,46,51,37,40,45,37,40,45,39,42,47,40,41,46,43,44,49,47,48,53,49,50,54,37,42,45,34,40,40,29,34,37,26,31,34,30,33,40,36,39,46,42,45,54,43,46,55,38,42,51,39,44,50,48,55,61,45,55,57,35,47,45,49,64,59,60,77,71,49,58,53,45,35,34,54,38,39,54,48,52,47,46,52,37,42,45,33,37,38,46,43,38,80,67,61,92,67,63,77,38,41,84,37,45,90,38,50,83,27,38,84,29,35,82,28,26,76,19,12,87,20,11,165,81,55,227,117,68,242,114,41,247,111,12,250,113,0,248,113,0,252,115,1,255,113,8,255,112,12,255,114,11,255,117,9,254,121,2,252,124,0,254,125,0,255,126,0,254,129,0,251,128,0,250,129,0,251,132,2,253,136,7,251,136,9,253,138,13,254,140,16,255,140,21,255,142,24,255,144,29,255,146,33,255,148,39,255,150,41,254,152,44,253,152,48,255,154,53,255,156,55,255,155,57,255,155,57,254,154,56,253,153,55,253,153,55,252,154,53,255,160,57,255,161,58,255,160,57,253,157,54,250,156,56,252,158,58,255,161,65,255,162,66,253,161,62,255,161,65,255,160,66,255,160,69,255,155,63,255,146,57,252,135,55,245,130,63,234,133,89,222,150,126,187,158,154,156,160,169,136,166,177,136,176,188,150,184,193
254,129,0,246,121,0,244,118,0,236,120,9,227,128,43,170,97,46,109,66,59,85,71,84,72,82,92,46,69,75,42,61,67,44,59,62,35,45,46,23,28,31,24,28,39,32,36,48,33,37,46,34,39,45,36,41,47,37,42,48,30,37,43,23,30,36,21,30,35,24,33,38,22,32,34,23,33,35,24,32,35,23,31,34,24,29,33,23,28,32,22,25,30,18,23,26,15,24,23,19,28,27,25,26,31,28,22,32,34,23,37,41,25,38,45,22,32,48,16,17,58,11,1,103,43,19,161,83,47,205,113,66,233,130,72,245,137,72,243,135,63,241,130,48,255,139,44,255,140,37,254,139,33,248,138,27,247,140,24,248,145,24,249,149,25,248,151,21,246,147,17,250,147,16,253,146,16,254,142,14,254,136,10,253,131,6,252,126,5,255,123,5,255,116,9,255,111,11,255,109,16,253,107,22,250,104,31,235,91,30,208,67,21,179,49,13,140,26,0,114,19,1,81,11,0,58,9,4,46,15,13,42,22,24,40,25,30,41,24,32,43,13,23,47,17,25,39,22,28,32,23,26,31,27,28,48,42,44,79,64,67,102,81,86,94,72,75,67,47,48,52,38,35,50,43,37,44,39,35,46,41,37,56,45,43,56,46,45,51,49,50,46,47,49,47,47,49,47,45,48,44,39,45,42,37,43,44,39,46,44,39,46,46,43,50,43,42,48,36,35,40,47,48,52,70,70,72,64,62,65,45,40,44,44,38,40,70,61,64,97,88,89,119,113,113,122,118,119,93,88,92,52,52,54,43,42,47,45,46,50,39,42,47,35,38,43,36,39,44,39,42,47,36,39,44,38,39,44,39,40,45,35,40,43,39,50,46,38,51,44,37,48,44,36,45,44,39,44,48,43,48,54,49,52,59,51,54,63,51,54,63,47,50,57,53,58,64,52,57,60,42,51,50,51,62,58,61,74,67,60,65,58,55,40,33,49,30,26,42,32,33,37,35,38,35,39,42,37,37,37,48,39,34,76,52,48,93,55,54,91,42,45,95,40,46,96,36,44,95,33,38,94,28,29,89,22,13,95,24,6,130,51,21,196,101,57,242,123,57,244,112,27,247,112,4,255,120,2,251,121,1,250,116,1,255,115,10,255,113,12,255,115,10,255,118,5,252,122,0,250,127,0,252,130,0,253,131,0,254,132,0,252,131,0,251,132,2,253,136,5,253,138,9,252,139,11,253,139,15,254,141,19,255,142,24,254,143,27,254,144,31,254,146,35,254,149,40,253,151,43,251,153,46,251,152,48,253,154,52,254,155,54,254,155,54,255,155,57,254,154,56,253,155,56,253,155,54,254,156,55,253,157,54,254,158,55,254,158,55,252,156,53,249,155,55,250,156,58,252,158,62,253,159,63,254,162,63,255,161,65,255,161,67,255,159,66,255,156,63,255,147,58,255,136,57,248,130,66,231,132,90,219,151,128,185,161,157,158,167,176,147,176,190,152,189,205,167,201,210
254,126,3,253,125,2,253,124,4,246,128,20,238,138,53,181,105,55,111,68,59,85,72,82,73,83,92,52,75,83,50,69,76,48,63,68,37,45,47,27,31,34,30,33,42,40,42,54,33,36,45,32,35,42,31,36,42,31,36,42,25,33,36,19,27,30,19,29,31,22,32,34,24,32,35,25,33,36,26,31,35,24,29,33,23,27,30,22,26,29,23,24,28,21,22,26,18,21,26,20,20,28,22,19,30,31,23,36,41,25,38,40,13,22,48,6,8,73,15,4,121,43,20,181,88,47,239,132,76,255,146,75,255,142,59,253,140,46,247,139,38,244,136,28,255,138,25,255,137,24,255,136,23,252,137,22,250,139,24,251,144,28,253,148,30,253,150,31,248,144,23,250,144,22,254,144,21,255,142,18,255,138,12,255,132,6,255,127,2,254,124,2,255,126,12,254,119,12,253,111,9,255,109,13,255,110,21,255,105,25,245,92,22,229,81,21,206,66,17,180,48,10,144,24,0,112,8,0,90,7,1,75,9,10,63,13,16,60,11,17,67,6,14,71,11,19,61,16,21,48,16,21,42,22,24,54,38,41,82,61,66,102,79,85,94,69,73,68,46,48,51,36,33,49,38,34,48,39,34,51,40,36,57,43,42,54,42,42,47,45,46,40,41,43,45,45,47,49,47,50,44,39,45,41,36,42,41,36,42,37,32,38,37,35,40,42,41,46,38,37,42,43,42,47,64,62,65,66,64,67,49,44,48,39,33,35,54,45,48,84,75,76,113,107,109,124,120,121,96,91,95,53,53,55,42,41,46,45,46,51,38,41,48,33,38,44,35,40,46,36,41,47,32,37,43,30,33,40,29,32,39,26,31,35,29,40,36,31,46,39,38,50,46,39,51,49,39,49,51,40,49,54,42,49,59,44,48,59,35,37,49,34,34,46,39,38,46,42,39,46,42,37,43,49,45,46,66,62,61,82,71,67,78,56,45,59,37,26,44,33,29,38,34,33,34,32,35,39,33,33,55,37,33,80,49,46,93,48,45,88,32,33,85,23,28,96,27,32,106,32,33,94,15,8,91,8,0,123,37,4,189,94,46,225,120,54,250,125,43,247,115,17,249,118,4,255,125,3,249,124,4,248,121,6,254,117,11,255,117,12,255,118,8,255,122,4,252,127,0,250,132,0,252,135,0,254,137,0,253,135,1,254,136,4,255,138,7,255,142,10,255,142,12,253,141,15,254,141,19,254,144,23,254,143,27,254,144,29,253,145,34,254,148,38,252,150,40,253,152,44,251,154,47,251,154,47,251,154,49,252,155,52,253,155,54,254,156,55,254,156,57,253,157,57,254,158,56,254,158,56,253,157,54,255,159,56,254,161,57,252,159,55,251,157,57,253,159,61,254,160,64,254,160,64,254,162,63,255,162,66,255,160,66,255,157,65,255,153,61,255,146,57,255,134,56,247,129,67,230,131,90,218,153,133,183,163,162,160,172,184,157,188,206,168,205,223,183,217,227
255,123,8,255,131,16,255,134,16,255,134,28,242,138,53,179,102,48,104,60,49,76,60,70,69,78,87,56,76,85,53,71,81,47,62,69,34,42,45,26,30,33,30,33,40,36,39,48,33,36,43,31,34,41,30,35,41,28,33,39,22,30,33,19,27,30,19,29,31,22,32,34,24,32,35,24,32,35,26,31,35,24,27,32,22,26,29,23,24,28,22,23,27,24,21,28,27,21,31,28,20,31,30,20,29,39,24,31,44,18,21,43,2,0,75,13,0,131,47,21,203,100,59,238,122,65,255,138,64,255,134,44,249,127,26,248,132,21,251,142,25,252,146,26,252,137,18,254,138,19,253,138,21,251,137,22,250,139,24,251,141,26,250,143,29,250,143,29,249,139,24,250,139,23,254,139,22,255,137,19,255,135,14,255,132,10,255,128,5,253,127,6,254,128,15,253,127,16,255,120,12,252,114,7,253,107,4,252,102,5,251,96,6,247,90,11,246,87,21,231,74,21,207,55,16,178,36,12,148,22,8,124,13,6,102,8,6,94,4,4,105,6,11,110,13,20,102,21,27,82,20,25,65,19,22,65,30,34,81,54,59,98,73,77,92,70,73,69,47,49,52,32,33,52,34,32,56,38,36,59,44,41,61,45,45,54,44,43,43,43,43,34,38,39,41,41,43,44,44,46,40,35,41,39,34,40,42,37,43,37,32,38,39,37,42,49,47,52,45,44,49,43,42,47,57,55,58,61,59,62,50,45,49,40,34,36,52,43,46,82,73,74,111,102,105,116,112,113,90,85,89,52,51,56,42,43,48,42,45,50,42,47,53,39,44,50,39,44,50,36,43,49,33,38,44,32,37,43,32,37,43,30,35,39,31,36,39,33,42,41,37,45,47,35,45,47,33,42,47,33,42,49,33,40,48,36,39,48,35,33,44,43,36,44,53,38,45,59,36,42,59,30,34,59,25,26,66,28,27,77,38,31,92,56,40,70,41,23,62,42,35,54,38,38,37,25,27,36,20,21,54,28,27,81,43,40,88,37,34,97,35,36,106,35,39,107,31,33,101,20,16,94,7,0,117,26,0,178,80,33,231,128,59,240,128,42,249,122,25,253,121,13,255,125,7,249,123,0,246,123,2,252,129,10,255,123,12,255,123,13,255,124,8,255,128,4,255,132,2,252,136,0,252,139,1,253,140,2,254,138,3,255,139,7,255,144,12,255,145,15,255,144,16,253,144,17,254,144,23,255,146,27,255,145,30,253,146,32,253,147,37,253,148,39,253,151,43,251,153,44,252,155,48,251,156,48,251,154,49,252,155,50,253,156,53,253,157,55,253,157,55,254,158,58,254,158,56,255,159,57,255,159,56,255,161,58,255,164,60,255,163,60,255,161,61,255,162,64,255,162,68,255,162,68,254,161,65,255,161,63,255,159,65,255,155,63,255,151,59,255,143,57,255,131,55,245,125,65,226,128,89,215,154,135,180,166,166,160,176,189,165,196,216,176,213,232,184,221,230
251,110,4,255,118,9,254,116,5,245,118,13,233,124,39,186,105,49,113,67,52,80,63,71,79,86,96,62,80,92,50,68,80,38,52,61,28,37,42,28,33,36,30,35,41,29,34,40,33,36,43,32,35,40,31,36,40,29,34,38,23,31,34,21,29,32,22,30,33,24,32,35,24,29,32,23,28,31,23,27,30,22,26,29,22,23,27,22,21,26,23,21,26,27,20,28,34,18,31,47,27,38,45,24,29,42,14,10,51,9,0,77,17,0,140,56,20,213,107,59,247,125,62,255,128,52,255,130,39,255,129,26,252,132,20,253,138,19,253,143,22,250,144,22,245,142,24,244,143,27,247,143,28,248,143,28,249,142,28,251,141,28,252,141,26,252,138,24,255,139,26,255,138,25,255,136,23,255,134,21,254,133,18,255,132,18,255,131,17,255,131,17,251,126,16,252,127,17,250,126,14,246,120,7,244,112,1,246,105,0,249,100,0,254,95,3,252,85,6,251,79,13,241,71,19,226,60,20,205,45,19,183,30,14,167,19,9,157,12,7,152,6,7,156,17,20,150,27,32,128,25,29,96,17,22,78,21,27,81,45,47,92,67,70,95,73,75,74,52,54,59,33,36,57,31,34,65,39,42,69,49,50,63,51,51,54,49,46,44,44,44,35,39,38,37,37,39,37,37,39,35,30,34,36,31,35,41,36,42,42,37,43,45,43,48,49,47,52,45,45,47,45,45,47,57,55,58,59,57,60,49,45,46,40,34,36,57,48,51,86,77,80,106,97,102,101,96,100,77,72,78,49,48,53,43,44,49,40,43,50,34,39,45,31,38,44,33,40,48,32,41,48,30,37,45,30,37,45,32,39,45,32,35,42,42,36,46,45,37,48,43,40,51,40,40,50,38,42,51,41,46,52,43,48,54,47,46,51,54,45,48,61,41,42,63,29,27,70,21,17,86,21,15,98,21,13,110,21,13,112,30,18,105,47,23,80,38,16,77,40,31,72,38,39,59,28,34,59,28,33,72,36,36,92,48,45,92,39,35,101,37,35,104,30,31,91,10,7,96,10,0,136,45,18,185,90,46,227,125,61,246,136,47,246,129,24,249,123,13,255,126,10,255,130,7,250,126,2,246,126,3,252,132,10,253,128,8,255,130,9,255,131,6,255,134,6,255,137,3,252,138,3,253,139,6,253,139,6,252,138,5,255,141,8,255,144,12,255,146,15,254,145,18,252,144,18,253,144,25,252,146,28,255,148,34,255,147,36,255,149,39,253,151,41,253,152,44,252,155,48,252,157,49,251,159,50,252,157,49,253,158,52,254,159,53,254,158,55,254,158,56,252,159,56,253,160,57,253,160,57,252,159,55,255,162,58,255,164,61,255,163,60,255,161,61,255,162,64,255,161,67,255,161,67,253,160,64,253,161,62,255,158,64,254,153,61,254,149,57,255,143,57,255,130,54,243,123,63,219,125,89,212,155,138,178,169,172,158,180,194,167,199,222,177,215,236,181,219,230
252,106,7,253,107,6,245,103,0,237,106,2,228,116,30,198,113,56,123,74,59,76,55,62,72,76,87,61,79,91,54,72,86,39,53,64,27,36,41,27,35,38,31,39,42,30,35,41,31,34,39,31,34,39,29,34,38,27,32,36,23,31,34,21,29,32,21,29,32,22,30,33,24,29,32,22,27,30,21,25,28,24,25,29,25,24,29,24,22,27,26,21,27,30,19,27,37,15,27,51,21,29,47,13,11,46,3,0,79,20,0,140,62,16,208,108,49,255,140,70,255,127,44,255,126,32,254,125,23,255,130,20,255,137,21,254,139,22,252,139,21,248,139,22,246,142,29,247,145,34,250,146,35,251,145,33,254,144,31,255,144,29,255,141,27,254,139,24,255,140,26,255,137,24,255,135,22,254,133,20,253,132,19,253,131,20,252,132,20,253,131,20,251,125,14,251,125,14,249,123,10,247,120,5,249,118,4,252,114,3,255,107,1,255,98,0,255,90,2,255,84,8,252,77,12,248,71,19,241,62,22,229,50,20,217,35,13,206,24,10,192,11,4,191,17,16,186,25,30,165,26,33,127,18,24,93,17,21,81,35,37,85,59,58,91,71,70,76,56,57,65,34,39,63,28,34,68,36,41,71,46,50,60,50,49,49,49,47,47,49,48,42,46,45,37,38,40,33,33,35,34,29,33,36,31,35,42,37,43,50,45,51,46,44,49,42,40,45,38,38,40,44,44,46,57,55,58,58,56,59,47,43,44,37,31,33,53,44,47,85,74,78,104,95,100,98,92,96,73,68,74,47,46,52,39,39,47,30,35,41,23,30,36,24,33,38,30,39,46,32,41,48,30,39,46,32,41,48,34,43,48,36,39,48,49,43,55,54,43,59,55,44,58,52,44,55,49,42,50,49,40,45,47,35,37,50,30,29,56,25,20,65,18,8,72,10,0,93,15,0,132,36,12,168,58,31,188,67,38,187,74,40,149,66,26,114,46,11,95,28,11,81,18,13,75,15,17,78,20,19,81,24,17,89,31,17,90,24,8,87,14,0,98,15,1,116,23,5,155,56,25,211,108,63,240,137,70,245,137,49,248,133,26,253,132,15,255,131,11,255,129,9,255,130,7,255,133,7,253,135,9,250,132,6,252,135,6,254,135,5,255,138,4,255,139,4,253,139,4,253,139,6,253,138,9,253,138,9,253,139,7,254,142,8,255,143,13,252,143,14,252,143,16,252,144,20,252,146,26,252,145,29,255,149,38,255,150,40,255,151,42,255,153,45,255,154,48,253,156,49,253,158,50,251,159,50,253,158,50,254,159,51,255,160,54,255,161,55,253,160,56,253,160,57,254,161,58,254,161,58,253,160,56,255,163,59,255,165,62,255,163,63,255,162,64,255,162,66,255,161,69,254,161,66,250,160,63,253,161,62,254,157,63,252,151,59,253,148,56,255,142,56,254,128,52,238,119,61,215,122,88,210,157,141,176,171,175,155,181,196,166,200,225,174,215,237,179,219,231
255,108,14,255,108,11,250,103,0,239,103,1,225,109,22,200,111,53,121,68,52,55,32,40,51,53,65,53,69,84,56,73,89,40,56,69,25,36,42,23,33,35,27,37,39,25,33,36,29,34,38,30,33,38,28,33,37,26,31,35,21,29,32,20,28,31,20,28,31,21,29,32,25,30,33,21,26,29,20,24,27,24,25,29,26,25,30,26,24,29,26,21,27,29,18,24,38,17,22,44,13,11,56,8,0,87,22,0,145,61,14,204,106,41,241,130,49,252,135,40,249,130,26,250,130,20,249,129,17,250,130,18,251,131,21,253,132,25,252,134,26,254,136,30,255,138,32,255,140,33,255,141,32,255,140,31,255,140,27,255,142,27,255,140,24,255,138,22,255,139,20,253,137,18,252,135,19,253,134,18,253,134,18,252,132,19,251,131,18,253,129,15,255,127,13,255,123,8,255,118,4,255,115,2,255,114,5,255,113,7,255,108,5,255,99,2,255,100,9,255,93,11,255,84,12,254,79,16,255,72,18,250,62,16,241,47,9,235,36,7,227,21,7,220,15,10,211,17,18,191,20,26,153,16,24,109,13,17,82,28,28,77,49,46,82,64,60,76,56,55,72,37,43,67,26,34,67,30,38,65,38,45,52,46,46,44,48,47,42,48,46,45,49,48,37,39,38,31,31,31,36,31,35,36,31,35,42,36,40,56,51,55,43,41,44,39,37,40,36,36,38,41,41,43,50,48,49,50,48,49,43,39,40,36,30,32,50,41,46,83,72,78,106,96,104,104,97,104,78,73,80,47,46,52,36,36,44,27,32,38,31,38,46,32,41,48,37,46,53,38,49,55,37,48,54,40,51,57,43,54,60,42,51,58,51,55,64,56,54,65,57,51,61,56,43,52,55,32,38,56,24,27,62,16,16,70,11,3,89,16,1,110,24,1,140,40,8,174,63,20,209,87,36,233,103,43,241,106,42,233,104,38,213,99,36,182,76,24,154,45,12,125,18,0,112,10,0,107,11,0,97,11,0,101,18,0,112,26,0,130,38,1,173,69,34,212,99,57,239,120,64,255,135,62,255,137,41,251,134,20,251,133,9,255,136,6,255,136,10,255,134,8,255,131,8,255,135,9,255,139,11,250,136,4,253,141,5,252,142,1,253,143,2,253,143,2,253,141,5,255,141,9,255,140,16,255,140,16,255,142,10,255,144,10,255,143,13,252,143,14,253,143,18,255,146,25,255,149,31,254,147,31,255,151,39,255,152,42,255,153,44,255,155,47,255,157,50,254,159,51,252,160,51,251,161,51,252,160,49,253,161,52,254,161,55,255,162,56,254,161,57,254,161,57,255,162,58,255,162,58,254,161,57,255,164,60,255,166,63,255,163,63,255,162,64,255,162,66,255,161,69,255,162,69,251,161,64,251,162,62,253,156,62,250,149,57,250,145,53,251,137,51,248,122,48,230,111,53,213,123,88,212,160,146,174,173,178,150,177,196,160,196,222,169,209,234,174,216,230
253,95,8,253,98,6,250,98,0,241,101,4,231,105,20,218,118,58,147,82,62,76,47,49,55,58,67,54,72,86,55,73,87,42,56,69,30,39,46,32,39,45,29,40,44,19,30,34,30,38,41,31,36,40,33,34,39,28,31,36,25,30,34,23,31,34,22,31,36,23,31,34,25,28,33,22,23,27,20,21,26,23,22,27,25,24,29,24,22,27,26,17,22,33,13,15,49,14,10,58,6,0,91,22,0,147,63,16,206,105,37,238,126,40,247,129,29,245,125,13,245,126,10,247,130,14,253,133,20,254,134,24,255,132,26,255,134,30,255,135,32,255,135,32,255,135,31,255,136,32,255,137,30,255,136,26,255,136,24,255,137,24,255,137,21,253,137,18,254,135,17,252,136,17,254,135,19,255,136,20,255,136,23,255,135,22,253,133,21,254,130,18,255,128,11,255,124,7,255,119,6,255,114,2,255,111,3,255,110,5,255,108,5,255,104,5,251,96,3,252,94,5,254,89,9,255,84,10,255,77,12,255,67,9,252,57,3,250,47,4,248,34,6,234,18,3,224,10,8,209,14,20,170,13,22,123,8,15,86,20,22,74,39,37,80,56,54,79,55,55,78,39,44,70,27,36,69,28,36,65,34,40,54,42,44,49,48,46,38,40,39,42,46,47,35,35,37,28,26,29,35,30,36,34,29,35,39,32,39,57,52,58,40,38,43,40,40,42,41,41,43,39,39,41,41,37,38,42,36,38,44,34,35,44,32,34,63,47,50,91,75,78,109,97,101,107,98,101,77,72,76,46,44,47,40,38,43,40,39,45,38,41,48,35,42,50,36,47,53,35,46,52,32,43,49,39,46,54,47,50,59,50,47,56,52,42,50,55,40,45,58,33,37,63,24,25,71,20,17,92,25,17,117,34,20,139,40,17,154,44,11,177,56,13,207,80,25,233,102,34,244,111,32,249,115,26,252,118,21,249,119,23,244,120,32,238,114,40,224,98,39,200,75,27,186,64,23,176,63,21,168,62,12,175,75,16,196,94,32,216,111,46,243,128,65,250,127,59,253,126,45,255,129,32,252,128,12,255,134,4,255,138,4,253,135,1,255,137,6,255,140,10,255,135,8,254,135,9,255,138,9,252,139,7,254,147,9,253,148,7,252,147,6,251,145,7,252,144,9,255,144,13,255,143,20,255,145,22,255,146,18,255,147,16,255,146,17,252,145,17,252,147,22,255,151,30,255,152,34,255,151,36,255,152,39,255,153,42,255,155,45,255,156,48,255,158,51,255,160,52,253,161,52,252,160,51,253,161,50,253,161,52,255,162,56,255,162,56,255,162,58,255,162,58,255,163,59,255,163,59,253,162,57,255,164,61,255,165,62,255,164,63,255,161,65,255,160,66,255,160,68,254,159,67,252,162,66,254,161,66,253,155,64,248,147,55,246,141,50,246,131,48,242,113,45,222,102,50,214,125,95,211,163,151,170,175,181,142,175,192,151,192,214,162,205,224,171,211,221
255,92,10,253,93,7,248,94,6,248,100,12,247,102,21,225,105,42,174,95,64,105,68,60,62,66,75,41,64,78,46,64,74,37,50,58,27,31,40,31,35,44,30,39,48,22,35,43,24,38,41,29,37,40,33,30,39,32,26,36,28,28,36,28,35,41,26,37,43,24,33,38,24,21,30,27,22,29,28,25,34,24,23,29,21,25,28,23,21,24,28,11,17,50,11,12,65,0,0,105,20,0,158,63,15,215,110,44,247,133,44,248,127,22,245,120,4,253,127,7,254,129,11,252,128,14,251,129,20,253,130,24,255,133,29,255,134,30,255,134,28,255,134,28,255,134,30,255,136,31,255,135,29,255,136,27,255,136,25,255,136,23,255,136,23,255,136,20,255,136,21,254,135,19,254,133,20,255,133,22,255,134,25,255,134,25,253,130,24,252,127,19,253,127,16,255,125,13,255,122,9,255,118,7,255,115,5,255,111,2,253,106,0,252,103,0,250,98,0,252,95,0,252,91,1,255,86,5,255,80,5,255,72,4,252,64,0,252,57,1,247,46,2,238,31,0,235,17,5,220,14,16,187,13,23,145,13,26,101,20,27,73,23,26,77,38,41,80,44,46,81,39,43,71,29,33,67,26,30,71,35,37,71,39,42,61,41,43,40,35,39,31,32,37,31,28,35,35,30,37,36,28,39,34,26,37,39,34,41,47,44,51,39,40,45,39,40,44,36,37,39,34,32,35,39,30,33,45,30,33,49,29,31,51,25,28,68,38,40,100,72,71,109,91,87,107,98,91,77,72,66,48,43,39,58,48,49,59,50,53,45,40,47,37,37,45,28,39,45,30,43,49,37,46,51,44,43,51,49,35,48,59,29,41,59,16,25,64,8,11,75,10,8,93,13,4,111,14,0,143,32,5,186,60,22,213,77,29,223,80,22,232,88,17,242,100,18,250,113,19,253,122,16,253,129,13,250,134,11,250,136,14,252,134,24,251,132,30,246,126,31,238,119,27,230,115,26,228,114,26,228,117,27,229,118,26,238,125,31,237,123,27,240,122,24,246,125,21,250,130,20,252,131,14,252,134,10,252,138,6,251,139,3,251,139,3,252,140,6,254,141,9,255,142,12,255,143,15,254,142,16,252,143,16,252,145,17,251,147,16,252,148,17,253,149,18,255,149,21,255,149,21,255,149,23,255,149,23,255,149,23,255,151,26,255,151,26,254,150,27,253,150,29,251,151,31,253,152,34,254,155,38,255,156,42,255,158,45,255,158,47,255,159,50,255,159,52,255,160,53,255,161,53,255,161,53,255,164,55,255,165,55,255,162,56,254,161,55,253,160,54,253,160,54,253,162,57,254,163,58,253,164,60,255,166,62,255,166,64,253,164,64,254,161,65,255,161,67,255,160,69,255,159,70,252,156,69,252,156,69,255,155,69,249,145,58,247,138,53,248,131,52,240,107,48,214,92,51,216,128,108,206,163,157,160,171,177,133,175,189,133,179,194,144,188,199,170,206,206
255,88,10,255,93,13,250,93,12,247,92,12,245,90,10,230,96,33,183,93,59,117,70,60,64,67,74,39,63,75,45,62,70,38,49,55,28,31,38,33,33,43,30,39,48,23,36,44,25,39,42,30,38,41,37,31,41,35,27,40,30,30,40,26,33,41,20,31,35,15,24,29,25,22,31,34,28,38,31,28,37,19,18,24,22,22,24,32,22,21,38,6,7,58,1,0,117,32,3,168,63,16,208,98,35,233,116,36,248,124,24,253,126,11,255,125,3,255,126,2,255,127,8,253,128,12,253,128,20,253,130,26,255,132,28,255,133,27,255,134,26,255,134,26,255,134,28,255,135,30,255,134,28,255,133,27,255,134,25,255,133,22,255,133,22,254,133,20,255,134,21,255,134,21,255,133,22,255,133,24,255,132,26,253,130,24,250,127,23,251,126,20,253,127,17,253,125,15,253,123,11,254,120,9,254,116,5,255,113,3,254,109,0,253,107,0,252,101,0,253,97,0,254,93,2,255,89,3,255,83,4,254,77,1,252,69,0,251,63,0,249,58,3,243,41,1,240,24,3,229,16,12,206,15,22,176,20,33,132,25,33,95,24,30,79,33,35,75,41,40,74,40,39,67,31,33,67,26,30,73,31,35,77,34,41,72,37,43,46,29,35,36,26,34,34,24,32,37,27,35,38,28,36,34,27,34,35,33,38,40,41,43,38,42,43,39,41,40,38,37,35,43,35,33,54,34,35,67,36,41,74,35,40,77,32,37,97,48,52,108,68,68,104,79,74,103,90,81,81,75,63,54,45,36,59,41,37,59,37,39,53,28,32,49,28,33,50,35,38,55,43,45,63,43,44,64,34,36,72,23,29,82,16,20,100,17,13,117,21,9,134,29,10,149,34,7,169,41,6,200,59,13,230,81,23,247,92,25,249,92,15,253,97,10,255,106,9,255,115,9,253,124,7,251,132,6,251,138,6,253,142,9,255,144,19,255,143,20,255,140,19,249,135,13,244,131,11,243,130,12,243,129,14,243,130,12,245,128,12,243,127,8,245,127,4,249,131,7,252,135,6,251,137,5,253,139,6,253,141,5,252,145,7,252,145,7,252,144,9,253,145,11,255,146,15,254,147,19,254,146,20,251,146,21,253,147,25,253,147,25,254,148,26,254,149,24,255,150,25,254,150,25,254,150,25,254,150,25,254,150,27,254,152,28,255,152,31,253,153,31,252,153,33,253,154,35,252,155,38,252,157,39,255,159,46,255,160,47,255,160,48,255,160,50,255,159,52,255,159,52,255,159,52,255,160,52,255,163,54,254,164,54,255,162,56,254,161,55,254,161,55,255,162,56,255,164,59,254,166,60,252,165,60,254,167,64,255,167,67,255,166,66,255,163,67,255,162,68,255,161,67,255,159,68,252,153,68,252,153,68,253,151,66,249,143,59,255,143,61,250,129,58,226,95,41,208,89,55,216,134,120,196,160,160,149,168,175,128,174,187,128,176,188,130,175,181,150,184,183
249,76,0,254,84,7,246,85,7,238,78,2,235,73,0,227,84,26,190,91,59,130,76,66,67,62,68,37,55,67,42,57,64,38,47,52,31,32,37,33,34,39,33,38,44,28,37,42,28,38,40,31,36,40,34,31,42,34,28,42,31,31,43,26,33,41,21,32,34,15,27,27,25,29,32,25,26,31,26,26,34,23,21,26,22,12,11,33,6,0,69,15,5,121,45,21,173,76,33,217,107,46,242,126,51,241,120,31,245,116,12,254,123,7,255,125,4,255,124,0,255,126,6,253,128,12,252,130,19,252,131,24,253,132,27,255,132,28,255,133,27,255,133,27,255,134,30,255,134,30,255,133,27,255,132,26,254,132,23,253,131,20,253,131,20,252,130,19,252,130,19,254,132,21,255,133,25,255,132,24,255,131,25,254,128,25,252,126,24,252,126,23,254,128,18,254,126,16,254,124,12,255,121,10,255,117,6,255,114,4,255,111,2,255,110,1,254,103,0,254,100,0,255,96,2,255,92,3,255,87,5,255,81,5,254,74,0,252,69,1,250,64,5,247,52,6,245,36,6,235,22,8,227,14,16,209,20,27,169,25,34,122,28,29,77,32,26,61,43,33,58,43,36,61,37,37,70,29,37,74,27,37,76,30,40,74,34,42,59,26,33,49,22,27,43,21,24,40,24,25,36,26,25,31,28,23,28,33,26,33,41,30,36,44,33,40,42,31,47,38,31,59,38,33,78,40,39,93,41,45,103,38,46,105,33,44,117,50,59,119,62,68,109,76,71,108,90,80,84,74,62,52,38,27,52,25,18,59,18,16,78,24,24,80,18,19,82,18,18,88,21,15,94,19,13,99,15,5,116,18,9,136,23,7,169,39,13,194,56,19,207,66,23,211,67,15,221,72,14,237,84,17,247,91,16,250,94,11,255,101,11,255,104,10,255,108,8,255,114,8,253,119,8,252,125,8,254,131,10,255,136,10,255,142,10,255,144,10,255,145,13,255,143,10,254,141,9,252,141,8,251,140,9,250,139,8,249,134,5,248,134,2,248,134,1,251,137,2,253,140,2,254,141,1,254,143,1,254,145,2,255,148,13,255,149,14,255,148,16,255,148,18,255,149,21,255,150,25,255,149,27,254,148,26,255,150,30,255,151,30,255,151,30,255,151,30,255,151,30,254,152,28,254,152,28,254,152,28,254,152,28,255,152,31,255,154,33,255,156,34,255,156,36,255,156,37,254,157,40,254,159,41,255,160,47,255,161,47,255,161,48,254,159,49,255,160,52,255,160,52,255,160,54,254,161,55,253,162,55,252,164,56,254,163,58,254,163,58,255,163,59,255,164,60,255,165,62,255,168,64,253,166,63,255,168,65,255,167,67,255,166,66,255,164,68,255,164,68,255,161,66,255,158,65,254,154,68,254,152,67,251,150,62,248,139,54,255,141,63,241,113,48,198,67,21,192,82,55,212,146,134,189,167,169,153,177,187,142,190,204,140,186,201,130,172,184,135,170,172
248,75,0,251,79,5,246,78,5,241,74,3,238,69,0,230,79,24,201,92,61,149,85,75,77,62,69,44,54,66,45,56,62,44,52,55,36,37,41,33,34,38,30,35,39,26,34,37,29,37,39,32,37,41,35,31,45,32,28,43,30,30,42,29,34,40,25,35,36,21,33,31,23,32,31,15,19,22,25,26,31,31,22,25,32,7,3,64,16,2,135,57,34,202,105,63,217,107,46,239,122,45,248,126,40,247,119,22,249,117,9,255,120,3,255,122,1,255,124,0,255,126,6,254,129,11,252,131,18,252,132,22,252,131,24,253,130,26,255,130,27,255,132,29,255,134,30,255,134,28,255,133,27,255,132,26,253,131,22,253,131,22,252,130,19,252,130,19,252,130,19,253,131,22,255,131,23,255,131,25,255,130,27,255,130,28,255,129,27,255,129,26,255,128,21,254,126,16,254,124,14,255,121,10,255,117,6,255,116,5,255,113,3,255,111,2,254,106,0,255,103,2,255,99,4,255,96,5,255,90,5,255,85,6,255,79,3,253,75,3,249,67,4,249,59,7,253,50,10,249,35,9,242,18,8,225,15,14,195,22,24,153,29,27,91,29,18,64,38,25,55,41,32,59,41,39,70,33,40,74,26,38,73,25,37,74,28,39,70,27,34,63,24,27,54,22,23,46,22,20,40,22,20,33,24,17,35,31,22,39,36,27,46,39,31,52,39,31,66,38,34,79,39,37,95,39,40,108,37,43,114,33,40,116,30,41,122,42,55,118,52,62,111,70,68,114,87,78,93,74,59,62,36,21,61,17,4,75,11,1,106,19,10,118,17,9,133,25,13,149,33,18,154,32,11,156,24,1,167,26,0,184,34,1,216,55,13,239,73,23,247,82,28,246,82,21,251,88,19,255,94,19,254,93,12,253,95,6,251,96,4,251,101,6,253,105,7,252,109,7,251,112,7,252,116,8,254,120,9,253,124,5,252,130,0,255,136,0,255,141,2,255,144,6,255,144,6,255,145,6,254,144,7,252,142,5,253,141,5,252,140,2,254,141,3,254,142,4,254,143,2,255,144,2,254,145,2,253,146,4,255,151,16,255,151,20,254,149,21,255,150,23,255,151,26,255,152,29,255,152,31,255,151,33,255,151,34,255,153,35,255,153,35,255,153,34,255,153,34,254,154,32,255,152,31,253,153,31,255,154,33,255,155,33,255,156,34,255,157,37,255,158,39,255,159,39,255,160,42,254,160,44,255,161,47,254,160,47,254,159,49,254,159,49,254,159,51,255,160,52,255,161,55,255,162,56,253,162,55,252,164,58,255,164,59,255,164,59,255,164,60,255,165,62,255,167,63,255,170,65,255,168,65,255,169,66,255,167,67,254,165,65,255,163,64,255,161,64,255,158,64,255,156,62,255,153,64,255,151,64,252,146,58,249,137,53,255,131,58,221,88,31,173,47,9,188,92,70,217,168,161,192,186,190,165,195,206,158,205,221,158,203,222,145,187,201,141,180,187
255,83,10,255,81,8,252,79,10,255,82,14,252,77,12,241,81,29,215,94,65,172,94,84,96,69,74,55,57,69,52,59,67,51,61,63,40,44,45,34,35,37,26,32,32,25,31,31,31,36,39,33,36,43,36,34,48,33,31,45,30,30,42,27,30,37,25,34,31,24,35,29,20,31,27,18,24,24,31,29,34,35,15,16,60,13,3,136,62,37,212,106,66,235,115,55,237,116,35,247,122,29,251,122,21,250,117,12,254,118,6,255,120,2,255,121,1,255,124,1,255,126,6,254,129,11,252,131,16,252,132,20,252,129,23,252,129,25,255,129,26,255,130,27,255,132,29,255,132,26,255,131,25,255,130,22,254,129,21,253,128,20,253,128,18,253,128,18,255,131,23,254,129,21,253,128,22,253,127,24,255,129,27,255,130,30,255,130,30,255,129,27,255,128,21,255,127,17,254,124,14,255,121,10,254,118,6,255,116,5,255,113,1,255,110,1,254,107,1,254,105,2,255,101,3,255,98,4,255,94,5,255,89,4,255,83,4,255,79,4,252,73,7,250,65,8,255,58,9,255,49,10,255,31,5,239,19,3,216,19,10,183,26,19,127,25,13,88,30,18,62,34,23,55,38,31,63,34,38,68,28,39,75,22,38,78,24,38,76,27,33,73,29,30,68,28,29,61,25,27,53,23,25,51,22,26,55,26,30,60,29,35,69,32,40,77,31,41,88,32,41,98,33,41,106,30,40,111,28,36,117,27,36,116,28,40,119,36,54,113,42,58,107,57,60,108,71,62,98,65,46,87,45,21,102,36,12,126,34,11,159,38,17,180,41,18,202,52,25,221,62,32,223,59,22,221,49,9,224,45,2,233,50,6,244,61,17,254,74,25,255,79,26,255,82,22,255,87,21,255,88,17,251,88,9,253,93,9,248,92,5,249,95,5,249,99,5,251,101,6,251,103,5,253,106,3,255,108,4,253,113,0,247,119,0,249,129,0,254,136,0,255,140,5,255,142,7,255,144,8,254,143,9,252,141,7,254,143,9,255,144,10,255,144,10,255,144,10,255,145,11,254,146,11,254,148,12,252,148,13,255,150,22,254,150,25,254,150,27,254,150,27,255,151,30,255,152,33,255,153,35,255,153,35,255,152,37,254,153,37,255,154,38,255,154,36,255,155,37,255,156,36,255,156,36,255,156,36,255,158,38,255,158,38,255,157,37,254,158,38,255,159,39,255,160,42,255,161,45,255,162,46,255,161,47,253,162,48,252,160,49,252,160,49,252,160,51,253,161,52,254,161,55,255,162,56,254,163,58,253,164,60,255,164,61,255,164,61,255,164,61,255,165,64,255,167,65,255,169,66,255,170,67,255,169,66,254,167,64,252,163,61,253,161,60,255,159,59,254,156,59,254,151,56,253,148,56,253,145,55,253,143,54,255,136,54,254,119,53,209,73,25,175,57,29,207,125,113,219,191,190,191,204,212,168,205,221,158,207,224,160,205,226,157,200,217,157,197,209
254,81,5,248,74,1,247,73,4,255,80,13,255,76,13,245,79,29,222,91,61,183,95,83,109,70,73,61,54,62,52,57,63,51,61,63,42,48,48,32,36,35,27,33,31,26,35,34,23,31,34,27,31,40,32,32,44,32,32,44,31,31,41,28,32,35,24,33,30,24,34,26,23,32,27,28,28,26,40,26,26,48,11,5,94,26,7,187,89,52,246,120,62,242,105,27,242,112,14,252,124,15,255,124,13,253,117,5,253,116,0,255,120,2,255,121,1,255,123,2,255,127,7,253,128,8,251,130,13,251,131,18,252,130,21,254,129,23,254,128,25,254,128,25,255,129,24,254,129,23,254,127,20,252,127,19,252,125,18,251,126,18,251,126,16,251,126,16,255,131,23,254,129,23,251,125,22,251,125,23,253,127,27,255,129,29,254,127,30,252,126,26,255,127,23,255,127,18,255,124,15,255,122,11,255,119,9,254,116,5,254,114,1,253,111,0,254,109,0,254,107,1,255,103,2,255,101,3,255,98,6,255,93,4,255,87,4,255,82,5,255,80,10,251,67,3,253,60,1,255,57,6,255,45,4,247,32,1,230,24,1,204,23,6,168,26,14,128,26,14,88,25,16,68,29,22,64,30,31,66,26,34,79,22,39,85,24,39,77,25,29,78,30,30,78,32,32,74,32,33,70,29,33,69,28,34,72,27,34,76,26,37,87,29,43,94,28,42,100,28,40,104,26,39,107,24,34,109,23,32,113,28,33,116,33,43,112,35,53,111,42,60,106,51,54,100,52,42,99,49,26,117,52,22,157,64,30,195,75,40,221,75,38,234,70,32,245,70,27,252,70,23,252,66,15,251,62,7,255,62,8,255,68,14,255,69,17,255,72,21,255,75,18,255,77,18,255,78,14,248,75,6,247,77,2,251,84,6,250,88,7,249,89,5,248,90,3,248,90,1,246,91,0,249,95,0,253,99,0,252,106,0,250,117,0,249,126,0,254,133,3,255,138,6,254,140,7,253,142,8,253,142,9,252,141,8,253,142,9,254,145,14,255,146,17,255,146,17,255,148,20,254,149,22,255,150,23,254,150,25,254,152,28,254,151,30,254,151,32,253,153,33,254,153,35,255,154,38,255,154,38,254,154,40,254,154,40,254,154,40,255,155,41,254,157,40,254,157,40,255,159,39,255,159,39,255,159,39,255,162,42,255,161,41,255,160,40,254,159,41,255,160,42,255,162,46,255,163,47,255,164,49,255,165,51,254,164,50,255,163,52,254,162,51,254,162,53,254,162,53,254,161,55,253,162,57,254,165,61,254,165,61,255,165,62,255,165,64,255,165,64,255,166,64,255,168,65,254,168,65,255,170,67,255,169,66,253,166,63,251,162,60,252,158,58,253,157,55,252,153,52,250,148,50,255,146,51,253,142,50,255,142,51,255,136,56,248,108,47,205,72,31,194,89,68,223,160,153,203,194,197,179,207,218,162,208,224,154,205,224,158,205,225,158,203,222,157,200,217
249,78,0,244,73,0,243,69,0,251,74,6,252,70,7,242,75,23,226,88,52,189,90,71,120,70,69,66,49,57,50,50,58,48,59,63,39,47,49,30,39,38,28,37,36,33,43,44,21,30,37,22,29,39,25,27,39,29,29,39,31,32,37,31,32,34,26,32,28,25,32,25,27,29,24,33,22,18,47,13,11,74,15,1,143,50,19,215,95,43,249,109,32,255,110,14,251,115,3,255,125,5,255,123,5,254,117,1,255,118,2,255,119,3,255,121,4,254,123,5,254,128,8,253,128,8,250,130,10,251,130,15,253,128,18,254,129,21,254,127,24,253,126,23,255,126,22,253,126,19,253,125,18,251,124,17,252,124,15,252,126,16,252,126,16,253,127,17,255,128,21,254,127,22,253,126,23,254,126,25,253,127,27,254,127,30,253,126,31,252,126,26,255,126,22,254,126,17,255,124,15,255,122,11,255,120,10,255,117,6,254,114,1,254,112,0,253,111,0,254,109,0,253,106,2,255,103,2,255,100,5,255,96,5,255,91,2,255,87,4,255,82,7,253,72,3,254,65,0,255,62,0,253,56,1,249,49,0,241,37,0,226,26,1,212,26,11,181,23,14,137,22,15,103,24,19,79,26,22,71,25,28,82,22,34,87,23,37,80,24,27,80,29,26,80,31,27,79,31,29,77,32,29,81,33,33,83,28,31,84,23,28,96,26,34,98,25,34,104,24,33,106,25,32,104,25,30,102,26,28,103,31,32,106,37,40,97,35,48,100,42,54,100,44,43,99,37,24,121,45,19,167,71,33,211,88,44,238,92,41,244,79,25,252,76,19,255,75,16,255,72,10,255,69,8,254,66,3,255,64,2,253,63,3,248,63,6,243,63,4,247,67,6,250,70,7,248,69,2,248,70,0,252,74,2,253,77,2,250,77,1,250,79,1,249,80,0,246,82,0,246,85,0,249,90,0,255,97,0,253,105,0,253,120,2,251,127,3,255,133,10,254,136,10,252,139,11,253,141,13,253,141,13,250,141,12,252,143,16,254,146,20,255,148,24,254,148,28,254,149,31,255,152,34,255,152,37,254,153,37,255,154,36,255,155,35,255,154,36,255,156,39,255,157,40,255,156,42,255,156,42,253,156,43,254,157,44,254,157,42,255,158,43,255,160,44,255,160,44,255,161,43,255,161,43,255,161,43,255,163,45,255,162,44,255,161,43,255,162,46,255,163,47,255,166,51,255,166,51,255,165,51,255,166,52,254,167,54,255,166,56,255,165,55,255,164,57,254,163,56,254,163,58,254,163,58,255,166,62,255,167,65,255,168,66,255,168,68,255,167,67,255,167,67,255,167,67,255,169,68,254,168,67,253,167,64,252,165,62,251,162,58,252,159,56,253,156,53,251,149,48,248,145,44,255,146,48,255,141,44,255,136,45,255,128,50,235,94,40,205,78,45,209,123,108,216,176,176,184,195,201,163,205,217,160,209,226,156,208,229,158,209,228,158,206,226,153,198,219
255,90,4,253,87,3,252,80,4,252,78,7,250,71,5,244,75,20,230,87,45,194,86,60,140,77,70,79,53,56,54,51,58,49,58,65,37,48,50,28,40,40,29,41,41,37,48,50,26,39,47,23,33,43,22,26,35,23,26,31,29,29,31,30,30,30,28,30,27,27,26,22,26,16,14,42,14,10,59,2,0,104,20,0,190,78,32,243,110,43,252,104,14,255,115,6,255,125,3,255,124,0,253,119,0,255,121,3,255,125,10,255,122,10,255,121,8,255,126,12,255,128,11,253,128,10,251,128,9,252,128,12,255,129,16,255,129,19,255,126,22,255,124,20,255,125,19,254,126,19,255,124,18,253,125,16,253,125,16,254,126,17,254,126,17,254,128,18,252,125,18,254,127,22,255,129,26,255,128,27,255,129,29,254,127,30,254,127,32,255,127,28,254,125,23,254,126,17,255,124,16,255,123,12,255,121,11,255,118,7,255,115,2,254,114,1,253,113,0,252,110,0,253,108,1,253,106,2,255,103,4,255,99,4,254,93,2,255,89,3,255,82,3,255,79,5,255,77,4,253,70,0,247,64,0,248,60,0,249,51,2,245,39,2,239,29,6,218,25,10,181,23,12,144,21,13,110,21,15,90,18,19,89,16,25,88,18,28,86,25,30,82,26,27,78,24,24,77,23,23,81,27,25,88,30,29,91,27,28,91,21,23,100,21,26,101,20,26,103,22,28,106,27,32,102,30,33,96,30,31,92,34,33,92,38,38,91,36,41,89,30,32,88,24,15,102,25,5,158,59,27,222,101,56,250,103,51,251,82,25,255,73,10,255,70,6,253,68,1,249,66,0,249,66,0,250,67,1,250,65,1,247,61,0,245,61,1,243,59,0,248,62,1,250,65,1,247,59,0,248,61,0,251,64,0,247,63,0,249,66,0,248,70,0,248,75,0,249,80,0,249,88,0,252,95,0,255,103,3,255,111,4,254,123,5,254,130,6,255,136,10,255,137,11,253,140,12,252,143,12,254,145,16,253,146,16,252,145,17,254,149,22,255,150,28,254,149,31,254,151,33,254,153,39,254,154,42,251,154,39,254,157,40,254,158,38,255,158,41,255,159,42,255,159,44,255,160,44,255,158,45,253,157,44,255,159,46,254,160,46,255,161,45,255,161,45,255,162,46,254,163,46,255,163,44,255,163,44,255,163,44,255,162,46,255,162,46,255,165,50,255,167,52,255,169,53,255,167,53,254,167,52,254,167,54,254,167,54,255,167,57,255,167,57,255,167,59,255,167,59,255,166,61,254,165,61,255,167,65,255,168,66,255,169,69,255,169,69,255,168,68,255,168,68,255,169,70,255,169,68,250,167,65,252,166,65,252,165,62,254,162,59,255,159,56,255,156,52,252,149,46,249,142,38,253,142,37,252,136,35,252,127,35,251,119,45,220,84,36,199,85,58,211,147,137,200,181,183,176,203,214,159,208,223,157,210,228,156,212,229,157,213,230,156,209,227,155,201,224
255,96,4,251,90,0,250,83,2,247,75,0,243,69,0,239,73,11,235,88,37,217,100,67,171,95,82,86,47,48,57,47,55,53,62,71,33,47,50,29,45,45,36,52,52,31,46,51,22,39,49,35,47,59,29,36,42,21,25,26,32,32,30,32,31,27,24,23,21,30,20,19,45,19,18,55,5,0,97,15,0,172,62,25,230,100,40,252,110,28,255,115,12,255,115,0,255,121,0,254,125,0,255,125,4,255,125,7,255,122,9,253,121,10,252,122,12,252,125,12,252,127,11,253,128,10,254,129,11,253,128,10,253,126,11,254,124,12,255,123,15,255,123,18,255,125,17,255,125,17,255,124,16,255,124,16,255,124,16,255,126,16,255,126,18,255,128,19,251,123,16,252,123,19,253,126,23,255,127,26,255,128,29,255,129,32,255,127,33,255,127,28,252,123,21,252,124,15,255,123,15,255,122,11,255,120,10,254,118,6,255,118,4,255,118,2,251,114,0,253,113,0,253,111,1,254,109,2,255,106,4,255,103,4,255,98,3,255,94,3,255,86,1,255,83,2,253,82,4,250,78,2,248,74,3,247,68,2,253,60,3,255,54,6,253,41,4,244,36,8,221,29,8,191,21,6,155,14,7,125,10,7,106,10,12,93,14,20,85,19,29,84,24,36,86,26,36,86,25,32,87,22,28,90,19,23,96,20,24,102,20,24,105,18,24,109,22,28,105,23,29,96,24,28,92,30,35,84,34,37,73,34,35,74,34,32,78,28,19,75,12,0,109,31,9,177,80,48,225,103,64,243,97,48,252,83,28,255,74,15,255,64,1,255,65,0,251,66,0,248,66,0,244,67,0,240,65,2,240,62,2,242,59,1,245,54,0,248,53,0,249,52,0,249,52,0,251,52,0,252,54,0,251,55,0,252,59,0,250,63,0,249,69,0,249,76,0,249,85,0,252,95,0,252,105,2,255,114,6,255,121,4,255,131,5,255,135,4,255,138,6,255,141,8,255,144,10,254,147,9,255,149,13,254,151,14,255,151,18,255,152,21,255,152,24,253,151,25,252,152,30,254,155,36,254,159,41,255,160,42,254,159,41,254,159,41,255,159,44,255,160,44,255,161,45,255,161,45,255,160,47,255,161,47,255,162,48,255,164,49,255,163,47,255,165,48,255,164,47,254,165,47,255,164,47,255,164,47,255,165,48,255,165,50,255,166,51,255,167,53,255,167,53,255,169,54,255,169,56,255,169,56,253,167,56,254,168,57,254,168,59,254,168,59,254,167,61,254,167,61,255,167,61,254,167,62,253,166,63,254,166,66,254,166,68,255,167,69,255,167,69,255,169,70,255,169,72,255,171,72,253,167,68,250,164,63,251,162,60,253,160,56,253,154,50,255,152,47,254,147,43,249,138,33,242,130,22,249,130,28,255,127,39,246,115,47,211,88,44,202,110,87,206,167,160,175,180,184,160,198,211,155,208,226,157,210,228,157,213,230,159,218,232,159,217,231,163,211,233
250,93,0,251,92,0,255,93,8,255,90,11,249,79,4,237,74,7,229,78,21,214,88,47,178,90,70,103,52,49,64,47,55,58,62,73,39,52,58,30,48,50,35,53,57,26,45,51,21,39,51,30,44,55,30,40,42,27,31,30,26,27,22,25,21,18,28,19,20,43,21,23,48,2,2,83,11,0,146,41,11,220,90,40,255,114,40,255,111,16,255,115,5,255,119,0,255,125,1,255,127,2,255,126,6,254,125,8,253,123,11,252,121,13,251,123,14,251,123,13,253,126,13,254,127,12,254,127,10,255,127,10,255,124,8,254,123,9,255,121,13,255,122,15,255,123,16,255,124,16,255,123,15,254,122,13,254,122,13,254,124,14,255,125,15,255,124,16,255,125,17,255,127,20,255,128,24,255,130,27,255,129,28,255,128,29,255,128,31,255,128,29,255,126,22,255,127,18,255,125,16,255,123,12,255,120,8,254,119,4,254,117,1,253,116,0,252,115,0,251,114,0,252,112,0,252,110,0,254,107,3,253,104,2,253,99,1,254,95,1,255,90,1,255,88,1,252,88,3,247,85,4,247,79,4,247,73,2,252,67,2,255,61,3,255,51,0,252,45,1,241,37,2,222,28,3,193,20,4,164,13,4,134,9,5,111,8,11,97,11,24,89,15,30,90,16,31,91,17,30,92,19,28,94,19,26,95,18,26,97,18,24,99,18,25,99,20,26,96,21,26,95,29,33,95,39,42,82,36,36,60,25,23,57,14,5,69,7,0,125,46,13,189,95,57,231,116,72,241,103,56,244,83,29,251,68,11,253,59,0,255,63,0,255,63,0,255,66,2,248,66,1,243,65,1,237,63,0,235,59,0,236,55,0,244,50,0,249,49,0,250,51,0,251,52,0,253,54,0,253,57,0,254,61,0,252,65,0,254,74,0,252,79,0,253,89,2,253,98,5,254,108,5,255,117,6,255,125,9,255,130,7,255,134,3,254,138,1,254,141,3,255,145,6,255,148,8,255,150,9,254,151,10,253,152,12,254,152,15,255,154,20,255,155,23,254,155,26,253,155,30,253,157,34,252,159,38,252,159,40,254,161,42,255,162,43,255,161,45,255,162,46,255,162,46,255,162,46,255,162,48,254,163,48,253,162,47,254,163,48,255,164,47,255,166,48,255,166,48,254,165,47,254,165,47,255,166,50,255,166,50,255,166,52,255,166,52,255,168,53,255,168,55,255,169,56,255,169,56,254,170,58,253,167,56,253,169,57,254,168,59,255,169,60,255,168,62,255,168,62,255,168,62,255,168,63,253,165,65,254,166,66,254,166,68,254,166,68,253,166,69,254,167,70,253,169,71,253,169,71,252,165,68,250,162,62,252,160,59,253,157,54,254,153,49,255,150,46,255,146,41,252,137,31,247,129,21,251,129,28,250,121,37,230,106,44,213,107,68,202,134,115,178,163,158,152,175,181,147,193,208,151,206,226,163,216,234,167,223,238,164,228,238,159,221,234,162,210,230
252,98,0,251,94,0,254,93,5,254,89,7,242,79,0,232,71,0,224,71,4,208,74,23,188,87,59,131,64,56,73,46,55,54,52,66,38,47,56,24,42,46,35,54,60,32,51,58,25,43,55,25,39,50,31,41,43,33,37,36,23,25,22,20,16,15,30,15,18,47,11,13,67,0,0,122,25,6,190,65,21,246,103,37,255,114,26,253,107,4,252,116,4,255,124,6,255,128,9,254,128,8,252,125,8,251,124,11,251,123,14,251,123,14,250,122,13,250,122,12,251,124,11,254,124,10,255,124,8,255,124,8,255,123,8,255,122,9,255,121,11,255,122,14,255,121,13,255,121,13,255,120,12,255,121,10,255,121,10,253,121,10,252,120,9,251,121,11,255,126,16,255,128,19,255,130,23,255,129,25,255,128,25,255,127,26,255,127,28,255,128,27,255,128,24,255,128,19,255,126,17,255,124,13,255,121,9,255,120,5,253,118,1,253,118,0,253,118,0,253,116,0,252,115,1,253,113,2,254,109,4,254,105,3,253,101,0,254,97,0,255,93,0,255,91,0,249,91,2,246,87,3,245,82,3,248,78,3,253,72,1,254,70,0,254,65,0,252,60,0,249,52,0,242,45,2,228,37,8,207,28,8,180,18,5,155,13,9,122,5,13,108,6,19,103,7,19,98,10,22,94,16,29,92,22,33,87,24,33,85,25,35,86,29,38,86,29,36,83,27,30,78,22,23,72,17,14,64,11,3,60,10,0,76,14,0,135,51,5,197,93,38,236,121,64,237,107,49,232,81,24,239,70,11,252,66,9,255,62,4,255,56,0,255,57,1,255,60,2,252,62,4,246,62,2,241,61,0,238,60,0,237,57,0,246,57,0,250,57,0,250,60,0,252,64,0,253,68,1,254,73,2,255,79,4,253,83,5,255,94,9,254,101,8,255,110,11,255,119,11,255,125,11,255,132,10,255,136,10,255,139,7,255,141,6,255,143,3,255,145,4,255,149,7,255,152,9,255,155,11,254,155,12,253,153,13,253,153,15,254,156,21,255,158,25,255,158,28,254,159,31,254,160,36,253,161,38,250,160,38,254,164,44,254,163,46,255,163,49,255,164,49,255,164,49,255,164,49,255,164,49,253,164,48,252,163,47,253,164,48,255,166,50,254,167,51,254,167,51,253,166,50,253,166,50,253,166,50,254,167,52,254,167,54,255,168,55,254,168,55,255,169,58,254,170,58,254,170,58,253,171,61,253,168,59,252,170,60,254,169,62,255,170,63,255,170,64,255,171,65,255,171,65,255,171,65,255,170,69,255,170,71,255,169,72,255,169,72,255,169,74,255,169,74,254,170,74,254,170,72,254,167,70,251,163,65,253,161,60,254,157,54,255,151,49,255,149,44,255,144,38,253,135,29,248,125,19,249,125,27,240,113,36,212,99,43,208,125,93,195,151,138,148,154,152,134,171,180,142,189,207,152,204,225,166,217,236,169,225,240,162,226,236,152,214,225,151,200,217
255,110,14,255,103,10,255,97,9,255,93,10,252,91,11,251,91,15,244,86,13,224,80,20,205,88,55,164,82,71,95,53,63,61,48,65,43,47,58,28,43,50,40,57,64,39,58,64,28,45,55,21,36,43,31,39,42,36,42,42,26,30,31,30,24,26,41,19,22,51,3,3,96,12,1,161,46,17,218,79,22,250,101,21,255,107,9,251,109,0,252,120,9,253,126,13,255,128,15,253,126,13,250,123,10,249,123,12,250,122,13,251,123,14,250,122,13,251,121,11,252,120,9,252,121,7,255,121,6,255,121,6,255,122,7,255,121,9,255,121,9,255,121,11,254,118,8,254,118,8,255,119,9,254,120,9,254,120,9,253,119,6,253,119,8,250,118,7,253,123,11,255,126,16,255,128,19,255,128,21,253,126,21,253,126,23,255,127,26,255,130,27,255,127,20,255,127,18,255,124,15,255,123,12,255,121,9,255,121,4,255,120,2,254,119,1,254,119,1,253,118,0,253,116,0,254,114,1,255,111,4,255,108,4,254,105,3,255,101,1,255,96,0,255,95,0,249,94,2,246,92,4,248,87,6,250,83,4,253,80,3,255,79,1,255,75,0,253,71,0,250,66,0,249,60,2,246,54,9,236,46,12,223,37,12,205,34,16,176,28,18,156,24,20,138,14,12,121,7,7,105,4,8,95,4,9,84,5,10,76,5,9,74,5,8,74,9,7,74,7,1,72,2,0,74,1,0,85,11,0,114,37,7,153,66,23,212,104,40,236,114,39,239,107,33,232,90,18,236,79,10,241,72,5,245,63,0,249,59,0,249,53,0,251,55,0,252,57,0,252,62,2,250,66,2,249,70,3,248,71,1,247,73,0,253,77,2,255,80,1,255,84,2,255,88,3,255,93,4,255,99,7,255,105,9,255,109,9,255,118,14,255,123,15,255,128,14,255,134,13,255,137,13,254,139,10,253,141,7,253,143,6,255,147,9,255,148,9,255,149,9,255,153,14,255,157,17,255,157,17,253,156,17,250,154,16,250,154,18,253,156,23,255,159,29,254,159,31,254,160,36,255,163,40,253,163,40,253,163,41,255,164,47,255,164,49,255,165,50,255,165,50,255,165,50,254,165,49,254,165,49,254,165,49,253,163,49,252,165,50,254,167,52,255,168,53,255,168,53,255,168,53,255,168,53,255,168,53,255,168,55,254,168,57,254,168,57,254,170,58,254,170,58,253,171,59,253,171,61,253,171,61,253,171,61,253,171,61,254,172,64,254,172,64,255,172,66,255,172,66,255,172,66,255,171,68,255,172,71,255,171,72,255,170,73,255,170,73,255,170,75,255,170,75,255,171,75,254,170,74,255,168,71,253,163,66,253,159,59,254,155,53,255,147,46,255,145,41,255,139,35,255,129,26,248,119,15,247,118,26,227,104,34,201,103,54,193,136,109,171,154,144,129,155,156,123,171,183,134,182,202,142,193,214,153,201,221,154,207,223,147,207,218,136,196,206,133,185,199
255,103,10,255,102,11,255,100,15,255,97,16,255,100,19,255,106,28,255,102,23,242,89,22,214,82,43,187,87,72,112,56,65,67,44,62,54,51,62,40,49,56,39,54,59,31,49,53,27,42,47,22,33,37,29,37,40,34,39,43,27,32,36,38,32,36,57,26,31,65,4,0,123,22,2,194,65,23,241,97,26,255,107,15,254,113,7,254,120,7,255,126,18,252,124,17,255,126,20,254,123,15,251,120,12,248,120,10,251,121,11,253,123,11,253,121,10,251,119,8,253,119,6,254,118,6,255,119,7,255,119,7,255,119,7,255,119,7,254,120,7,254,118,6,251,115,3,253,115,4,254,116,5,254,118,6,254,118,6,253,119,4,253,119,6,251,120,6,252,122,8,255,125,13,255,127,17,255,127,18,253,125,18,253,124,20,254,127,22,255,129,24,254,126,19,253,125,16,254,122,13,254,123,9,255,122,7,255,122,5,255,121,3,255,121,0,253,119,0,253,118,0,253,116,0,254,114,1,255,113,5,255,109,5,255,107,5,255,103,3,255,103,2,255,102,2,253,100,4,251,98,5,250,95,5,252,92,4,255,88,3,255,87,3,255,80,0,251,79,0,247,77,0,245,74,2,247,69,7,248,63,9,251,54,11,245,51,13,229,55,18,213,50,15,196,38,9,176,26,2,158,17,0,144,12,0,134,11,4,127,12,5,114,6,0,114,8,0,118,14,0,131,27,0,151,44,0,174,64,11,203,90,30,234,116,46,245,116,32,249,114,22,244,103,15,242,94,8,246,90,7,242,80,0,238,66,0,241,63,0,244,61,0,247,62,0,250,65,0,254,71,3,255,78,4,255,85,6,255,91,8,255,96,3,255,103,0,255,108,0,255,112,0,255,116,0,255,120,0,255,124,0,255,129,2,255,132,4,255,137,10,255,140,11,255,141,12,254,143,10,253,142,8,251,144,6,251,144,4,251,144,4,255,148,14,255,148,14,255,150,15,255,153,19,255,156,22,255,158,25,252,158,26,250,155,25,251,156,28,253,158,32,255,159,36,254,160,38,253,160,39,253,163,43,255,165,45,253,164,46,254,165,49,255,165,51,255,165,51,255,165,51,255,165,51,254,164,50,254,164,50,252,165,50,252,165,52,254,167,54,255,168,55,255,169,56,255,169,56,255,169,56,255,169,56,255,170,59,255,169,58,254,169,60,254,169,60,252,170,60,252,170,60,252,172,61,253,172,64,253,172,64,254,173,65,254,173,65,255,174,67,255,174,67,255,174,67,255,172,66,255,172,66,255,172,68,254,171,69,254,170,71,254,170,72,254,170,72,255,171,75,255,171,75,254,169,76,253,169,73,253,166,69,250,160,63,253,156,59,254,150,51,255,143,43,255,140,37,255,133,31,254,125,23,252,114,15,242,110,25,216,102,39,202,120,80,179,147,126,145,155,147,124,163,168,117,170,184,119,170,191,127,175,197,131,179,199,133,184,201,131,187,200,125,182,193,121,175,187
251,90,2,255,93,8,255,92,12,249,86,7,242,85,6,252,93,12,255,92,8,246,84,12,225,80,36,199,86,68,120,53,62,66,33,50,59,47,57,52,55,60,41,52,56,27,41,44,29,39,40,28,36,38,28,35,41,25,29,40,20,24,35,34,24,33,56,20,24,77,7,0,142,29,0,216,76,23,254,108,25,255,112,8,249,118,4,251,124,9,255,127,23,255,123,24,255,124,23,254,121,18,251,118,13,251,119,10,252,120,9,253,122,8,254,120,5,254,119,4,255,120,8,255,118,7,255,117,6,255,117,6,254,118,8,253,117,5,251,117,4,249,115,2,251,113,2,252,114,3,253,115,4,254,117,3,254,119,4,254,119,4,253,119,4,253,119,4,253,122,8,254,124,10,255,127,15,255,127,17,253,125,16,253,125,18,253,126,19,254,127,20,254,126,17,252,124,14,253,121,10,253,122,8,255,121,6,255,122,4,255,122,1,255,121,0,253,119,0,252,118,0,252,115,0,254,114,1,254,112,2,255,110,4,255,107,5,255,105,4,255,105,3,255,106,3,253,104,4,252,103,3,252,99,3,254,97,4,255,94,3,255,92,4,255,85,0,254,85,0,249,87,2,247,86,5,248,80,5,251,74,6,255,65,4,255,63,5,247,64,4,240,64,5,236,61,8,227,56,10,218,52,14,210,51,19,205,54,25,201,58,28,192,58,23,191,62,22,195,69,19,207,81,23,224,95,27,236,104,29,246,111,29,255,121,32,254,114,16,255,115,13,255,109,8,250,100,3,248,95,0,248,91,0,246,85,0,249,85,0,245,78,0,248,78,0,250,81,0,254,85,2,255,92,3,255,98,7,255,105,8,255,111,3,255,119,0,255,124,0,255,126,0,255,129,0,255,132,0,255,136,0,255,139,0,254,141,1,255,144,3,254,144,5,253,146,6,251,146,5,251,146,3,251,146,2,252,148,1,252,147,3,254,148,12,254,147,15,252,149,18,253,152,22,253,156,25,253,158,28,252,159,30,251,157,31,254,160,36,255,162,40,255,161,41,253,160,41,251,161,41,253,162,45,253,164,46,253,164,46,254,164,50,254,164,50,255,165,53,255,165,51,255,165,53,255,165,53,252,165,52,252,165,52,254,167,54,255,167,57,255,169,58,255,169,60,255,169,60,255,169,60,255,170,61,255,171,62,255,170,61,253,171,61,253,171,61,252,170,60,252,172,61,252,172,61,253,172,64,254,173,65,255,174,66,255,174,66,255,175,68,255,174,67,255,174,67,255,174,67,255,172,66,255,172,66,255,172,70,254,171,69,254,170,72,254,170,72,255,171,75,255,171,75,253,168,75,254,167,74,253,164,70,251,158,62,253,155,58,255,148,50,255,141,42,255,137,36,255,131,30,255,121,21,255,111,18,239,104,23,212,105,49,202,136,101,168,157,139,129,158,154,119,169,176,108,165,182,116,167,188,119,167,190,121,169,191,126,174,194,130,179,196,122,174,188,115,169,179
249,84,2,250,85,5,252,85,7,245,82,5,236,79,0,240,79,0,250,78,0,244,74,0,229,74,26,210,85,65,137,60,68,74,31,50,61,44,54,61,60,65,47,55,58,37,47,48,33,39,37,34,38,39,26,30,39,18,24,38,18,23,42,28,17,31,52,10,14,88,9,0,163,41,4,227,83,20,253,108,15,251,113,2,244,121,2,245,124,9,255,124,24,255,123,30,255,121,26,255,120,21,255,119,15,254,119,11,254,120,5,255,120,3,254,119,1,254,117,1,255,118,5,255,117,6,255,115,7,254,116,7,253,117,9,251,117,6,247,116,2,248,114,1,250,112,1,253,113,2,252,115,1,253,116,2,253,118,3,254,119,2,253,120,2,253,120,2,251,120,4,252,122,8,254,124,10,255,125,13,253,125,15,253,125,16,252,126,16,252,126,16,254,126,17,252,124,14,253,121,10,252,121,5,255,122,4,255,123,4,255,122,1,255,121,0,254,120,0,253,119,0,253,116,0,255,115,2,255,113,3,255,111,5,255,109,7,255,107,6,255,107,4,254,107,3,254,107,3,254,105,2,254,103,0,254,100,0,255,97,1,255,95,4,255,91,5,255,92,7,254,92,9,252,92,8,251,89,6,252,85,4,255,80,1,255,78,0,249,76,0,248,76,2,249,75,4,247,74,6,245,73,9,242,74,12,238,76,14,233,79,15,231,86,19,233,95,22,236,100,22,238,104,19,243,107,19,247,108,15,250,107,11,255,113,13,251,113,6,253,115,6,255,116,8,255,112,6,255,109,3,255,109,6,255,107,4,250,101,0,251,102,2,251,101,4,252,102,5,252,104,4,254,109,4,254,112,4,254,116,5,254,119,4,254,123,5,252,126,6,254,128,5,255,131,5,255,133,3,255,136,0,255,137,1,253,140,0,254,143,2,254,145,2,253,147,3,252,148,1,253,149,0,251,150,0,253,153,0,254,153,3,254,151,14,253,150,19,253,152,22,253,154,24,251,156,26,252,159,30,253,159,33,253,161,36,254,162,39,255,163,42,255,163,42,254,161,42,251,161,41,253,163,43,252,163,43,250,164,45,254,164,50,254,164,52,255,165,55,255,165,53,253,165,55,254,166,56,253,165,55,253,165,55,254,168,57,254,168,59,255,169,60,254,167,61,253,168,61,253,168,61,255,170,63,255,171,64,255,171,64,254,172,64,253,171,63,252,171,63,252,171,63,253,172,64,252,174,65,252,174,65,253,175,67,253,175,67,254,176,68,254,176,68,255,175,68,255,174,67,255,174,67,255,174,67,255,174,72,254,172,70,255,171,73,255,171,73,255,172,76,255,170,77,253,168,75,253,166,73,252,163,69,251,158,63,253,153,57,255,147,49,255,139,40,255,133,33,255,126,26,254,114,17,254,105,15,238,102,28,216,116,66,194,141,110,147,153,139,116,158,157,108,165,176,105,164,182,115,165,188,119,165,189,121,167,191,125,171,194,128,173,192,119,166,182,104,161,170
243,73,0,241,71,0,247,77,2,252,86,12,248,86,11,245,79,1,246,71,0,238,64,0,217,50,5,213,72,52,157,62,66,84,30,44,59,38,45,55,54,59,41,46,52,34,42,45,36,40,39,34,38,39,22,26,35,18,24,38,29,32,49,36,22,35,59,9,10,101,14,0,182,54,9,236,88,16,255,108,12,255,118,7,251,132,16,246,129,16,253,124,23,255,123,29,255,121,26,255,121,22,255,121,16,255,120,12,255,120,5,254,119,1,255,119,1,255,117,0,255,116,1,255,114,2,255,113,5,255,114,6,253,115,8,252,116,6,250,116,5,250,114,2,250,112,1,252,112,1,253,113,0,252,115,1,253,116,2,254,117,3,254,119,4,254,119,4,251,116,1,251,117,2,251,120,6,254,123,9,254,124,12,253,125,15,252,124,14,252,124,15,253,125,16,251,123,13,251,121,9,251,121,7,254,123,5,255,125,5,255,124,5,255,123,2,255,123,2,255,122,1,255,120,2,255,118,2,255,116,3,255,113,4,255,111,5,255,110,4,255,111,4,254,112,4,255,110,3,255,110,1,255,107,0,255,105,0,255,102,0,255,100,0,255,99,5,255,98,6,255,97,6,254,96,5,253,96,3,254,95,3,254,94,0,255,92,0,254,90,1,253,89,0,255,86,1,254,85,0,253,84,1,254,85,4,252,87,5,248,90,3,242,93,3,244,99,6,243,103,6,242,104,5,247,108,5,251,110,5,251,108,3,252,112,1,255,118,4,251,116,1,255,118,3,255,120,5,255,116,1,255,118,3,255,121,6,255,117,2,255,120,6,255,121,6,255,121,6,255,122,4,253,123,3,253,125,2,251,126,0,250,126,2,249,126,5,251,128,7,250,130,7,252,133,5,253,135,3,254,136,2,254,138,1,253,140,0,253,142,0,254,145,2,253,147,1,254,150,1,255,151,0,254,153,0,255,155,0,255,155,5,255,156,19,255,155,25,255,156,27,254,157,27,252,157,29,252,158,32,253,161,36,254,162,37,253,161,38,255,162,41,255,163,44,255,162,43,252,162,42,254,164,44,253,164,44,252,163,47,254,164,52,255,165,55,255,165,55,255,166,56,254,166,56,254,166,56,254,166,56,253,167,56,254,168,59,253,168,59,254,167,61,253,168,61,252,167,61,253,168,62,254,169,63,253,170,64,255,172,66,253,172,65,252,171,64,252,171,63,252,171,63,253,172,64,254,173,65,253,175,66,253,175,67,253,175,67,253,175,67,254,176,68,255,175,68,255,175,68,255,174,68,255,174,70,255,173,71,254,171,69,255,169,70,255,168,71,255,169,74,253,168,75,250,165,74,251,162,72,253,159,69,253,154,61,253,149,52,255,143,45,253,134,34,254,126,25,254,116,17,249,104,11,247,98,16,230,102,37,212,129,87,173,138,116,126,143,135,105,153,155,100,154,164,108,164,179,110,161,182,113,161,184,115,163,186,121,166,187,125,166,184,113,159,172,99,154,161
248,72,0,253,79,8,248,75,6,246,75,6,255,89,18,255,92,22,254,78,5,240,62,0,222,40,0,205,45,23,191,71,70,120,49,55,47,26,31,42,45,54,44,46,59,37,39,52,33,40,46,27,37,39,22,27,33,17,20,29,28,28,38,38,17,22,63,4,0,124,28,3,204,73,19,241,91,14,255,105,11,255,116,13,255,130,24,244,127,21,244,121,17,255,130,27,253,121,20,253,122,18,253,120,15,252,120,11,254,120,7,254,119,4,253,116,0,254,114,0,255,115,0,255,114,2,255,113,1,255,113,3,254,112,4,254,112,4,253,112,4,252,111,3,252,110,0,253,111,0,253,111,1,253,111,1,254,112,2,255,113,3,255,115,5,255,117,4,255,115,2,253,116,2,252,117,2,254,118,6,255,121,8,254,122,11,254,122,13,253,122,14,253,125,16,253,127,17,254,126,16,254,127,14,253,126,9,252,126,6,251,125,4,253,125,2,254,126,3,254,124,0,255,122,1,254,121,0,254,119,1,254,117,1,255,115,0,254,114,1,254,114,1,254,114,3,255,113,3,254,112,0,254,110,0,254,110,0,255,109,0,255,109,1,255,106,0,255,105,0,254,105,2,253,104,1,252,103,0,252,103,0,254,103,0,254,102,1,254,102,1,255,101,3,254,100,2,255,98,1,253,96,1,252,95,0,253,96,1,250,97,1,250,102,4,251,105,4,251,108,4,251,110,4,250,112,3,251,113,2,252,115,1,252,117,0,253,120,1,254,121,0,255,122,1,255,123,2,255,125,1,255,125,1,255,126,2,255,128,1,255,127,0,254,129,1,255,132,2,255,132,2,255,133,0,254,134,0,255,135,0,253,135,1,253,136,5,253,136,7,251,137,5,252,138,5,254,141,3,255,142,2,254,143,2,252,143,0,255,146,3,254,148,2,255,149,3,254,150,3,255,151,2,255,153,4,255,155,6,255,157,13,255,157,24,254,156,29,255,157,30,254,159,31,254,160,34,254,160,34,254,160,36,254,160,36,251,159,36,252,160,37,253,160,39,254,161,42,253,163,43,253,162,45,254,163,46,254,163,48,254,162,51,255,163,54,254,164,54,255,165,55,253,165,55,253,167,56,254,168,57,254,170,58,254,169,60,253,171,61,255,171,62,254,172,62,254,172,64,253,171,63,254,172,64,254,171,65,253,172,67,253,172,67,254,173,68,255,174,67,255,173,67,255,173,67,255,174,66,255,174,66,253,175,66,253,175,66,253,175,66,253,175,66,255,175,68,255,174,68,255,173,67,255,172,69,255,172,70,254,171,69,255,168,68,255,166,66,255,167,70,253,166,73,250,162,73,247,155,68,255,154,69,255,150,61,255,145,49,255,138,38,254,131,27,255,119,17,255,105,8,248,97,8,233,93,18,224,115,59,181,124,95,134,120,109,103,125,123,91,132,134,93,138,141,98,147,152,99,150,167,102,154,175,107,158,179,108,155,173,108,148,160,99,142,148,90,141,145
250,74,1,251,77,6,248,75,7,246,73,7,250,75,10,249,71,7,237,57,0,227,44,0,221,32,0,212,41,15,201,69,57,139,56,52,58,34,34,37,42,48,43,42,60,39,40,60,32,41,50,30,39,44,29,32,37,23,22,27,26,21,27,36,8,7,74,6,0,145,42,9,219,87,25,249,98,15,255,105,12,255,114,14,255,129,26,246,127,23,244,121,15,253,128,20,252,124,17,251,123,16,252,121,13,252,120,11,254,120,9,254,118,6,254,117,3,254,114,0,255,115,0,255,114,0,255,113,1,255,112,0,255,110,3,255,110,3,254,109,4,254,109,2,253,111,1,253,111,0,253,111,1,254,112,2,255,111,4,255,111,4,255,113,4,255,114,5,255,114,2,255,115,2,255,115,2,253,118,3,255,119,7,255,122,9,255,124,15,255,126,16,253,126,19,253,128,20,255,129,19,254,130,16,254,129,13,252,129,10,253,128,8,252,128,6,252,126,3,251,126,0,252,124,0,252,122,0,253,120,0,252,119,0,251,118,0,251,116,0,252,117,0,253,118,1,254,117,1,254,117,1,255,115,0,254,114,0,255,114,0,255,114,0,255,111,0,255,111,0,254,110,0,254,110,0,253,108,0,253,108,0,253,108,1,251,109,1,254,109,2,254,109,2,255,108,2,254,107,1,254,105,2,253,104,1,254,105,2,254,107,3,255,110,3,254,112,4,255,113,5,253,115,4,254,117,3,253,120,2,254,121,3,253,123,3,253,125,2,254,126,1,255,127,2,255,127,2,253,128,0,253,128,0,252,129,0,253,130,0,254,133,0,255,135,0,254,136,0,254,138,0,255,139,0,255,140,0,254,141,0,255,142,2,254,142,6,254,142,6,254,144,7,255,145,6,255,146,7,255,147,6,255,147,6,255,149,5,255,149,5,254,149,5,255,150,6,254,152,8,254,152,8,255,153,9,255,155,11,255,156,19,255,159,29,255,160,34,255,161,35,255,161,35,255,161,35,255,161,35,254,160,36,252,160,35,253,161,38,254,161,40,255,162,41,255,163,44,255,164,47,255,165,48,255,165,50,255,165,51,255,164,53,255,166,56,255,166,56,254,166,56,253,167,56,253,167,56,253,169,57,252,170,60,252,170,60,253,171,61,254,172,62,255,173,65,255,173,65,255,173,65,255,172,66,255,174,67,254,173,68,252,173,70,255,174,69,255,175,70,255,174,70,255,174,68,255,173,67,255,174,66,255,175,67,253,175,66,253,175,66,253,175,67,255,174,68,255,173,67,255,171,66,255,171,68,252,170,70,253,169,70,255,167,67,255,165,66,255,165,68,253,164,70,249,159,71,248,152,68,255,150,67,255,145,58,255,137,41,251,128,25,253,124,20,253,115,14,254,99,6,243,92,11,227,100,33,205,114,69,153,115,96,106,106,104,84,112,115,83,122,127,90,130,129,94,138,139,90,142,155,88,144,161,91,144,162,94,141,157,95,136,142,89,130,132,76,127,128
255,82,3,252,81,3,251,80,10,252,78,15,249,68,11,244,59,3,240,51,0,233,43,0,234,43,0,224,52,16,208,72,46,159,72,53,82,52,41,43,43,43,41,43,58,37,39,60,37,41,53,34,37,46,30,31,36,27,22,26,26,14,16,41,4,0,95,16,0,172,63,24,231,98,29,252,104,16,255,105,7,255,112,9,255,126,22,252,126,23,249,121,14,253,122,14,254,123,15,252,122,12,252,120,11,252,120,9,255,121,8,255,119,7,254,117,3,254,114,1,255,113,1,255,113,1,255,112,0,255,111,0,254,109,2,253,108,1,253,108,1,252,107,0,253,111,1,253,111,0,255,111,2,255,111,2,255,111,4,255,110,3,255,111,2,255,111,2,255,113,1,254,114,0,255,115,0,252,117,2,253,117,5,255,121,8,255,125,16,255,130,20,255,131,23,255,133,24,255,133,23,255,135,22,255,133,19,254,134,14,254,131,10,254,132,9,250,128,3,250,126,2,251,126,0,250,125,0,252,124,1,253,123,1,252,122,0,253,120,0,254,121,2,255,122,3,255,122,4,255,122,4,255,121,3,255,119,1,255,117,0,255,117,0,255,116,1,255,116,1,255,114,2,255,114,2,255,114,4,254,114,3,254,113,5,254,114,3,255,115,4,255,115,2,255,114,2,255,114,2,255,114,4,255,114,4,255,115,5,255,116,6,255,117,6,255,118,7,255,120,9,255,122,7,255,122,7,254,125,6,254,125,6,253,127,6,253,127,4,254,129,3,254,131,2,255,132,3,254,133,3,254,133,3,252,134,2,253,135,3,255,139,4,255,140,3,255,142,4,255,142,4,255,143,5,255,145,4,255,146,5,255,147,6,255,149,9,255,149,9,255,149,9,255,150,10,255,151,11,255,153,12,255,152,11,255,152,11,254,151,10,253,152,10,254,153,13,255,153,16,255,153,16,255,154,17,255,156,19,255,157,24,255,160,32,255,161,37,255,162,38,255,162,38,255,162,38,255,162,38,254,162,39,253,161,38,255,162,41,253,163,41,255,165,45,255,165,48,255,165,48,255,166,51,255,166,52,255,166,52,255,167,55,255,168,58,255,167,60,255,168,60,254,168,59,254,168,59,254,169,60,253,171,63,253,171,63,253,172,64,255,174,66,255,174,67,255,174,67,255,174,67,255,175,70,255,175,70,255,173,71,255,173,71,255,174,72,255,174,70,255,173,70,255,174,68,255,173,67,255,174,67,255,175,68,254,176,68,253,175,67,253,174,69,255,173,69,255,172,68,255,170,67,253,170,68,250,171,70,251,172,71,255,169,69,255,166,67,255,163,67,255,160,68,251,155,68,251,149,64,255,143,57,255,140,50,252,128,32,249,120,19,252,119,18,248,108,11,242,92,5,231,91,16,225,112,54,190,115,76,135,107,95,93,101,103,77,107,115,78,119,125,85,125,125,87,131,132,82,134,145,78,134,149,79,132,148,79,128,142,81,124,130,76,120,121,68,118,119
255,89,10,255,83,6,255,88,18,255,89,23,255,75,16,250,63,8,254,63,9,255,62,9,255,59,14,241,62,21,216,69,35,180,80,54,114,69,50,56,47,40,42,45,54,33,40,56,39,42,57,32,32,44,25,22,29,29,18,22,34,13,12,58,10,0,124,34,10,199,81,35,238,102,26,252,105,10,255,103,2,255,108,4,255,121,16,255,124,20,254,119,12,254,119,11,255,123,14,253,121,10,251,119,8,253,119,6,255,119,7,255,118,7,255,116,3,254,114,1,255,113,1,254,112,0,255,112,0,255,110,1,254,109,0,253,108,1,253,108,1,252,107,0,254,110,0,253,111,0,255,111,2,255,111,2,255,110,3,254,109,2,254,109,0,254,110,0,253,112,0,253,113,0,252,115,0,251,116,0,251,117,2,252,121,7,255,126,14,255,130,20,255,134,26,255,138,28,255,138,27,255,139,26,255,139,23,255,137,19,254,136,13,254,134,11,251,131,8,251,132,6,252,130,5,253,129,3,254,128,5,254,128,5,255,128,5,255,127,4,254,126,3,255,127,2,255,127,5,255,126,2,255,124,3,255,123,2,255,122,1,255,122,1,255,121,3,255,120,4,255,120,4,255,119,5,255,119,5,255,118,7,255,119,7,255,120,5,254,119,2,255,120,2,255,120,2,255,120,2,255,119,3,255,120,4,255,120,4,255,122,5,255,122,5,255,124,6,255,125,7,255,127,8,253,127,7,252,128,6,252,130,7,252,130,5,251,129,2,251,132,4,253,134,4,253,136,5,254,137,6,253,139,7,255,141,8,255,143,9,255,143,9,255,145,8,255,145,8,255,145,8,254,147,9,254,147,9,255,149,9,255,151,10,255,153,12,255,153,12,255,152,11,255,153,12,255,153,12,255,153,14,255,154,14,254,153,13,254,154,16,254,154,17,253,155,20,254,156,23,254,155,25,255,156,26,255,158,28,254,159,31,254,160,36,255,161,39,255,161,39,255,163,40,255,162,40,255,164,41,255,164,41,254,164,42,253,163,41,254,164,44,255,164,47,255,166,50,255,165,50,255,166,52,255,166,52,255,166,54,255,168,58,255,169,61,255,169,61,255,170,61,255,168,62,254,169,62,253,171,63,253,172,65,253,172,65,254,173,66,255,174,69,255,174,69,255,174,69,255,173,71,255,174,72,255,174,72,255,173,71,255,174,72,255,174,72,255,174,72,255,173,72,255,174,70,255,173,69,255,174,69,254,175,70,254,175,70,253,174,69,253,174,71,255,173,71,255,172,70,255,170,69,253,169,70,251,171,72,252,172,73,255,169,71,255,165,69,255,161,67,255,157,66,252,151,63,251,145,59,252,138,49,255,133,39,252,122,24,254,116,18,254,111,17,241,96,7,231,84,6,222,93,27,210,115,67,164,109,79,116,101,96,91,106,113,81,115,125,77,120,129,80,121,123,81,125,126,76,129,137,72,129,140,72,125,139,73,123,134,75,119,122,72,116,117,67,116,120
255,76,6,255,75,4,255,87,15,255,93,22,255,80,13,251,71,8,255,71,13,255,72,17,255,64,18,251,60,18,223,56,22,197,73,45,137,69,48,68,45,31,38,42,41,29,42,50,40,44,56,33,31,45,25,22,31,33,18,21,45,12,7,78,15,0,154,49,17,222,91,37,240,101,18,248,105,3,252,104,0,253,106,0,253,114,9,255,119,15,255,117,11,255,117,6,255,120,8,253,119,6,252,118,5,253,117,5,254,118,6,255,117,6,255,115,4,253,113,2,254,112,2,253,111,1,255,110,1,255,110,1,255,109,0,255,109,0,254,108,0,253,108,0,253,109,0,254,110,0,255,110,1,255,111,2,255,109,3,254,107,1,253,108,0,253,109,0,252,111,0,253,113,0,252,116,0,252,117,0,251,117,2,251,120,6,254,124,12,254,128,17,255,135,26,255,138,28,255,140,28,255,142,28,255,141,25,255,141,22,255,140,19,255,139,16,255,138,14,255,138,12,255,136,10,255,136,10,255,135,10,255,134,9,255,132,8,255,131,7,255,130,4,255,130,2,255,130,4,254,129,1,255,127,2,254,126,1,255,125,1,255,125,1,255,124,3,255,124,3,255,124,5,255,123,5,254,123,5,254,123,7,255,124,8,255,124,6,253,125,0,253,125,0,254,126,0,255,126,0,255,125,1,255,125,1,255,126,4,255,126,4,255,127,7,255,128,8,255,130,9,255,131,9,254,132,9,252,133,7,251,133,7,250,135,8,249,134,5,250,135,6,252,138,6,253,140,8,254,141,9,255,144,11,255,145,12,255,147,13,255,148,14,255,150,14,255,150,14,253,150,13,253,150,13,253,150,13,254,152,15,255,153,16,255,156,16,255,155,15,255,155,15,255,155,15,253,156,15,252,155,16,251,153,16,250,152,17,252,155,22,253,156,25,253,158,30,253,158,32,254,158,35,255,159,38,255,160,40,255,161,41,255,162,41,254,161,40,254,161,40,251,161,39,254,161,40,253,163,41,255,165,43,255,166,46,253,164,44,254,165,47,255,166,50,254,167,52,255,166,52,254,167,54,254,167,54,254,166,56,255,168,60,255,169,63,255,169,63,255,170,63,255,170,64,254,171,65,255,172,66,255,174,69,254,173,68,253,174,69,254,175,72,254,175,72,253,174,71,252,173,72,253,174,73,253,174,73,255,174,74,255,174,74,255,173,74,255,174,75,255,173,74,255,174,72,255,173,71,255,173,71,254,175,72,252,175,71,252,175,71,253,174,73,255,173,73,255,172,73,255,171,72,255,169,72,251,169,70,252,170,71,255,165,68,255,161,65,255,157,64,255,154,62,253,147,59,252,143,52,253,136,41,254,128,28,255,117,16,255,110,14,252,98,12,232,81,2,225,80,13,221,101,48,182,110,72,131,98,79,94,95,97,82,108,121,78,115,131,68,112,125,69,110,114,70,114,115,62,115,121,63,120,129,66,123,132,69,122,128,73,118,121,72,116,117,68,116,120
244,52,0,245,60,0,249,77,5,253,85,12,251,80,8,252,75,7,255,72,11,255,69,15,255,61,13,254,57,15,232,49,15,210,65,36,158,64,39,84,37,19,41,34,24,30,40,39,42,44,57,39,37,51,32,31,39,37,23,23,48,10,1,92,17,0,178,58,21,237,95,33,244,100,11,249,104,0,252,106,0,252,105,0,251,108,4,255,113,9,255,115,8,255,114,4,254,117,3,252,117,2,252,117,2,253,116,2,253,115,4,253,115,4,254,114,3,253,113,2,253,111,1,253,111,1,254,109,0,254,109,0,255,109,0,254,108,0,254,108,0,254,108,0,253,107,0,254,108,0,255,109,0,255,109,0,255,108,2,254,108,0,253,108,0,253,109,0,252,111,0,252,112,0,252,116,0,251,118,0,250,119,3,250,121,4,251,124,11,251,127,15,253,133,23,253,135,27,255,138,28,255,140,27,255,142,27,255,142,25,255,142,23,255,143,21,255,143,20,255,143,18,255,141,16,255,139,13,255,138,12,255,137,11,254,135,9,253,134,8,255,134,7,255,134,4,255,134,4,254,133,3,253,130,1,253,130,1,254,129,1,254,129,1,255,128,1,255,128,3,255,128,3,255,127,4,253,127,6,254,128,7,254,128,7,254,128,5,253,130,0,254,132,0,255,133,0,255,133,0,255,131,2,255,131,3,255,131,3,255,132,6,255,132,6,255,134,9,255,136,10,254,136,10,253,138,11,253,138,11,253,140,12,252,140,12,252,141,10,253,142,11,253,144,13,254,146,12,255,146,15,254,147,15,255,148,16,254,150,17,255,153,20,255,154,20,255,154,20,255,154,20,255,154,20,255,154,20,255,154,20,254,156,21,255,157,20,254,158,19,253,157,18,253,157,19,253,157,19,251,157,21,250,156,22,249,155,23,252,157,29,252,158,32,254,160,38,254,161,40,255,161,45,255,161,47,255,162,48,255,164,49,255,164,47,255,164,47,253,162,45,251,162,44,252,161,44,252,163,45,254,165,47,252,166,47,255,166,50,254,167,51,255,168,53,255,169,56,255,168,58,255,169,58,255,168,60,255,169,60,255,168,62,255,170,64,255,171,65,254,171,67,254,171,67,254,173,68,255,173,71,254,175,72,254,175,74,254,176,75,255,175,76,254,176,76,254,174,75,253,173,74,253,173,74,253,173,74,254,174,75,255,174,75,255,175,76,255,175,75,255,174,76,255,175,75,255,174,74,254,175,74,253,175,74,253,175,74,252,174,74,252,174,74,254,174,75,255,172,74,255,170,73,255,169,72,255,167,70,254,166,68,255,163,67,255,160,65,255,156,64,255,153,62,255,147,56,253,140,46,252,133,33,252,120,19,255,108,8,255,96,5,242,79,0,228,71,4,225,84,28,215,109,67,159,109,82,108,100,89,81,98,106,73,109,125,65,108,127,56,99,115,58,99,105,59,103,106,53,106,110,57,114,121,65,122,129,72,125,131,77,122,125,76,120,123,74,118,127
235,38,0,244,54,0,243,69,0,241,73,0,246,75,3,250,76,7,253,67,6,255,62,8,255,55,7,252,51,9,239,45,9,224,59,27,186,64,40,118,43,22,61,32,18,44,39,35,47,45,56,42,44,57,33,36,43,36,25,23,52,8,0,108,24,0,199,68,24,247,94,27,247,98,4,249,102,0,251,103,0,249,102,0,249,101,1,254,108,7,255,112,8,255,110,1,253,113,0,252,115,0,253,116,2,254,114,1,253,113,2,252,112,1,253,111,3,254,112,4,255,110,3,254,109,2,255,108,2,254,107,1,255,107,1,254,106,0,254,106,0,253,105,0,253,105,0,254,106,0,255,107,1,255,107,1,255,107,1,254,108,0,253,108,0,253,109,0,253,112,0,251,115,0,250,115,0,251,118,0,250,121,4,250,123,6,252,125,12,251,127,15,251,131,21,250,134,25,252,136,25,254,138,25,254,139,24,254,141,23,254,141,23,255,142,22,255,143,21,255,142,18,255,141,17,255,140,15,254,139,14,255,138,14,254,136,12,253,135,9,255,136,8,255,137,9,255,137,7,255,136,6,255,134,3,254,133,2,255,132,2,255,132,2,255,131,2,255,131,2,255,132,2,255,132,2,255,132,3,255,132,3,255,133,4,255,134,3,253,135,0,253,137,0,255,137,1,255,138,2,255,137,3,255,137,3,255,137,5,255,137,7,255,136,6,255,138,9,255,140,11,255,142,12,255,143,15,255,143,15,254,145,16,255,146,17,254,147,17,255,148,18,255,149,19,255,151,18,255,151,20,254,151,20,254,151,20,254,153,21,255,155,23,255,157,24,255,156,26,255,156,26,255,156,26,254,157,26,254,157,26,255,158,27,254,157,24,252,158,24,252,158,24,253,159,27,253,159,27,252,159,28,252,159,30,250,158,31,252,160,37,253,160,39,255,161,45,254,163,48,254,163,49,255,163,52,255,163,54,255,165,55,255,166,52,255,166,50,255,166,50,253,166,50,255,166,50,253,166,50,253,166,50,253,168,51,255,168,53,254,168,55,255,169,58,255,171,59,255,171,62,255,171,62,255,170,64,255,170,64,255,170,67,254,171,67,255,172,68,254,172,70,255,173,71,254,175,72,255,176,75,255,177,76,255,177,77,253,178,77,255,178,80,254,178,80,255,177,79,254,176,78,254,176,78,254,176,78,254,176,78,255,175,78,255,176,79,255,176,77,255,176,80,255,176,77,255,176,77,255,177,77,255,177,77,252,177,76,251,175,77,253,175,77,254,174,77,255,172,76,255,170,75,255,168,72,255,164,68,255,162,65,255,160,63,255,159,62,255,157,63,255,151,59,251,142,49,249,132,36,249,123,21,248,109,8,255,96,1,253,81,0,236,63,0,230,69,15,225,89,47,196,105,74,129,102,83,86,101,96,70,102,113,60,105,124,52,99,119,50,96,112,59,100,106,59,103,106,60,111,115,62,117,122,66,124,128,73,126,132,79,126,132,83,126,133,84,126,140
238,43,0,249,59,1,243,66,0,236,63,0,242,68,0,250,68,5,249,60,4,248,52,0,248,48,0,242,41,0,235,38,0,233,55,17,215,70,43,158,51,31,94,32,19,67,38,34,55,45,54,43,45,57,31,36,42,34,23,21,56,10,0,121,31,4,215,74,28,253,90,23,250,95,2,249,98,0,250,99,0,247,98,0,247,97,0,255,105,8,255,110,8,255,108,2,254,110,0,254,112,0,255,113,1,254,112,0,252,110,0,251,109,0,252,110,2,255,110,3,255,110,3,255,108,2,255,108,2,255,107,1,254,106,0,255,104,0,254,103,0,254,103,0,254,103,0,253,105,0,254,106,0,255,107,1,255,107,1,255,107,1,254,108,0,254,110,0,255,114,0,251,115,0,250,115,0,248,118,0,250,121,4,250,125,9,252,126,13,250,129,16,249,131,21,249,133,24,250,134,23,251,135,24,251,137,23,251,137,22,251,137,22,252,139,21,252,139,19,251,138,16,251,138,16,252,138,14,253,139,15,253,139,15,254,138,15,253,138,13,253,138,11,254,139,12,255,140,11,255,140,11,255,138,7,254,136,4,253,135,3,253,135,1,255,135,2,255,135,2,255,135,2,254,136,2,254,136,2,254,136,2,255,137,3,254,138,1,250,137,0,251,140,0,253,140,0,254,141,1,254,141,3,254,140,5,254,140,7,255,141,8,252,139,7,254,141,11,254,143,12,254,145,16,255,146,17,255,148,20,255,149,21,255,150,22,255,150,22,255,152,23,255,153,24,255,153,24,255,153,24,255,154,24,255,153,25,254,155,26,253,154,25,253,156,26,254,156,29,253,158,30,255,157,30,253,158,30,253,158,30,253,158,30,252,157,29,251,158,29,251,157,31,252,158,32,253,159,35,253,161,36,253,161,38,250,160,38,252,162,42,253,162,47,254,163,49,254,164,52,254,164,54,254,163,56,254,163,58,253,165,59,253,165,55,252,166,53,254,167,54,254,168,55,255,169,56,255,169,56,255,169,56,254,170,56,254,168,57,253,169,57,254,169,60,253,171,63,255,171,65,254,171,65,255,170,67,253,170,66,255,172,70,255,173,73,255,173,73,254,175,74,254,174,75,253,175,75,255,177,79,254,178,80,254,178,82,255,179,83,255,179,83,255,179,83,255,179,85,254,178,82,254,178,82,255,179,83,252,176,80,253,177,79,255,178,80,255,178,80,255,179,81,255,179,81,255,179,81,254,178,80,254,178,80,253,177,79,252,176,78,254,176,78,254,174,77,255,172,76,255,169,74,255,166,71,255,160,64,255,159,61,255,156,60,254,154,58,255,152,57,253,144,51,248,131,38,242,118,22,247,111,12,251,98,2,255,87,0,251,69,0,230,55,0,228,73,29,217,96,65,172,101,79,90,84,72,61,93,92,55,99,112,48,99,118,43,91,111,51,98,114,65,108,115,66,110,113,70,121,124,67,122,125,67,122,127,70,123,129,81,125,134,87,129,141,92,133,153
243,55,0,255,71,10,255,74,11,245,62,2,244,57,2,244,53,1,244,46,1,246,48,1,243,49,0,233,42,0,241,50,0,250,65,19,243,74,45,210,67,51,153,45,42,107,38,43,64,41,47,49,49,57,34,39,43,36,26,24,59,13,0,126,35,8,224,78,31,255,86,19,254,93,3,252,96,0,252,96,0,248,94,0,248,93,0,249,96,2,251,101,4,255,106,4,254,107,1,254,108,0,255,111,2,255,113,4,255,113,6,254,109,2,252,107,2,254,107,3,255,108,4,254,107,3,254,105,2,255,104,1,253,102,0,254,101,0,255,102,0,255,103,1,253,102,0,253,102,0,254,103,0,254,103,0,252,103,0,253,105,0,253,107,0,253,109,0,253,112,0,252,116,0,252,119,0,251,122,2,251,124,7,252,127,11,253,129,15,253,132,19,253,135,25,250,134,23,249,133,22,250,134,23,249,135,23,248,134,20,246,135,20,249,138,22,249,138,22,249,138,20,250,139,21,253,140,20,255,142,22,254,141,19,253,139,17,251,137,13,254,140,16,254,140,16,255,141,16,255,140,15,254,139,12,255,139,10,255,138,6,255,140,5,255,138,4,255,139,2,255,139,2,255,139,0,254,138,0,254,138,0,252,139,0,252,141,0,250,140,0,252,142,3,253,143,4,253,143,4,253,143,6,253,143,6,254,143,9,255,145,12,253,144,13,254,145,14,254,147,17,254,149,21,255,150,22,255,152,24,255,152,24,254,152,24,255,154,26,255,154,26,255,153,25,255,153,25,255,153,27,254,155,28,254,154,30,254,156,31,253,155,32,252,156,33,254,158,35,254,160,36,254,158,37,253,159,37,253,159,37,253,159,37,253,158,38,253,158,40,254,159,41,254,161,42,255,162,43,255,161,45,255,162,46,254,163,48,254,163,49,254,164,52,255,165,55,254,166,58,254,166,60,254,165,61,254,165,61,252,165,60,252,166,57,252,168,56,254,168,57,253,169,57,255,169,58,255,171,59,255,170,61,253,171,61,255,170,63,254,172,64,254,171,65,253,172,67,254,171,69,252,170,68,254,170,71,253,171,71,255,173,73,253,173,74,254,174,75,253,175,75,253,175,77,251,175,79,253,177,83,253,179,84,254,180,85,255,181,86,255,182,87,255,183,88,255,182,89,255,182,87,255,181,86,255,181,84,254,180,83,254,180,83,255,179,83,255,179,83,254,178,82,255,179,83,255,179,83,254,180,83,255,181,84,254,180,83,254,178,80,255,177,79,254,174,77,255,171,75,255,167,73,255,163,69,255,155,60,255,158,59,255,156,58,250,146,49,248,139,44,252,135,42,250,122,31,246,106,18,250,96,6,255,86,1,248,62,0,241,56,0,234,63,17,223,83,50,189,93,69,120,74,58,67,80,71,49,95,95,50,102,115,49,105,122,54,105,124,61,109,123,71,114,121,75,119,122,73,122,126,70,123,127,72,125,131,79,129,136,90,134,147,100,139,156,103,140,166
252,68,6,255,75,13,255,73,13,253,67,10,254,63,11,250,53,8,248,47,5,249,51,6,242,51,0,252,63,7,255,74,19,255,67,22,245,56,27,225,52,38,187,41,41,146,45,49,84,42,44,51,42,45,43,42,47,41,30,28,61,15,2,134,43,16,226,78,32,255,85,19,254,88,2,253,90,0,251,90,0,249,90,0,247,89,0,247,92,2,251,98,5,255,102,6,255,105,2,255,104,0,255,107,1,255,110,4,255,109,3,253,106,2,252,105,1,252,105,1,251,104,0,252,103,0,254,103,0,254,100,0,253,99,0,254,98,0,254,98,0,254,98,0,251,97,0,251,99,0,252,100,0,252,100,0,253,101,0,253,105,0,254,108,0,254,110,0,253,112,0,252,116,0,254,121,2,254,125,6,255,128,11,255,131,15,254,133,18,254,134,21,252,134,24,249,133,22,250,134,23,251,137,25,252,138,26,250,138,26,251,139,27,252,142,29,253,143,28,253,143,28,253,144,27,254,145,28,255,145,27,255,145,24,253,143,22,252,142,21,252,142,21,253,143,22,255,144,22,255,145,20,255,143,19,255,142,14,254,141,11,254,141,9,253,139,6,254,140,5,254,142,4,254,142,4,254,143,2,253,142,1,252,142,1,252,142,1,251,144,6,252,146,8,253,147,11,253,147,11,252,146,10,252,146,11,254,147,15,255,149,17,254,150,19,254,150,19,255,152,24,255,153,25,255,153,28,255,155,29,255,155,31,255,155,31,255,156,32,254,156,31,254,156,31,254,156,31,254,156,33,254,156,33,255,156,36,253,157,36,252,156,36,252,157,37,254,159,39,254,161,40,255,160,42,253,160,41,254,159,41,253,159,43,255,159,47,254,159,49,255,160,50,255,161,48,255,161,51,255,163,52,255,163,52,254,164,52,254,164,54,253,165,55,254,166,58,255,167,61,255,166,62,254,167,62,254,167,64,252,166,63,253,168,61,252,170,62,254,169,62,253,171,63,255,171,64,254,172,64,255,172,66,254,173,66,254,171,67,254,173,68,254,172,70,252,173,70,254,172,72,252,172,73,252,172,75,253,173,76,255,175,78,254,176,78,255,176,81,253,177,81,253,177,83,252,178,83,254,179,86,254,181,87,254,181,89,254,181,87,255,182,88,255,183,89,255,182,89,255,181,88,255,181,86,254,181,86,252,180,82,252,180,82,252,180,82,252,178,81,252,178,81,252,176,80,251,177,80,251,177,80,253,179,82,252,178,81,252,176,78,253,173,76,254,171,75,254,167,72,253,162,69,255,159,64,255,156,59,255,150,52,253,146,48,252,142,45,252,133,39,250,121,30,249,107,23,254,97,16,255,86,9,249,68,0,242,52,0,232,50,0,222,68,32,204,85,61,149,80,64,87,67,58,63,92,87,52,106,108,54,112,123,56,114,128,60,113,127,67,115,129,75,120,126,79,122,128,76,124,128,78,127,131,82,132,139,91,139,149,102,144,158,109,145,167,111,146,174
255,71,12,254,68,9,249,63,6,252,63,7,253,63,11,245,53,4,243,46,1,247,50,5,252,60,11,255,66,14,255,64,17,247,45,7,238,32,8,232,34,21,210,37,31,176,46,44,114,49,45,61,35,34,52,40,42,47,29,29,59,12,2,135,47,23,227,82,38,255,85,23,253,84,3,253,85,0,253,84,0,250,84,0,246,84,1,247,87,1,250,92,3,252,97,4,255,99,4,255,99,2,255,102,2,255,104,4,255,105,4,253,104,1,251,102,0,251,102,0,250,101,0,252,100,0,253,101,0,253,99,1,254,97,0,254,96,0,254,94,0,254,94,0,252,95,0,251,97,0,252,98,0,251,99,0,253,101,0,253,104,1,255,108,2,255,111,0,254,113,0,254,118,0,255,123,4,255,127,8,255,131,13,255,132,16,255,135,20,253,136,22,251,135,24,251,137,25,252,137,28,253,141,31,255,143,33,254,144,33,254,144,33,253,145,34,255,147,36,255,147,36,255,148,34,255,148,34,255,148,32,255,149,31,254,148,30,253,147,29,254,145,28,255,147,30,255,149,30,255,149,28,255,148,27,255,146,21,254,145,18,253,144,15,252,143,12,253,145,11,254,146,11,255,147,12,253,147,9,252,146,8,251,146,5,251,145,7,252,148,13,253,149,16,255,151,20,255,151,20,253,150,19,253,150,21,255,152,23,255,153,24,255,153,25,255,154,26,255,155,31,255,156,32,255,157,35,255,157,35,255,157,37,255,156,36,255,158,38,255,159,38,254,158,37,254,158,37,254,158,38,253,158,38,253,158,40,254,159,41,253,158,42,253,159,43,255,161,47,254,163,48,255,162,49,253,162,48,255,161,48,254,162,51,255,161,55,255,162,58,255,162,58,255,162,56,255,163,59,255,164,59,255,164,59,253,165,59,254,166,60,254,167,61,255,168,63,255,168,63,255,169,66,255,169,66,255,169,68,254,168,65,253,170,66,253,172,65,254,171,65,254,173,66,255,173,67,255,174,67,255,174,69,254,175,70,255,173,71,253,174,71,254,175,74,253,175,75,254,174,77,252,174,76,253,174,79,252,176,80,254,178,82,255,179,83,255,179,85,254,180,85,254,179,86,254,181,89,255,182,90,254,183,91,253,182,92,253,182,90,253,182,90,253,182,90,255,182,88,255,182,88,255,182,87,254,181,86,252,182,86,252,182,86,252,182,86,253,180,85,253,179,84,252,178,83,251,177,82,251,177,82,252,178,81,252,176,80,254,174,77,255,172,76,255,168,71,255,163,68,255,159,65,255,155,61,255,151,55,253,143,46,250,137,41,252,132,37,254,123,33,253,107,24,254,92,17,255,83,14,254,68,7,242,51,0,239,53,6,227,61,23,213,83,57,182,96,79,119,82,73,77,82,78,66,105,104,58,116,118,62,121,129,65,122,133,68,120,133,73,121,133,79,123,132,81,126,131,81,126,131,83,131,135,91,135,144,98,142,153,106,145,162,109,145,167,111,145,173
255,66,11,250,61,5,248,59,3,251,65,8,253,68,11,250,63,8,252,61,9,255,63,15,255,66,20,245,48,5,240,34,0,232,21,0,237,16,0,234,21,5,222,30,15,203,51,37,154,64,53,92,41,37,65,35,37,56,26,28,58,9,2,129,42,22,225,86,45,251,82,23,250,80,5,253,81,0,254,81,2,252,81,3,248,81,2,248,83,3,250,86,1,251,90,2,254,93,3,255,96,4,255,99,5,255,103,8,255,105,7,255,104,3,253,101,0,251,100,0,251,99,0,252,98,0,253,99,1,254,97,0,254,95,1,255,94,3,255,94,3,255,94,3,255,96,2,254,97,0,254,97,2,253,99,1,254,100,2,255,104,1,255,108,2,255,112,0,255,116,1,255,120,2,255,124,5,255,127,8,255,130,12,253,132,17,253,133,20,252,135,22,254,140,28,253,141,29,254,144,33,255,147,36,255,148,39,255,148,39,254,148,38,254,148,39,255,150,41,255,151,40,254,150,39,254,150,37,254,150,35,254,151,33,254,151,33,254,151,33,255,150,35,255,152,37,255,153,36,255,153,36,255,152,34,255,150,30,255,149,27,254,149,24,253,148,21,254,149,21,255,151,20,254,151,20,253,150,19,252,150,16,252,150,16,251,150,18,254,152,24,255,153,27,255,154,28,255,154,28,254,155,28,254,155,28,255,155,31,255,156,32,254,156,31,255,157,34,255,156,36,255,157,37,254,158,38,254,158,38,254,157,40,254,157,40,255,160,42,255,160,42,254,161,42,254,161,42,254,160,44,254,160,44,252,161,46,252,161,46,252,161,47,253,162,48,255,163,52,254,164,52,254,164,54,254,164,54,254,163,56,255,164,59,255,164,61,255,164,63,255,164,63,255,164,61,255,164,63,254,165,61,255,166,64,254,167,62,255,168,65,255,169,66,255,169,66,255,170,69,255,170,69,255,172,70,255,171,72,254,171,69,253,171,69,254,173,68,255,173,71,253,174,71,255,174,72,254,175,72,254,175,72,254,175,74,254,175,74,254,176,76,254,176,76,252,176,78,254,175,80,252,176,82,253,177,83,252,178,83,254,179,86,255,180,87,255,181,88,255,182,90,255,182,90,253,182,92,254,183,93,255,184,94,254,183,93,254,183,93,253,182,92,253,182,90,253,183,88,253,183,88,255,182,87,253,183,87,253,183,87,252,184,87,253,183,87,255,182,87,255,181,86,254,180,85,253,177,83,252,176,80,253,174,79,254,174,77,255,172,76,255,169,72,255,165,70,255,159,65,255,154,61,255,150,56,250,139,47,254,137,44,252,129,36,250,116,27,255,107,23,255,97,22,255,80,15,248,62,5,239,47,0,233,44,4,228,56,20,215,71,44,189,90,71,146,92,82,97,87,86,79,103,105,69,114,117,67,122,125,72,127,134,72,126,136,74,124,135,76,124,134,79,126,134,82,127,133,84,129,134,88,131,137,94,134,142,98,138,148,102,139,155,106,141,161,110,142,167
246,52,1,246,55,1,250,59,4,252,68,8,247,72,7,248,73,8,255,71,11,255,67,13,251,50,8,238,31,0,237,21,0,237,16,0,242,12,0,239,18,0,232,33,4,224,59,29,190,69,50,133,50,42,85,30,35,73,28,33,65,12,8,116,33,15,219,85,47,243,80,23,246,78,7,254,78,2,255,79,5,255,79,5,252,79,3,250,79,1,252,79,2,252,81,1,253,87,3,255,91,4,255,95,6,255,100,9,255,103,9,255,103,6,255,101,1,251,97,0,252,99,0,252,98,0,253,96,0,253,94,0,253,92,1,255,92,3,255,92,6,255,93,7,255,94,3,254,97,2,254,97,4,252,98,2,253,99,1,255,103,2,255,107,4,255,111,2,255,117,4,255,120,3,254,123,5,252,126,6,252,129,10,251,130,15,252,132,19,251,135,22,255,145,32,254,147,33,255,148,37,255,151,39,255,153,42,255,152,43,255,153,43,254,152,44,253,152,44,253,152,44,251,153,44,251,153,42,251,154,41,251,154,39,254,154,40,254,154,40,255,155,43,255,156,44,255,156,42,255,155,41,255,154,38,254,153,35,254,153,35,255,155,35,254,154,32,254,154,32,254,154,32,252,154,31,252,154,31,252,154,29,253,155,30,253,155,32,253,154,34,254,155,36,255,156,37,255,156,37,253,157,37,253,157,36,254,158,38,255,159,39,253,158,38,254,159,41,254,159,41,255,160,44,254,160,46,253,159,45,253,159,46,252,158,45,253,162,47,253,162,47,253,162,48,253,162,48,252,162,50,252,162,50,252,162,52,252,162,52,253,162,55,252,164,56,254,166,60,255,167,61,254,166,60,254,166,60,254,165,61,254,165,61,255,166,64,255,166,66,255,166,66,255,168,65,255,167,67,254,168,65,254,168,67,254,168,65,255,170,69,255,172,70,255,172,70,255,173,73,255,173,73,255,173,73,255,173,74,255,173,74,252,173,72,253,174,71,253,174,73,253,175,74,254,175,74,254,176,75,254,176,75,254,176,76,254,176,76,253,177,79,253,177,81,252,178,83,253,177,83,252,177,84,253,178,85,254,179,86,255,180,89,254,181,89,255,182,90,253,182,92,253,182,92,252,182,94,253,183,95,253,183,95,254,184,96,254,185,94,253,184,93,253,184,91,253,184,89,252,183,88,253,183,87,253,183,87,253,183,87,253,183,87,255,182,87,254,181,86,254,180,85,254,178,84,254,175,80,254,174,79,254,171,77,255,171,75,255,168,71,255,164,68,255,159,63,255,154,57,255,147,52,255,143,49,250,132,42,251,125,38,252,114,26,252,101,18,255,93,16,255,81,14,248,63,7,236,45,0,230,40,6,227,52,23,211,61,37,194,81,63,155,91,81,107,83,81,81,94,102,76,113,122,72,119,125,74,124,131,77,127,134,78,126,136,77,125,135,78,126,136,80,128,138,82,129,137,86,129,136,92,131,138,96,133,141,100,137,146,102,138,150,107,140,157,109,141,162
244,51,0,247,56,1,255,65,7,252,68,8,240,67,1,239,66,0,245,61,0,245,52,0,234,31,0,237,24,0,243,24,4,241,18,3,248,16,2,251,26,4,240,34,0,224,44,7,200,54,29,163,51,40,109,30,35,91,31,39,74,16,15,104,25,8,205,79,41,236,81,25,244,75,8,252,76,3,255,75,5,255,76,6,254,76,2,253,75,1,255,75,0,254,77,1,253,82,4,252,85,4,255,90,6,255,94,7,255,99,8,255,102,8,255,101,4,253,99,0,251,98,0,253,97,0,253,95,0,252,92,0,253,89,0,254,88,2,255,88,5,255,90,6,252,91,1,252,93,1,252,95,2,253,96,3,253,99,3,254,102,1,255,106,3,255,110,1,255,116,3,254,119,2,252,121,3,251,124,7,251,127,11,251,132,16,253,136,23,253,139,25,254,147,33,254,150,35,255,152,39,255,153,42,255,154,44,255,156,48,255,156,48,254,156,49,252,155,48,253,156,49,252,157,49,252,157,47,252,158,45,252,158,44,254,158,45,255,159,46,255,159,47,255,159,47,254,158,46,253,157,44,253,156,43,254,157,44,255,158,43,255,159,44,255,159,44,255,158,43,254,159,43,252,157,41,252,157,41,252,157,41,253,159,43,254,160,46,254,158,45,254,158,45,254,158,45,254,158,45,254,160,46,254,160,44,255,161,45,255,161,45,253,162,47,254,163,48,254,163,49,255,164,50,255,163,52,253,163,51,254,162,53,252,162,50,253,163,51,252,165,52,252,164,54,252,164,54,253,165,55,251,165,56,251,165,56,251,164,58,253,166,60,254,167,62,255,169,64,255,169,66,255,169,66,254,168,65,254,168,65,254,168,67,255,169,68,255,169,68,255,168,68,255,169,68,255,169,68,254,171,69,254,171,69,253,171,69,255,173,71,255,173,73,255,173,73,254,174,75,254,174,75,254,176,78,255,175,80,255,175,78,253,173,74,254,175,74,253,175,75,254,176,76,254,176,76,255,177,77,255,177,77,253,178,77,253,177,79,254,178,82,254,180,85,254,180,85,254,179,86,254,179,86,254,179,88,254,181,89,254,181,89,253,182,92,254,183,93,254,183,93,253,183,95,253,183,95,253,183,97,254,184,98,253,186,99,253,186,97,255,186,95,254,185,92,254,185,90,253,185,88,254,184,88,253,183,87,254,184,88,255,183,88,255,182,87,255,181,86,255,179,85,255,176,83,254,174,79,255,172,78,255,171,75,255,169,72,255,165,69,255,161,64,255,154,58,255,148,51,255,142,46,255,136,45,255,127,43,251,112,31,251,98,18,255,91,16,255,81,11,249,63,2,238,48,0,231,41,5,225,43,19,218,59,40,191,65,50,167,85,73,126,91,85,84,85,89,74,102,116,71,112,130,74,118,131,78,122,131,81,125,134,81,125,134,79,126,136,79,127,137,80,128,138,81,128,138,88,128,136,91,128,136,95,130,136,99,132,139,101,133,144,101,135,147,102,135,150
253,68,1,254,69,4,255,72,14,255,70,13,241,63,3,239,61,1,247,58,0,247,50,0,244,37,0,248,35,1,249,35,9,245,26,6,253,26,7,255,37,13,249,37,0,228,34,0,210,40,14,190,52,41,140,41,46,108,36,47,79,17,18,95,18,2,182,62,25,232,82,29,240,72,9,250,72,2,255,71,4,255,71,2,254,72,0,253,71,0,255,71,0,255,73,0,253,77,4,250,80,3,249,82,3,250,86,1,253,92,2,255,98,4,255,101,4,255,101,1,253,97,0,253,97,0,253,95,0,252,91,0,254,88,2,254,85,2,254,84,6,255,86,5,252,91,3,252,93,2,253,94,3,253,96,3,253,99,3,254,102,3,255,106,4,254,109,2,255,115,4,254,119,4,253,122,4,253,126,9,254,130,14,255,136,20,255,139,26,255,142,30,255,150,35,254,153,37,255,154,40,254,154,42,253,155,44,255,159,49,255,159,52,255,160,54,252,159,53,253,160,54,254,161,55,253,161,52,253,161,52,253,161,50,253,162,48,254,163,49,253,162,48,253,161,50,253,161,50,252,161,47,253,159,46,254,160,47,255,161,51,255,162,52,255,161,51,255,161,51,255,161,53,255,160,52,252,159,53,252,159,53,252,161,54,253,162,55,254,162,53,255,161,53,254,162,53,254,162,51,255,163,52,255,163,52,254,164,50,254,164,50,255,165,51,255,165,51,255,166,54,255,166,54,255,166,56,254,166,56,255,164,57,253,165,57,252,166,57,253,167,56,254,168,59,254,168,59,255,169,60,254,169,62,254,169,62,253,168,62,255,171,65,255,171,68,255,172,69,255,173,71,255,172,70,254,171,69,254,171,69,254,171,69,254,171,69,254,171,69,255,171,70,255,172,70,255,172,70,255,173,71,255,173,71,253,174,71,254,175,74,254,174,75,254,174,75,253,175,77,254,175,80,252,176,80,255,176,83,255,176,83,254,176,78,255,177,77,255,177,79,255,178,80,254,178,80,255,179,81,255,179,81,254,178,80,255,179,83,255,181,84,255,181,86,255,181,88,254,181,89,255,182,90,255,181,92,255,182,93,255,182,93,255,184,96,255,185,97,255,185,97,255,185,99,254,184,98,253,185,100,253,186,99,253,186,99,254,187,98,254,187,96,254,188,94,255,186,91,254,186,89,253,185,88,253,183,85,255,185,89,255,183,88,255,182,87,255,179,85,254,175,82,253,172,80,254,171,77,254,169,76,255,167,73,255,164,69,255,160,65,255,153,58,255,146,51,255,138,43,252,132,37,254,125,34,255,115,36,252,100,25,255,84,12,255,75,5,252,63,0,241,48,0,232,41,0,227,44,13,213,44,25,198,58,45,171,73,62,138,83,76,98,86,86,73,91,101,68,103,125,66,108,132,77,116,133,83,121,132,88,126,137,88,128,138,86,130,141,83,131,143,83,131,143,83,130,140,86,126,134,89,124,130,92,123,128,94,123,129,96,126,134,96,129,138,96,130,139
255,74,4,253,68,3,255,68,8,255,65,10,241,58,0,242,59,1,253,64,6,255,63,6,255,62,10,255,59,16,255,57,20,255,43,13,255,36,13,255,43,18,255,43,10,251,44,12,234,40,15,225,57,44,183,54,58,135,38,45,93,15,15,94,8,0,163,46,13,225,81,31,235,71,10,248,68,5,255,67,6,255,66,4,252,67,2,253,69,0,255,70,0,255,73,0,255,74,3,249,75,2,246,74,0,245,76,0,249,83,0,255,94,1,255,100,2,255,102,2,255,97,0,255,97,0,255,96,2,254,93,3,254,88,4,254,85,4,255,82,5,253,82,4,255,91,9,254,94,8,255,95,7,255,97,5,255,99,4,255,101,1,254,105,2,253,108,0,255,116,3,255,120,3,255,124,6,255,129,12,255,133,17,255,137,24,255,141,28,255,144,30,255,151,37,255,153,40,255,155,41,253,153,41,252,154,45,255,158,51,255,161,55,253,160,56,252,161,56,253,162,57,254,163,58,252,164,56,251,163,55,250,162,52,251,164,51,254,164,52,253,163,53,254,162,53,254,162,53,253,161,52,253,161,52,254,162,53,255,162,56,255,163,57,255,162,58,254,163,58,255,163,60,254,162,59,254,162,59,253,161,60,251,162,60,252,163,61,255,164,59,255,163,59,255,164,59,255,164,59,255,165,58,255,166,59,255,167,57,254,166,56,254,166,56,254,166,56,255,167,59,255,167,59,255,167,61,255,167,61,255,167,61,253,166,60,253,168,61,252,170,62,253,170,64,254,171,65,254,171,65,254,171,65,254,171,67,253,172,67,255,173,71,255,174,72,255,175,73,255,175,75,255,174,74,253,174,73,254,172,73,254,172,72,254,172,72,254,172,72,255,172,73,255,173,71,255,174,74,255,174,72,255,176,75,255,176,75,254,176,76,254,176,76,254,176,78,254,176,78,254,175,80,253,177,83,253,176,84,254,178,84,254,178,82,255,179,83,255,179,83,255,180,84,255,180,84,255,181,84,255,181,84,255,181,84,254,181,86,255,182,87,255,183,89,255,183,91,255,183,91,254,183,91,255,183,94,255,184,94,255,184,96,255,185,97,255,186,98,255,188,99,255,186,100,254,187,100,254,187,100,254,187,100,254,187,100,254,187,98,255,188,99,255,188,97,255,187,94,255,186,91,253,185,88,253,183,87,255,183,89,255,180,87,254,177,85,253,174,81,253,170,78,252,167,74,252,165,72,253,162,71,255,162,69,255,157,66,255,150,59,255,143,51,254,133,42,253,126,33,251,118,25,253,111,25,250,96,26,255,88,25,255,75,12,247,57,0,240,43,0,235,38,0,228,39,7,214,45,22,197,57,42,174,70,61,159,96,89,121,96,92,85,90,93,76,103,114,71,106,128,74,112,135,82,119,135,88,124,136,95,132,141,96,134,143,94,137,146,94,138,149,90,137,147,90,134,145,86,124,133,86,121,127,87,118,123,89,118,124,95,124,132,101,131,139,104,137,144
255,75,11,255,69,6,251,58,0,241,48,0,242,54,0,255,72,10,255,81,16,253,74,7,255,81,15,255,71,11,248,52,2,251,45,5,255,42,14,253,31,10,245,22,5,250,27,10,242,21,3,229,27,13,206,38,35,182,46,48,141,31,30,104,1,0,134,16,0,205,68,26,229,65,12,242,61,6,249,57,8,251,56,8,248,61,10,252,66,7,255,70,0,255,73,0,251,67,0,253,72,3,253,77,4,254,78,3,252,80,0,254,83,0,255,89,0,255,94,0,255,95,0,255,94,0,252,93,1,251,91,3,253,88,6,254,84,6,255,81,5,255,80,4,250,84,6,253,92,11,255,98,13,255,99,8,255,99,0,254,98,0,254,103,0,255,109,0,255,116,1,255,118,2,253,122,4,253,126,9,255,131,15,255,136,21,255,138,25,255,141,26,255,145,33,255,147,36,255,150,40,255,151,42,255,154,48,254,155,51,254,158,55,253,160,57,253,161,58,252,163,59,253,164,60,252,165,60,252,165,60,251,164,58,251,165,56,253,165,57,255,162,58,255,161,58,255,161,58,255,162,58,255,163,59,255,164,60,255,164,61,255,163,60,255,165,62,255,166,62,255,166,65,255,167,65,255,167,65,255,166,66,254,165,65,254,165,63,255,165,64,255,165,62,255,166,63,255,166,63,255,166,63,255,166,63,255,166,63,255,166,63,255,167,63,255,168,64,255,168,64,255,168,64,255,168,64,255,167,63,255,167,63,255,168,65,253,170,66,252,170,68,252,170,68,253,171,69,254,172,72,255,173,73,255,174,74,254,175,74,255,175,75,255,176,75,255,176,75,255,176,77,255,175,76,254,176,76,254,174,77,254,174,75,254,174,75,255,175,76,255,175,76,255,176,75,255,175,76,255,176,75,255,176,77,255,177,78,255,175,76,255,176,77,255,177,80,255,178,81,255,178,83,255,179,84,255,179,86,255,180,86,255,180,86,255,181,86,255,182,87,255,183,88,255,183,89,255,183,89,253,183,88,253,183,88,252,183,88,252,183,90,254,183,91,254,183,93,255,184,94,255,186,95,255,186,96,255,187,96,255,191,100,255,190,99,255,189,100,255,190,100,255,189,100,255,190,100,254,189,99,253,188,98,254,187,98,254,187,98,255,186,98,255,187,99,255,187,97,255,186,96,255,184,94,254,183,93,255,179,93,254,177,89,254,173,84,253,170,78,253,166,73,252,161,68,254,159,67,255,157,68,254,150,65,255,146,64,255,139,57,255,129,45,255,119,33,255,111,24,254,103,12,254,93,12,249,74,17,248,66,18,239,53,2,231,39,0,236,33,0,236,37,4,221,39,18,190,42,28,180,82,73,151,96,91,125,106,102,102,106,107,88,103,108,82,106,116,82,114,125,84,121,130,92,129,138,98,135,143,102,139,147,102,139,147,102,141,148,101,140,147,96,137,143,92,131,138,88,125,133,85,120,126,87,120,127,92,122,130,96,125,133,103,131,142,109,139,149
253,67,6,246,60,0,247,57,0,251,61,0,255,67,4,255,77,11,255,83,15,254,82,10,247,73,4,245,65,2,240,49,0,243,40,0,254,39,10,251,28,10,244,17,8,246,18,9,255,27,11,240,23,6,225,31,21,220,53,47,190,51,48,141,17,9,137,12,0,181,43,14,233,72,30,244,63,18,246,53,12,249,51,12,251,58,15,251,61,9,249,62,0,251,65,0,253,69,0,255,73,5,255,75,9,254,76,6,254,74,0,253,76,0,255,83,0,255,90,0,255,92,0,254,91,0,249,90,0,247,87,1,249,84,2,252,82,4,255,80,4,255,80,4,251,85,7,251,90,9,255,95,7,255,99,7,255,101,2,255,102,0,255,107,0,255,110,0,255,114,0,252,117,0,253,122,6,254,127,12,255,132,19,255,137,22,255,139,23,255,141,26,255,144,32,255,145,37,255,148,40,255,150,44,255,152,47,254,155,51,254,158,55,252,160,57,254,162,61,253,164,62,253,166,63,254,167,62,253,166,61,252,167,60,253,166,60,253,166,60,255,163,60,255,163,60,255,164,61,255,164,61,255,165,62,255,167,63,255,167,65,255,168,65,255,168,65,255,169,66,255,168,68,255,168,68,255,168,68,255,168,68,255,167,67,255,167,67,255,168,68,255,169,66,255,168,68,255,170,67,255,169,69,255,170,67,255,168,68,255,169,66,255,168,68,255,170,67,255,169,69,255,170,67,255,169,69,255,170,67,255,170,69,255,170,69,254,172,72,252,173,72,253,174,73,254,174,75,254,174,75,254,174,75,254,174,75,254,174,75,255,175,76,255,175,76,255,177,77,255,177,79,255,178,80,255,177,79,255,177,79,255,177,79,254,176,78,255,177,79,255,177,77,255,177,77,255,177,77,255,177,77,255,178,78,255,178,78,255,178,78,255,178,80,255,179,81,255,180,84,255,179,84,255,181,87,255,181,87,255,181,88,255,182,89,255,183,89,255,184,92,255,184,92,255,184,92,253,184,93,253,184,93,250,183,92,252,185,94,251,186,94,253,186,97,254,187,98,255,188,99,255,189,100,255,189,100,255,190,101,255,193,103,255,192,102,255,191,104,255,191,103,255,190,103,254,190,102,254,188,101,253,188,98,253,187,100,254,187,98,255,186,98,255,186,98,255,186,98,255,184,96,254,180,93,253,177,91,253,173,88,253,171,85,254,168,81,255,166,76,255,162,67,255,156,62,254,151,58,255,147,56,255,143,54,255,135,50,254,123,41,253,112,33,254,104,27,255,98,19,251,88,9,250,77,8,242,58,8,232,40,1,228,35,0,237,40,5,236,35,7,216,30,9,199,43,30,184,71,63,159,102,95,128,113,108,108,117,116,96,115,119,94,111,119,94,112,122,92,119,126,93,124,129,98,133,139,101,138,144,105,142,148,104,141,147,103,140,146,102,139,145,98,135,141,94,131,137,94,129,135,91,124,131,92,125,132,98,128,136,101,129,140,105,133,144,107,135,146
255,79,13,248,69,3,251,69,4,255,78,12,255,80,13,254,77,9,249,75,6,250,73,5,255,75,12,255,72,15,253,55,8,249,41,3,250,34,9,245,24,6,237,13,3,238,14,2,241,20,1,235,20,0,233,28,9,237,47,33,217,50,42,172,23,17,147,8,1,163,20,6,215,55,31,236,59,26,244,52,16,243,43,7,246,48,9,250,55,9,250,59,4,252,66,5,239,57,0,244,65,0,253,71,8,255,73,13,255,72,12,254,72,7,253,76,6,253,81,5,255,91,7,255,91,4,251,90,2,251,87,0,250,84,0,253,82,0,254,81,2,253,82,2,246,86,2,244,88,1,248,90,0,252,95,0,254,100,0,255,105,0,253,108,0,250,108,0,252,114,3,254,118,6,255,123,12,255,128,16,255,134,20,255,138,22,254,141,21,251,142,25,254,144,31,253,145,36,255,149,40,255,151,44,255,154,48,253,156,51,254,158,55,253,162,57,254,162,59,254,165,61,255,166,62,255,167,61,255,167,61,254,168,59,255,167,59,254,168,59,254,167,61,254,167,62,254,167,62,254,169,63,255,170,64,254,171,65,254,171,67,254,173,68,253,172,67,251,172,67,254,172,70,254,172,70,255,173,71,254,172,70,254,172,72,253,171,71,254,172,72,254,172,70,255,173,73,255,173,71,255,173,73,254,172,70,254,172,72,254,172,70,254,172,72,252,173,70,255,173,73,253,174,71,255,173,73,253,174,71,253,174,73,253,174,73,254,175,74,254,176,76,255,177,77,255,178,80,255,178,80,255,178,80,255,177,79,254,176,78,255,177,79,255,177,79,255,178,80,255,177,82,255,178,83,255,178,83,255,178,83,255,179,83,253,177,79,253,179,80,254,181,79,255,182,80,253,181,79,253,181,79,253,181,81,254,182,82,253,181,81,254,182,84,254,182,84,253,183,87,255,183,88,254,184,89,255,185,90,255,184,92,255,185,93,255,186,93,254,185,94,252,185,94,252,185,94,251,186,96,250,185,95,249,185,95,253,189,101,253,189,101,253,189,101,254,190,102,254,190,103,255,191,104,255,190,104,255,190,104,255,192,105,255,192,105,255,192,105,254,192,105,255,192,105,253,191,104,254,190,103,252,188,100,254,190,103,254,188,101,255,188,101,255,186,100,255,185,97,255,181,94,252,176,90,252,172,87,253,169,83,255,167,80,254,162,75,254,159,69,254,154,60,255,148,50,254,142,42,255,137,35,255,132,30,255,122,25,252,108,19,249,96,16,249,88,16,247,79,16,239,66,10,231,54,4,220,38,0,220,31,0,231,31,0,236,34,10,219,27,12,191,30,20,178,67,58,175,115,105,136,123,114,114,127,120,104,122,122,103,118,125,106,114,125,107,115,126,102,121,128,98,126,130,98,131,136,104,139,145,110,145,151,110,145,151,109,144,150,110,145,151,108,143,149,105,140,146,101,134,141,94,127,134,94,124,132,97,126,134,101,130,138,110,137,146,115,142,151
243,64,0,250,73,6,255,85,17,255,87,18,248,74,5,242,68,0,252,75,8,255,83,20,255,75,18,255,73,22,255,53,13,241,32,0,239,23,0,238,19,0,240,18,5,246,26,10,238,22,0,241,27,0,241,27,1,235,30,9,221,33,21,197,26,18,170,13,8,161,7,0,196,30,14,233,54,31,249,58,29,243,44,11,238,42,4,243,47,5,245,53,6,247,60,5,249,69,10,251,71,12,254,69,13,254,67,14,253,66,13,253,68,12,252,74,12,252,81,12,250,84,8,251,86,6,251,85,1,251,82,0,251,80,0,251,80,0,251,80,0,249,80,0,244,82,0,243,83,0,246,85,0,250,90,0,253,95,0,254,101,0,251,104,0,247,106,0,254,116,9,255,117,10,255,121,13,255,123,15,255,128,15,254,133,18,251,138,18,250,141,22,251,143,32,252,146,37,254,149,42,254,152,44,255,154,48,254,157,52,255,159,56,253,161,58,254,162,59,253,164,60,254,165,61,255,167,61,255,167,61,255,167,59,255,167,59,254,168,59,252,169,63,251,170,63,252,171,64,253,172,65,251,173,65,251,172,67,252,173,68,252,175,69,252,175,69,250,176,71,253,176,72,253,176,72,253,176,72,253,175,74,254,175,74,252,174,73,253,175,75,253,175,75,253,175,75,251,176,75,251,176,75,251,176,75,251,176,75,251,176,75,250,175,74,251,176,75,251,176,75,252,177,76,252,177,76,252,177,76,251,178,76,252,177,76,253,178,77,254,178,80,255,179,81,255,179,81,255,180,82,255,179,81,255,178,83,255,179,81,255,178,83,255,179,83,255,178,83,255,179,83,255,178,83,255,179,83,255,178,83,255,179,83,253,181,83,254,182,82,255,184,84,254,185,82,254,185,84,253,184,83,253,184,83,252,184,85,252,184,85,252,184,87,253,185,88,252,186,90,254,185,92,253,187,93,253,186,95,253,186,95,255,185,97,253,186,97,253,186,97,251,186,96,251,185,98,251,187,99,251,187,100,251,187,100,252,190,103,252,190,105,252,190,105,252,190,105,252,190,105,252,190,105,254,189,107,254,189,107,254,189,107,254,189,107,253,191,108,254,192,107,254,192,107,254,192,107,253,191,104,253,189,102,253,189,102,254,187,100,255,186,100,255,183,96,255,180,94,254,177,89,251,171,86,253,167,82,255,163,76,255,159,70,253,152,62,251,146,54,253,140,46,253,135,39,255,129,29,255,124,25,255,115,17,255,106,12,250,94,9,246,83,8,243,71,9,234,57,7,225,42,2,218,32,0,216,30,0,226,38,1,229,33,9,211,25,10,193,31,26,186,64,61,173,108,104,156,137,130,121,138,130,106,137,132,104,128,130,106,120,129,111,115,127,112,116,127,107,122,129,104,127,133,104,135,140,109,144,150,117,150,157,117,152,158,118,151,158,118,153,159,119,152,159,117,150,157,107,140,147,99,129,137,95,124,132,97,124,133,103,130,139,116,141,148,124,148,158
246,64,1,252,73,7,255,80,12,250,76,7,243,69,0,247,72,5,254,74,11,253,69,9,252,61,9,255,63,18,255,52,17,250,41,11,250,39,12,246,34,12,240,25,4,240,24,1,255,41,12,255,40,7,251,30,1,240,24,0,233,30,13,224,34,22,200,23,15,182,10,0,193,16,0,219,35,11,235,46,17,237,44,13,237,47,13,240,51,13,244,53,8,246,59,8,242,57,10,243,58,12,249,58,13,255,60,16,255,62,14,255,67,15,252,72,11,249,76,8,248,80,7,250,83,5,253,82,4,251,78,1,249,76,0,250,77,0,249,80,0,248,79,0,247,77,0,249,78,0,254,79,0,255,83,0,255,87,0,255,94,0,254,102,3,251,105,2,254,111,7,255,112,8,255,111,8,255,113,8,254,118,8,254,124,12,252,133,15,250,139,21,250,142,33,250,145,38,253,148,43,254,153,49,254,155,53,255,157,56,255,160,58,254,162,61,255,163,62,254,165,63,255,166,64,255,167,65,255,167,65,255,167,63,255,167,63,255,169,64,253,172,65,252,173,68,252,175,69,252,175,69,251,174,68,249,175,70,250,176,71,251,177,72,251,177,72,251,178,75,252,177,75,253,178,76,253,178,76,252,177,76,254,176,76,252,177,76,252,176,78,252,176,78,252,176,78,252,178,79,252,178,79,252,178,79,251,177,78,251,177,78,251,177,78,251,177,78,251,179,79,251,179,79,252,180,80,252,180,80,252,180,80,252,180,80,254,180,81,254,180,83,255,179,83,254,180,83,255,180,84,255,181,84,255,181,87,255,182,85,255,181,87,255,182,87,255,180,86,255,181,86,255,179,85,254,180,85,254,178,84,253,179,84,254,182,84,253,183,85,254,184,86,254,186,85,253,185,86,253,185,86,252,184,85,250,184,87,251,185,88,251,185,89,252,186,92,252,187,93,253,186,95,253,188,96,253,188,98,253,188,98,254,187,100,254,187,100,254,186,101,254,188,102,254,188,102,253,189,102,254,189,105,252,190,105,252,190,105,252,190,107,252,190,107,252,190,107,252,190,107,252,190,107,252,189,109,252,189,109,252,189,109,252,189,109,253,190,110,254,192,109,253,192,109,254,192,107,252,190,103,253,189,102,252,185,98,254,184,98,255,180,94,255,178,91,255,174,88,255,169,82,253,164,80,254,160,73,253,152,60,255,146,53,254,139,46,252,132,37,254,125,31,255,119,25,255,112,20,255,106,19,252,97,15,249,87,12,243,74,9,236,60,3,230,45,0,226,34,0,224,27,0,222,24,0,226,33,0,218,34,6,203,28,11,184,33,26,180,68,67,181,115,117,159,141,141,127,143,142,114,148,147,106,144,145,109,134,139,112,126,135,112,120,131,111,120,129,112,127,134,111,135,139,117,146,152,122,155,162,131,161,169,129,162,169,129,159,167,127,160,167,126,156,164,123,153,161,116,147,152,108,137,143,103,132,138,104,131,138,110,135,142,118,141,147,122,145,153
255,74,18,255,75,16,255,73,10,246,67,1,245,68,1,253,74,8,249,66,6,233,47,0,230,35,0,235,38,0,237,35,0,242,38,5,255,52,21,255,56,25,255,49,19,255,46,16,252,37,8,254,35,5,255,31,3,253,32,5,246,34,13,238,35,18,230,37,20,223,36,17,224,35,15,211,27,3,205,26,4,209,37,17,208,45,26,205,49,26,209,54,24,215,58,25,217,58,26,220,57,24,229,56,22,236,58,20,243,60,16,245,64,11,245,67,5,244,69,2,251,77,8,254,79,12,255,77,15,250,72,10,244,70,7,241,72,5,238,74,3,237,73,2,243,71,5,246,71,4,254,73,4,255,75,2,255,79,2,255,87,2,255,94,3,253,100,4,253,105,5,254,106,6,255,107,5,255,108,5,255,114,6,255,121,9,255,132,14,255,138,24,251,140,33,249,143,41,253,147,45,254,151,50,254,155,54,255,158,59,255,161,61,255,162,64,255,164,65,255,165,68,255,167,70,255,169,71,255,169,69,255,169,69,255,169,69,255,171,70,255,174,72,254,177,73,255,178,74,253,179,74,251,177,72,251,176,74,252,177,75,252,179,76,252,179,77,252,179,77,253,180,78,254,179,78,254,179,78,253,177,79,253,177,79,252,176,78,252,176,80,252,178,81,252,178,83,253,179,82,253,179,84,252,180,82,253,179,84,252,180,82,252,179,84,252,180,82,253,180,85,251,181,83,251,181,85,251,181,83,251,181,85,251,181,83,254,181,86,253,181,83,253,180,85,254,181,86,254,181,86,255,182,87,255,183,88,255,184,89,255,184,89,255,183,88,255,182,87,255,182,87,254,181,87,253,180,86,253,180,86,253,180,86,255,182,87,253,183,87,254,184,88,254,186,89,253,185,88,252,184,87,252,183,88,251,185,89,252,186,92,251,186,92,252,187,95,253,188,98,254,188,101,254,188,101,254,188,102,254,188,102,255,188,105,255,189,106,255,190,106,255,191,107,255,191,109,255,192,110,255,192,110,255,193,110,252,190,107,252,190,107,255,190,108,255,190,108,255,190,108,255,190,108,255,190,108,255,191,109,255,191,111,255,191,111,255,190,108,255,190,108,252,190,105,253,189,102,252,186,99,253,183,97,255,182,95,255,180,92,255,175,87,255,171,84,255,166,79,255,160,75,255,155,70,255,150,64,252,137,44,255,132,38,255,125,31,255,118,27,255,110,22,255,101,19,253,91,16,249,85,14,243,75,13,235,64,10,225,49,2,218,35,0,217,24,0,220,21,0,228,23,0,230,28,4,219,30,8,194,27,9,179,37,27,176,68,65,171,109,112,157,137,139,133,147,150,114,148,150,109,148,153,108,143,149,112,136,146,114,131,141,113,126,135,110,125,132,113,132,138,117,141,145,127,154,161,132,162,170,139,168,176,139,169,177,138,167,175,137,167,175,135,164,172,132,161,167,128,157,163,118,145,152,109,136,143,108,133,138,109,132,138,117,140,146,125,145,152
253,55,8,255,62,12,255,70,15,255,66,8,244,58,0,245,59,0,251,62,4,252,61,7,255,61,15,252,57,13,237,41,1,227,31,0,233,34,0,237,35,0,241,35,0,249,41,5,241,27,1,247,28,6,253,33,9,253,33,7,243,29,3,242,32,7,247,42,15,250,49,21,236,41,13,214,34,11,204,46,35,204,68,68,194,83,89,193,98,104,202,114,113,208,117,112,210,106,95,216,99,82,216,87,65,215,74,44,219,66,22,228,65,8,239,67,1,248,69,2,245,61,0,252,66,15,255,72,32,251,71,38,245,73,37,238,75,34,231,75,24,227,72,18,236,71,23,241,69,21,249,67,17,254,67,12,255,70,7,255,78,4,255,84,2,251,92,0,252,98,2,253,101,2,255,102,2,255,107,4,255,111,5,255,118,8,255,128,12,255,134,22,252,136,33,249,139,41,252,144,45,255,148,50,255,153,53,255,156,58,255,159,62,255,161,65,255,164,68,255,166,70,255,168,71,255,169,72,255,171,75,255,171,75,255,171,75,255,172,74,255,174,75,255,177,76,255,178,77,255,178,77,254,176,75,254,176,76,255,177,77,255,180,79,255,179,81,255,179,81,255,180,82,255,180,82,255,179,81,255,177,82,255,177,82,255,176,83,255,176,83,253,177,83,254,177,85,255,179,85,255,178,86,255,181,86,255,179,87,255,181,86,255,181,88,255,182,87,255,181,88,255,182,87,255,182,88,255,182,87,255,182,88,253,183,87,251,182,87,252,184,87,252,183,88,252,183,88,253,184,89,253,184,89,254,184,89,254,184,89,254,184,89,254,184,89,254,184,89,253,183,88,253,182,90,254,183,91,254,183,91,254,183,91,255,184,90,255,185,91,255,185,91,255,186,91,255,185,90,254,185,90,255,186,93,253,187,93,254,187,96,254,187,98,255,188,101,255,188,103,255,188,105,255,189,106,255,189,108,255,189,108,255,188,110,255,188,110,255,190,111,255,191,110,255,191,112,255,192,110,255,192,110,255,192,110,255,190,106,255,190,106,255,190,106,255,190,106,255,190,106,255,190,106,255,190,104,255,190,104,255,189,105,254,188,104,253,187,101,252,186,100,252,185,98,252,182,94,251,180,90,253,176,88,255,176,87,255,171,82,255,165,77,255,158,73,255,151,66,255,144,60,255,138,56,255,133,49,254,123,32,255,117,24,255,107,19,255,97,15,254,86,13,249,75,12,242,65,11,237,56,11,228,48,11,218,37,6,208,26,2,209,20,0,217,21,0,224,22,0,233,22,1,228,27,9,200,28,18,179,42,36,166,71,67,161,107,105,142,130,132,121,136,139,111,140,146,114,147,156,110,138,149,111,135,147,111,133,146,114,134,145,112,132,143,108,131,139,112,137,141,120,145,150,131,158,165,136,165,173,142,169,178,142,171,179,144,171,180,145,174,182,145,172,179,141,168,175,136,163,170,126,151,156,114,139,144,108,132,136,108,132,136,119,140,145,131,150,156
255,55,14,248,47,3,246,48,1,251,55,3,251,58,3,248,58,0,251,60,5,253,62,8,250,58,9,255,66,19,255,65,20,249,58,13,245,50,4,236,38,0,234,32,0,244,37,0,251,39,15,254,39,21,252,36,15,242,26,1,238,22,0,245,31,5,251,37,9,243,35,7,232,32,6,225,48,30,224,81,77,208,99,105,173,96,114,160,107,125,161,119,133,155,112,121,175,116,120,190,116,115,203,116,109,210,107,88,217,93,59,223,78,31,232,67,9,238,62,3,238,53,6,249,65,31,255,81,64,254,91,84,248,100,90,240,105,86,229,106,73,223,99,63,218,83,51,226,77,45,236,72,37,245,69,28,254,70,20,255,73,11,255,80,7,253,84,1,249,88,0,251,94,0,255,98,0,255,103,2,255,107,2,255,112,6,255,119,8,255,124,16,254,133,29,253,137,38,255,141,44,255,146,48,255,151,53,255,154,55,255,157,59,255,160,63,255,163,67,255,165,68,255,168,71,255,169,74,254,170,74,253,170,76,254,171,77,254,171,75,255,172,76,255,175,76,255,175,79,255,176,77,255,175,78,254,176,78,255,177,79,255,178,83,255,181,85,255,181,85,255,180,85,255,180,85,255,179,86,255,178,85,255,177,84,255,177,84,255,176,84,255,177,85,255,178,86,255,179,87,255,180,88,255,180,88,255,181,89,255,182,89,255,182,89,255,183,90,255,183,90,255,184,90,255,184,90,255,183,89,255,183,89,254,184,89,252,183,88,250,184,88,251,185,89,252,186,90,252,186,90,251,185,89,250,184,88,250,184,88,253,184,89,251,185,89,253,184,91,251,185,91,254,185,92,253,187,93,255,187,94,255,188,95,255,187,97,255,188,98,255,188,98,255,187,97,255,188,97,255,188,97,255,188,97,255,189,100,255,188,99,254,188,101,255,188,103,255,189,106,255,189,108,255,190,109,255,189,111,255,189,111,255,188,110,255,189,111,255,190,111,255,192,112,255,191,112,255,191,109,255,190,108,255,190,106,255,192,106,255,192,106,255,191,104,255,190,103,255,189,100,255,187,99,255,186,98,255,185,97,255,184,96,255,182,95,255,181,94,253,179,90,253,178,87,253,176,84,255,172,82,255,170,80,255,164,74,255,159,71,255,151,64,255,143,58,255,134,52,255,126,44,254,118,40,255,114,34,255,111,27,255,102,19,252,89,12,248,75,9,245,61,7,238,50,5,232,39,6,226,32,5,219,27,6,209,18,0,204,14,0,210,20,6,224,28,14,229,29,16,226,23,9,207,23,13,183,39,39,170,69,73,158,103,106,138,124,124,115,133,135,103,137,139,106,137,142,108,137,145,110,133,141,111,131,142,112,132,143,113,135,148,113,137,149,112,136,146,114,142,146,120,148,152,136,163,170,140,167,176,143,170,179,143,170,179,145,172,181,148,175,182,148,175,182,145,173,177,137,162,167,127,152,157,120,144,148,114,138,142,115,136,141,121,142,147,131,150,156
245,41,6,255,58,21,251,50,8,247,46,0,252,55,3,252,57,3,255,62,7,252,61,6,247,57,5,241,54,1,244,57,6,251,61,11,253,59,8,251,54,2,252,48,0,249,44,1,255,54,31,255,48,32,245,33,12,234,19,0,234,19,0,244,29,8,248,33,13,239,30,10,243,46,29,242,70,58,225,89,89,182,85,94,125,69,82,88,57,72,75,59,69,76,65,73,93,71,84,104,70,86,116,70,81,142,74,75,175,79,65,202,77,49,223,70,29,238,66,26,239,61,31,237,65,51,228,77,84,216,89,106,196,95,109,176,96,99,167,99,86,171,103,82,185,99,82,202,96,80,214,85,64,220,70,45,232,62,26,244,67,17,251,71,10,252,76,1,249,79,0,250,85,0,254,91,0,255,97,0,255,101,1,255,106,4,255,112,8,254,117,13,253,124,22,253,130,27,255,135,34,255,140,38,255,143,42,255,146,46,255,149,50,254,152,52,255,157,58,253,159,59,252,163,63,252,166,67,252,168,70,252,169,73,251,171,74,253,170,74,254,171,75,255,172,76,255,172,78,254,174,77,254,174,79,255,176,81,255,177,82,255,179,86,255,179,85,255,180,86,255,180,86,255,181,87,255,179,87,255,178,86,254,177,85,253,176,84,253,176,86,255,178,88,255,180,90,255,182,92,255,183,92,255,183,92,255,183,92,255,183,91,255,185,93,255,185,93,255,185,93,255,185,93,255,185,93,255,184,92,255,184,92,254,185,92,251,185,89,250,186,89,250,186,89,250,186,89,249,184,90,249,184,90,249,184,90,249,184,90,251,185,91,251,186,92,253,187,93,253,188,94,255,189,95,253,188,94,254,187,96,254,187,96,255,188,99,255,187,99,255,188,99,255,188,99,254,187,98,254,189,99,254,189,99,254,188,101,255,190,103,255,191,104,255,190,106,255,190,109,255,190,109,255,190,111,255,189,112,255,189,111,255,189,111,255,190,112,255,192,112,255,192,112,255,191,109,255,190,108,255,191,104,255,191,103,255,190,100,255,190,100,255,189,98,255,188,95,255,187,92,255,185,89,255,183,88,255,182,87,255,177,85,255,175,85,255,174,84,255,172,81,255,168,78,255,164,73,255,158,67,255,155,63,255,147,58,255,140,53,255,130,45,255,121,39,255,114,35,255,108,31,255,102,28,255,96,24,249,85,14,246,77,12,241,64,10,236,51,7,231,36,6,223,23,0,221,16,0,219,13,0,215,12,0,214,12,0,212,15,0,217,25,12,218,27,17,218,31,24,206,21,19,194,38,41,181,77,86,164,108,117,122,105,113,105,116,120,99,128,132,90,124,126,107,132,136,106,127,130,104,125,128,104,125,130,107,130,138,112,134,147,116,135,149,115,137,150,118,145,152,124,153,157,130,157,164,137,161,171,142,167,174,144,169,176,150,175,182,156,181,188,156,181,188,150,175,180,142,165,171,132,156,160,127,148,153,124,145,150,121,140,144,122,141,145,127,145,149
244,46,11,252,52,16,249,47,7,248,47,3,255,56,7,255,61,9,255,63,8,250,61,5,248,62,5,250,65,8,244,57,2,241,52,0,249,55,4,255,60,8,255,62,10,255,63,21,253,54,25,251,51,28,246,40,16,240,31,8,248,35,17,255,45,30,255,38,24,236,22,11,232,32,19,219,46,39,182,52,54,128,41,49,72,28,41,41,25,36,30,29,34,28,33,37,40,39,55,42,34,55,42,25,44,58,22,36,104,38,40,156,58,47,200,65,45,220,66,42,233,73,59,223,75,75,194,73,92,155,61,88,113,49,76,88,43,63,82,50,53,86,55,50,101,60,54,134,74,66,172,82,73,202,82,66,223,73,48,232,62,26,240,58,10,248,62,1,251,67,0,253,72,0,253,78,0,254,84,0,253,89,0,254,95,4,254,99,7,253,104,10,252,112,14,254,118,18,255,123,22,255,128,27,255,132,30,255,136,35,255,141,38,255,144,42,255,150,48,255,153,52,253,157,55,253,161,60,253,164,64,253,167,66,254,168,69,255,168,71,255,168,73,255,169,76,255,170,77,255,171,78,255,172,78,254,174,79,255,174,82,255,176,83,255,177,84,254,178,84,255,178,86,255,178,86,255,178,86,254,177,85,253,176,84,253,176,84,254,177,85,254,179,86,255,180,90,255,182,89,255,182,91,255,182,88,255,182,90,255,182,88,255,183,91,254,184,89,255,184,92,255,186,91,255,185,93,254,185,90,254,185,92,253,184,89,250,184,88,251,185,89,252,186,90,250,186,89,251,185,91,250,185,91,251,185,91,251,186,92,251,185,91,251,186,92,251,186,92,252,187,93,252,187,93,252,187,93,252,187,95,252,187,95,253,187,100,253,187,100,252,188,100,252,188,100,252,188,100,253,189,101,253,189,101,253,189,101,254,190,102,254,190,103,255,190,106,255,190,106,255,189,108,255,188,107,255,187,109,255,186,108,254,189,109,254,189,109,254,189,107,253,188,106,252,187,103,252,186,100,252,186,99,253,186,95,255,188,97,255,187,92,255,184,90,255,182,85,255,179,83,255,177,79,253,175,75,255,171,75,255,167,76,255,163,74,255,160,71,255,158,67,255,154,65,255,149,59,255,141,53,255,135,48,255,126,42,254,117,36,252,107,28,251,97,23,251,90,18,248,81,13,243,71,5,238,64,3,235,58,4,232,49,5,226,39,4,222,28,3,216,16,1,213,6,0,213,0,0,215,0,0,219,2,0,217,5,0,221,18,3,224,31,16,205,23,10,193,22,12,186,24,19,158,30,29,155,80,87,141,111,121,99,106,112,77,106,110,86,121,125,91,125,127,104,126,124,104,123,121,102,124,121,98,123,120,100,123,129,109,129,140,116,132,148,118,137,151,119,146,153,124,155,158,133,160,167,140,165,172,145,170,177,148,173,180,155,180,187,161,186,191,160,185,190,153,178,183,148,172,176,139,163,167,135,156,161,131,152,157,126,145,149,124,143,147,127,145,149
252,65,24,242,53,11,240,44,2,237,40,0,242,46,0,252,58,5,251,62,4,247,63,1,246,62,0,251,67,7,249,58,3,246,52,0,252,57,11,252,60,15,244,55,13,245,56,16,240,49,7,243,49,11,241,44,10,237,36,10,238,31,13,245,29,18,247,20,13,236,13,5,228,20,10,203,26,20,150,24,27,91,11,20,44,8,18,27,17,25,25,27,26,20,29,26,21,30,37,24,32,45,21,24,43,25,14,31,53,15,28,96,30,34,152,49,44,188,65,57,204,77,71,187,70,76,144,55,75,94,30,57,52,13,42,35,11,35,35,17,31,35,22,29,38,32,36,60,42,42,99,48,45,146,59,52,195,67,54,221,61,39,233,48,17,247,48,7,255,52,1,255,55,0,255,60,0,254,67,0,254,74,0,253,80,4,255,84,10,254,89,9,253,98,8,253,103,8,255,108,12,255,113,16,255,117,19,255,123,22,255,128,26,255,133,30,253,136,31,252,139,35,251,144,40,252,149,46,251,152,48,253,156,53,254,158,56,253,159,59,255,163,67,255,164,71,255,166,72,255,167,73,255,169,74,254,170,74,254,171,77,253,173,78,253,174,79,254,175,80,252,176,82,253,177,83,252,178,83,252,178,83,252,178,83,252,178,83,254,180,85,254,181,86,255,181,88,255,183,88,255,182,88,253,183,87,252,182,87,253,183,87,253,183,88,253,185,88,254,185,90,253,187,90,255,186,91,253,187,90,252,186,90,252,186,90,253,184,89,254,185,90,255,186,91,253,187,91,255,186,91,253,187,91,255,187,92,255,189,93,255,187,94,254,188,94,254,188,94,254,188,94,254,188,94,254,188,94,254,188,94,253,188,96,254,190,102,252,190,103,252,191,102,252,191,102,252,191,102,253,192,103,253,192,101,253,192,101,253,192,101,255,191,103,255,191,103,255,191,105,255,189,104,255,188,103,255,186,104,255,185,103,254,186,103,252,186,102,251,185,99,252,184,99,251,184,97,252,182,94,252,181,91,254,181,87,254,179,86,255,177,82,254,174,79,254,172,73,254,167,70,253,165,67,251,162,62,255,158,63,255,152,64,255,147,61,255,142,57,255,138,55,255,135,53,255,128,45,252,117,36,249,108,29,248,98,22,244,87,16,238,75,6,235,66,1,238,62,2,242,59,2,240,55,1,237,49,3,232,44,9,225,35,11,217,24,6,211,15,3,208,7,0,209,1,0,215,0,0,223,0,0,231,4,0,229,7,0,224,13,0,209,14,0,197,27,4,213,63,38,215,85,59,149,50,31,123,65,61,119,99,101,92,107,110,70,104,106,78,118,118,90,126,124,100,123,117,108,128,119,105,128,118,99,124,118,101,122,127,109,125,138,119,130,148,121,137,152,120,147,154,123,154,157,134,162,166,142,167,172,147,172,177,151,176,181,156,184,188,163,191,195,163,188,193,156,181,185,153,177,181,146,170,174,144,165,168,138,159,162,130,149,153,126,145,149,127,145,149
247,70,20,229,47,0,231,43,0,232,40,0,238,44,0,251,62,7,252,69,9,252,73,7,244,62,0,249,63,2,255,62,7,253,58,10,242,53,13,234,51,17,227,58,27,225,65,33,225,66,34,220,63,32,216,58,33,215,50,31,214,36,26,215,22,15,229,16,10,237,19,10,242,31,20,216,35,26,157,27,29,93,12,19,47,11,21,31,24,32,31,31,31,24,30,28,20,25,28,23,30,38,25,33,46,30,29,45,36,18,34,55,13,23,107,35,38,157,67,66,160,66,66,134,52,56,91,33,47,55,18,36,35,16,38,29,20,41,30,21,38,25,23,36,16,29,38,22,27,33,42,17,20,84,24,23,151,46,40,197,53,42,223,43,26,238,36,12,251,38,8,255,39,2,251,43,0,251,49,0,251,58,3,252,63,7,255,67,11,253,71,8,253,80,4,252,86,2,255,91,6,255,96,8,255,101,11,255,105,14,255,112,16,255,115,18,255,122,23,255,127,28,255,132,32,255,137,37,255,141,40,255,144,42,255,148,47,255,150,51,255,152,57,255,155,61,255,157,64,255,159,65,255,161,67,255,162,67,255,164,71,254,165,71,255,168,73,253,169,73,252,169,75,251,171,76,252,172,77,252,173,78,252,173,78,253,174,79,254,178,82,255,179,83,255,180,84,255,181,84,254,180,83,254,180,83,254,180,83,253,181,83,254,182,84,253,183,85,253,183,85,252,184,85,253,183,85,252,184,85,252,184,85,252,184,87,255,183,88,255,183,89,255,184,90,255,185,90,255,184,90,255,186,91,255,186,91,255,187,92,255,188,96,255,187,95,255,187,94,255,187,94,255,187,94,255,188,95,255,188,95,255,189,98,255,190,103,255,191,103,255,191,103,255,191,101,255,191,101,255,191,101,254,191,98,254,191,98,252,187,95,253,186,95,255,187,96,255,186,96,255,184,97,255,182,95,255,179,94,255,178,93,255,179,93,254,178,92,254,178,90,254,177,89,255,175,86,255,174,83,255,171,81,255,169,79,255,166,75,255,164,71,255,160,66,255,155,63,255,153,60,255,150,56,255,146,53,255,142,53,255,133,52,255,127,50,255,119,44,254,114,39,253,107,34,249,98,27,241,87,17,239,78,10,233,65,2,231,57,0,227,47,0,227,43,0,231,40,0,233,40,0,235,39,0,234,37,5,224,27,8,215,19,7,206,9,1,201,4,0,204,2,0,209,1,1,219,1,2,225,1,0,235,8,2,234,12,0,218,9,0,204,17,0,219,60,20,253,121,73,255,154,101,191,108,64,116,61,40,107,84,76,101,112,106,85,117,114,83,122,121,92,128,126,100,127,122,116,139,129,111,137,126,110,133,127,110,128,132,116,128,142,123,130,149,123,136,152,118,147,151,119,153,154,135,163,166,145,170,175,152,177,182,156,181,186,160,188,192,165,193,196,166,191,195,161,186,190,159,183,187,153,177,181,149,170,173,141,162,165,132,151,155,128,147,151,130,148,152
241,71,9,228,54,0,245,60,4,250,61,6,245,58,3,253,68,11,249,71,7,246,69,2,249,67,2,249,61,0,255,60,8,246,53,12,226,45,14,227,65,42,232,95,76,220,104,91,213,114,108,201,112,108,201,109,110,211,108,111,221,98,103,223,74,76,224,41,37,221,19,7,241,36,19,222,39,23,169,31,28,105,14,19,54,10,23,33,19,32,28,25,32,25,23,26,34,24,25,33,22,26,27,24,31,29,26,35,32,22,31,40,17,25,73,28,33,108,52,53,114,56,55,87,39,37,53,23,25,35,20,23,29,26,33,29,29,39,28,25,36,21,23,35,15,29,40,20,30,39,31,22,27,57,17,18,109,28,25,161,38,33,197,32,26,221,24,16,238,22,11,242,21,5,242,23,1,240,29,0,241,37,4,244,42,6,249,45,10,248,49,7,250,59,5,249,65,3,254,70,6,255,77,10,255,82,11,255,87,12,255,92,14,255,97,15,255,103,17,255,108,20,255,113,24,255,118,27,255,122,30,255,126,32,255,129,35,255,133,40,255,137,44,255,140,47,255,143,52,255,147,55,255,149,56,255,152,58,255,155,62,255,157,63,255,158,64,255,159,64,255,160,66,255,162,67,255,165,69,255,167,70,255,168,71,255,169,72,255,172,76,255,173,77,255,174,78,255,174,78,255,174,78,255,175,78,255,176,79,255,177,79,255,178,80,254,178,80,253,177,79,252,178,79,253,177,79,253,179,80,253,179,80,255,179,81,255,180,86,255,179,86,255,180,87,255,181,87,255,180,87,255,181,87,255,181,87,255,182,88,255,184,91,255,184,91,255,184,90,255,184,90,255,184,90,255,185,91,255,187,92,255,187,95,255,187,99,255,187,99,255,187,99,255,187,96,255,186,95,255,186,93,255,185,90,254,184,89,253,180,85,254,180,85,255,177,84,255,176,84,255,173,83,255,172,82,255,168,80,255,167,79,255,169,80,255,168,80,255,167,79,255,165,78,255,162,74,255,159,71,255,154,67,255,151,63,255,148,62,255,144,57,255,138,53,255,134,50,255,129,47,255,126,43,255,121,39,255,116,37,255,106,37,254,99,33,249,90,25,243,81,17,237,71,9,235,65,6,233,58,3,233,53,2,236,50,3,237,48,6,240,46,10,239,42,8,234,35,6,228,27,1,221,19,0,218,15,0,210,8,0,203,1,0,199,0,0,200,0,0,206,2,1,212,4,4,217,3,3,221,4,0,219,1,0,222,11,0,221,24,0,236,61,14,253,108,45,255,133,58,255,166,80,244,162,86,169,103,55,131,92,63,119,114,95,105,125,116,91,125,124,96,134,135,104,136,133,116,143,138,115,141,132,117,138,133,120,135,140,123,133,145,123,132,149,120,136,149,117,147,147,119,154,150,138,168,170,149,177,180,158,186,189,160,188,191,163,191,194,168,196,197,169,197,198,166,194,195,164,190,191,157,183,184,151,175,177,141,165,167,134,155,158,132,153,156,137,156,160
242,74,3,239,66,0,255,74,12,255,76,17,253,68,11,250,70,9,246,73,7,241,68,0,251,69,3,249,59,0,251,53,6,244,52,16,233,64,43,239,99,86,219,115,106,173,97,97,113,59,72,112,68,85,119,75,88,137,83,96,169,96,107,203,100,104,225,83,81,230,62,51,224,39,21,218,43,26,180,37,29,123,20,21,68,11,20,43,15,27,36,23,33,33,26,33,36,24,28,39,29,30,31,31,31,24,28,29,26,27,29,30,24,26,43,20,26,55,24,29,74,42,45,57,31,30,37,23,20,27,26,21,25,30,26,23,29,29,26,27,32,25,28,37,17,27,39,22,30,41,30,28,33,44,20,20,79,19,18,128,28,28,172,26,27,195,15,18,216,10,14,225,7,6,224,9,4,226,14,2,226,19,3,232,23,3,237,25,4,239,29,4,242,38,3,243,44,3,249,50,8,252,57,9,254,63,11,255,69,12,255,74,11,255,79,12,253,82,10,254,88,12,255,94,14,255,99,18,255,103,20,255,107,21,255,110,26,255,116,28,255,122,33,255,126,35,255,129,39,255,132,41,255,136,44,255,139,46,255,143,51,255,145,52,255,148,53,255,149,54,255,151,57,255,154,59,255,156,61,255,159,63,255,160,64,255,161,66,255,164,68,255,166,70,255,166,71,255,168,72,255,169,73,255,170,73,255,170,73,255,171,74,255,172,75,255,172,74,255,172,74,255,172,74,255,172,74,255,174,75,255,174,76,255,175,76,255,175,81,255,176,84,255,177,85,255,177,85,255,176,84,255,177,85,255,177,85,255,178,86,255,180,88,255,180,88,255,179,87,255,179,87,255,179,87,255,180,88,255,182,89,255,183,90,255,180,92,255,179,92,255,179,92,255,178,89,255,177,88,255,177,85,255,175,83,255,174,80,255,174,78,255,173,78,255,169,76,255,167,74,255,163,72,255,160,67,255,158,68,255,156,65,255,155,66,255,153,64,255,150,62,255,147,60,255,144,57,255,138,53,255,131,47,255,126,44,255,121,40,255,115,36,255,109,32,255,103,30,254,97,26,253,92,22,248,85,16,245,80,14,243,73,14,242,67,12,236,59,7,232,52,1,231,47,0,233,45,0,238,45,2,241,45,7,248,49,16,249,48,20,248,44,20,241,36,17,231,25,11,220,13,3,211,7,0,208,4,0,206,1,0,203,0,0,204,0,0,209,3,5,215,6,9,216,6,7,216,4,1,214,6,0,211,6,0,222,28,0,233,56,4,255,98,30,255,128,44,242,126,27,248,147,39,255,174,75,235,161,90,178,126,78,145,121,93,122,124,111,106,127,130,109,142,149,111,145,147,110,142,141,111,140,136,119,141,139,125,140,147,125,137,149,123,135,149,121,139,149,121,151,149,124,159,153,142,172,172,152,180,183,160,188,191,162,190,193,164,192,193,168,196,197,170,198,199,168,196,197,164,190,191,157,183,184,150,174,176,141,165,167,135,156,159,138,159,162,144,163,167
241,70,0,247,71,0,255,74,7,255,77,14,255,71,9,252,72,9,255,84,15,252,79,10,249,67,1,251,61,3,251,52,10,248,60,31,240,84,71,212,94,90,147,77,77,88,48,56,53,28,50,46,28,52,43,26,42,48,27,36,68,36,41,110,55,58,164,75,77,206,87,83,214,66,56,223,67,54,202,60,48,154,37,30,96,18,18,60,11,17,44,16,28,37,24,34,20,17,24,23,28,31,20,35,30,17,34,26,18,34,24,19,28,23,25,21,22,31,18,25,45,25,34,42,26,29,36,28,25,30,31,23,26,31,24,24,30,26,27,31,34,31,31,41,27,25,38,24,22,33,26,25,30,36,22,21,55,17,14,100,26,25,147,28,32,169,14,22,191,5,18,203,2,12,207,4,10,209,5,6,210,7,1,214,10,1,223,11,0,226,12,1,230,17,3,232,21,2,237,26,5,240,32,6,242,38,5,243,44,5,246,49,6,246,54,5,248,61,6,250,67,7,252,74,10,253,80,12,254,83,13,254,88,14,255,90,19,255,97,19,255,101,18,255,105,18,255,108,20,255,112,23,255,115,25,255,119,28,255,124,33,255,127,35,254,129,37,254,131,38,254,135,41,255,138,43,255,142,46,255,143,47,255,144,50,255,146,51,255,150,58,254,154,60,255,155,62,255,157,63,255,157,63,255,157,63,255,157,63,255,158,63,255,159,64,254,160,64,255,161,65,255,162,66,255,163,67,255,164,68,255,164,68,255,164,69,255,166,74,255,167,75,255,168,76,255,168,76,255,169,76,255,170,77,255,171,80,255,171,80,255,173,81,255,173,81,253,172,80,253,172,80,252,173,80,252,173,80,253,174,81,254,173,82,255,168,81,255,167,81,255,167,81,255,167,79,255,167,77,255,164,73,255,163,70,255,161,67,255,161,66,255,159,65,255,155,60,255,150,56,255,144,52,254,141,47,255,137,47,255,135,44,255,129,40,255,125,37,254,120,33,252,116,30,252,113,30,250,108,26,248,101,23,249,95,21,248,87,15,247,83,12,249,77,11,248,73,10,250,67,7,248,62,3,244,55,0,239,49,0,233,45,0,231,43,0,232,41,0,235,39,0,237,39,2,241,38,5,242,37,6,243,35,9,239,28,7,236,24,10,229,18,7,220,11,6,213,3,2,205,0,1,203,0,2,203,0,0,206,1,0,207,2,0,212,2,3,216,3,9,215,1,9,214,1,7,213,5,1,210,13,0,224,40,2,239,70,11,245,92,12,248,109,14,247,120,13,246,129,15,248,137,19,251,153,42,255,177,84,223,163,93,186,144,104,149,127,113,130,130,138,127,146,161,119,151,162,110,149,154,112,148,148,119,149,149,128,147,153,130,144,153,125,142,152,126,147,152,127,158,153,131,166,159,146,176,174,153,183,183,158,188,188,159,189,189,162,192,192,168,198,198,169,199,199,165,195,195,159,187,188,152,180,181,147,173,174,141,165,167,138,159,162,143,164,167,149,170,173
249,78,0,255,86,9,255,83,12,255,83,15,255,72,8,249,67,2,255,77,11,251,69,4,255,66,2,255,68,12,255,62,20,249,68,39,226,78,64,161,56,52,81,27,27,44,21,31,36,22,45,22,17,40,21,19,32,26,24,29,28,19,22,36,14,16,75,29,32,125,51,50,190,85,79,208,86,75,204,76,63,169,51,41,118,23,21,79,8,12,57,11,21,45,21,34,32,29,38,21,30,35,14,30,27,15,35,26,20,37,27,18,31,24,20,24,27,28,25,32,25,18,26,32,25,32,34,33,31,31,32,27,26,31,25,27,32,28,27,31,34,27,27,35,29,26,37,24,21,30,32,30,35,39,30,31,44,18,19,74,22,24,120,29,36,143,19,30,163,8,22,176,4,18,184,4,16,185,4,11,187,4,8,190,4,5,199,5,6,205,7,8,208,6,6,210,8,4,214,11,5,216,15,5,218,18,3,222,23,4,224,28,4,227,33,5,226,36,0,229,42,1,234,49,5,237,52,5,238,56,6,241,60,7,245,64,9,245,69,10,249,80,11,249,82,11,251,85,11,251,88,13,253,92,14,254,94,16,255,98,19,255,102,22,254,105,23,253,109,23,253,113,26,253,117,29,255,121,32,254,123,33,255,124,36,253,125,36,255,134,45,255,137,49,255,139,51,255,140,52,255,142,51,255,141,50,255,142,50,255,142,48,252,142,47,254,144,49,255,146,51,255,150,52,255,151,55,255,151,53,255,151,53,255,152,55,253,153,59,253,154,61,255,154,62,255,156,63,255,156,63,255,158,64,255,159,65,255,160,66,255,161,69,255,161,69,254,161,68,254,161,68,253,160,67,253,160,67,254,159,67,255,159,68,255,152,63,255,152,64,255,152,64,255,153,62,255,152,61,255,150,59,255,149,58,255,147,55,255,139,49,255,135,44,255,130,40,254,124,36,252,118,31,251,112,27,250,110,25,252,107,24,248,99,19,247,94,16,244,88,11,242,84,10,242,82,8,241,77,5,241,72,3,241,68,2,244,64,3,245,61,1,246,57,1,249,55,2,250,52,3,250,49,3,246,44,0,240,39,0,232,34,0,231,34,2,234,35,4,239,38,8,242,41,13,240,36,11,233,27,6,225,18,2,216,8,0,214,5,0,210,2,0,207,0,1,204,0,3,203,0,5,202,0,7,202,0,3,206,1,0,211,3,0,216,3,5,217,2,7,214,0,4,213,4,0,218,16,2,220,31,0,248,74,21,255,101,27,255,114,21,246,114,5,236,111,0,250,130,8,250,132,8,243,139,18,242,156,43,250,181,88,225,169,110,179,140,111,153,135,133,143,147,158,131,153,164,124,159,165,118,156,159,124,158,160,131,154,162,132,150,160,131,148,158,131,151,158,132,162,160,137,169,164,153,181,182,157,185,188,159,187,191,160,188,191,165,193,196,171,201,203,172,200,201,166,194,195,158,186,187,154,180,179,149,173,175,144,168,170,143,164,167,149,170,173,154,175,178
249,78,8,255,87,14,253,85,10,255,84,10,255,84,18,255,72,9,254,58,0,255,60,4,255,57,0,255,63,8,251,56,10,235,58,24,202,57,38,129,25,16,61,3,0,44,15,19,36,18,32,23,15,30,23,20,27,31,30,35,30,28,31,26,17,20,33,14,16,51,20,18,94,44,37,159,87,75,206,108,97,190,81,74,155,49,49,116,25,30,73,7,17,52,12,23,34,21,30,33,36,41,25,30,33,18,26,28,28,34,34,25,30,33,17,20,25,23,24,29,28,27,33,24,23,29,29,28,33,32,33,35,27,28,30,29,30,34,32,33,38,27,28,33,23,26,33,29,29,37,32,29,36,35,24,32,42,21,28,63,23,32,85,24,32,106,20,31,124,9,22,137,5,18,147,5,17,153,5,17,156,6,17,158,6,18,166,5,20,170,5,19,176,9,16,178,8,11,179,6,8,180,6,8,181,5,7,185,7,7,189,10,6,194,13,6,195,14,5,198,16,3,201,18,0,206,20,0,212,22,0,217,26,0,226,31,3,229,36,3,230,44,5,234,51,7,241,56,10,245,59,10,248,61,10,251,64,9,254,68,11,252,69,9,253,76,9,252,79,10,251,84,13,252,90,17,251,94,17,252,96,19,252,99,21,251,102,22,254,111,32,254,113,33,254,115,32,254,115,32,254,115,30,252,116,28,252,119,28,253,120,27,252,122,26,252,124,27,253,127,27,253,130,27,255,133,32,255,135,31,254,135,31,254,135,33,255,138,40,254,137,41,255,138,42,255,140,44,255,140,44,255,138,42,255,139,43,255,141,44,255,142,46,254,141,45,255,141,45,254,140,44,255,139,46,255,137,45,254,133,44,254,130,40,252,128,32,255,130,33,255,133,35,255,133,37,255,133,37,255,131,36,255,125,34,255,121,31,255,118,32,255,107,23,253,96,17,253,90,13,253,85,10,250,78,6,246,72,1,243,68,1,240,64,4,237,58,0,234,55,0,237,57,0,241,58,0,241,55,0,243,54,0,246,55,1,249,55,4,251,55,7,253,55,10,255,53,13,252,50,12,247,45,9,243,39,6,239,36,6,236,36,13,236,37,16,237,38,17,233,36,17,227,30,11,218,23,5,209,16,1,204,10,0,196,3,0,199,5,3,197,1,3,194,0,2,197,0,5,197,0,5,198,0,6,206,3,9,208,2,6,212,2,3,214,4,3,215,6,1,213,5,0,216,14,0,235,38,4,250,64,15,255,85,20,255,98,19,255,113,19,255,121,15,251,120,6,243,119,0,246,128,2,249,142,14,243,152,20,241,164,48,239,175,88,220,171,113,190,156,129,168,153,146,154,159,162,143,164,169,130,163,170,133,167,176,135,158,172,133,150,166,141,153,169,139,155,168,134,162,165,138,168,170,154,177,185,162,182,193,166,188,201,169,191,202,171,196,203,172,200,204,173,198,202,169,195,196,162,186,186,155,180,177,152,173,174,148,169,170,145,164,168,147,166,170,150,171,176
255,85,16,252,84,13,246,80,6,244,73,1,248,65,0,248,55,0,249,48,0,249,48,0,255,63,2,255,68,6,248,63,7,231,62,19,199,55,29,133,25,13,70,7,2,49,14,18,44,22,35,35,23,37,30,25,32,27,26,31,26,26,28,25,25,27,26,26,26,33,25,23,45,28,21,81,44,38,129,64,62,157,76,75,169,78,83,146,61,66,94,28,32,57,15,19,37,22,27,25,24,30,30,31,36,27,28,33,22,23,28,27,28,33,29,32,37,28,31,36,16,19,24,27,30,35,34,35,40,23,24,29,21,22,27,30,31,36,31,30,36,27,28,33,21,29,32,26,31,35,31,28,37,34,22,32,38,21,31,50,22,34,69,26,36,89,26,35,99,9,19,112,2,13,119,0,9,123,0,8,125,1,12,129,3,15,134,3,19,137,2,17,141,4,14,146,5,14,151,5,15,153,6,16,157,5,17,159,5,17,160,3,14,162,2,10,163,2,8,168,3,7,173,5,5,177,5,3,183,4,0,187,4,0,194,7,0,196,10,0,201,18,0,206,24,2,213,27,4,218,28,2,222,31,2,228,35,2,232,38,2,233,40,0,235,47,1,236,50,1,237,56,3,238,62,5,241,66,9,244,71,11,247,74,14,248,78,17,248,83,19,249,86,19,252,89,22,254,91,22,255,94,22,255,95,21,254,97,18,254,99,17,254,102,18,254,104,17,255,107,17,255,110,17,255,112,20,254,114,19,255,115,20,254,115,22,255,114,26,253,113,26,255,114,28,255,115,29,255,115,29,254,114,27,254,114,27,255,117,29,255,117,29,254,116,28,253,115,27,253,113,28,255,111,28,255,110,30,255,107,28,255,104,24,255,105,21,255,106,16,253,103,16,250,102,14,251,103,17,254,103,20,253,100,20,255,95,19,252,85,14,249,76,8,248,66,3,246,58,0,245,52,0,243,48,0,243,46,0,244,47,0,242,47,3,246,50,8,249,54,10,249,52,9,249,51,6,251,53,8,254,53,11,252,50,10,253,51,11,253,51,13,253,50,17,251,48,16,243,42,14,235,34,8,226,26,1,220,21,0,218,21,5,218,22,10,215,21,9,211,19,6,206,16,2,198,10,0,193,6,0,188,3,0,186,1,0,187,1,2,188,0,2,190,0,2,197,2,8,200,3,10,201,2,7,205,2,6,213,7,9,209,1,0,204,0,0,208,2,0,217,15,0,231,34,0,248,57,12,255,75,18,245,71,0,248,81,0,252,97,4,255,110,7,252,116,4,248,119,0,250,128,5,251,140,9,244,146,11,240,155,28,242,169,64,238,177,97,219,173,124,198,168,142,175,166,157,158,166,169,144,167,173,142,170,181,142,166,178,140,158,172,140,152,166,137,153,166,135,162,169,143,172,178,158,177,191,166,184,198,174,191,207,175,197,210,179,201,212,180,205,212,177,202,207,173,197,199,164,185,186,156,178,176,151,171,170,146,166,165,141,161,162,143,162,166,146,165,171
251,77,6,247,73,4,247,72,5,249,69,6,249,59,1,247,54,0,249,59,0,247,63,0,249,77,5,251,83,10,254,82,16,239,75,22,203,56,23,142,26,11,79,9,9,51,11,22,42,17,39,36,22,47,30,24,38,23,22,28,25,27,26,29,34,30,28,33,29,23,25,22,25,21,22,35,20,25,59,27,38,88,44,57,125,74,83,137,85,89,100,55,50,55,24,19,35,25,26,24,23,29,35,36,41,33,34,39,28,29,34,31,32,37,25,28,33,25,28,33,20,23,28,23,26,31,31,32,37,27,28,33,34,35,40,36,37,42,26,25,31,31,32,37,25,30,33,26,31,34,30,29,35,32,25,33,33,22,30,43,22,31,62,25,33,87,27,37,102,16,27,111,7,18,112,0,8,111,0,4,108,0,4,107,0,6,109,0,8,108,0,7,113,0,9,116,0,11,120,2,14,124,4,16,128,3,19,128,1,18,127,1,15,127,0,12,132,2,14,137,3,14,141,4,12,146,5,13,152,3,9,155,2,7,158,2,6,163,3,5,163,1,0,167,4,0,173,6,0,177,6,0,183,6,0,187,9,0,193,11,0,195,12,0,200,18,0,202,21,0,205,24,0,208,27,0,212,32,0,218,35,1,223,39,5,227,41,3,233,44,4,236,48,3,240,52,7,244,56,10,248,60,12,249,63,12,250,65,9,250,67,9,252,72,11,253,75,11,253,80,12,254,83,13,252,83,14,252,85,14,253,86,15,255,88,17,252,83,16,251,82,17,255,83,17,255,85,19,255,84,18,255,83,17,252,83,16,253,86,18,255,88,20,253,86,18,252,83,16,253,81,17,255,80,17,255,77,17,255,73,15,254,71,13,254,71,11,251,71,10,248,70,10,246,70,10,248,72,13,249,73,14,247,68,12,243,62,9,241,53,5,242,50,5,243,44,3,242,39,0,239,31,0,235,25,0,235,25,0,235,26,0,240,35,4,247,44,12,250,47,14,246,42,9,246,42,9,253,49,16,251,48,16,244,41,9,239,38,10,235,35,9,230,30,7,223,24,3,215,18,1,210,14,0,205,12,0,202,10,0,199,11,2,197,10,3,195,8,0,189,5,0,185,3,0,183,1,0,181,0,0,181,0,0,182,0,0,186,1,0,189,0,1,191,0,1,196,0,2,199,0,3,204,1,4,211,7,6,206,3,0,208,4,0,212,11,0,223,23,0,237,40,8,248,55,14,253,66,15,252,72,11,250,76,3,248,83,1,251,94,1,253,105,5,252,111,3,249,115,2,251,122,5,251,131,8,250,143,15,240,145,19,242,158,44,247,177,81,241,184,115,224,183,139,200,177,159,178,173,170,161,170,175,151,170,177,150,169,175,146,164,168,139,154,159,135,154,160,139,166,175,150,177,188,162,181,195,171,189,201,180,198,212,182,204,215,185,207,218,184,209,214,179,204,208,174,198,198,162,184,182,155,175,173,149,168,166,143,161,161,139,157,159,140,159,163,143,162,168
242,64,0,242,64,0,249,66,6,255,70,15,255,65,14,250,56,5,246,61,4,253,78,13,247,83,11,245,83,8,253,82,12,247,79,17,222,65,22,174,42,17,112,22,13,67,8,14,45,6,25,39,15,37,36,24,38,30,27,34,25,29,28,24,30,26,24,30,26,24,28,27,30,29,35,29,23,35,31,18,38,33,16,35,58,36,49,86,64,67,78,55,47,49,32,22,30,24,24,30,29,35,31,32,37,24,25,30,34,35,40,34,35,40,17,20,25,29,32,37,31,34,39,15,18,23,20,21,26,22,23,28,29,30,35,34,35,40,26,25,31,32,33,38,27,32,35,26,31,34,29,30,35,31,28,35,31,24,31,39,22,30,61,25,35,86,28,40,115,27,41,125,17,32,128,7,22,125,3,14,118,2,11,114,3,10,112,1,8,109,0,8,103,0,9,102,0,11,101,0,10,101,0,11,103,0,13,104,0,16,105,0,17,104,1,18,108,3,18,111,5,19,117,7,20,123,8,21,129,9,21,134,8,20,138,7,21,142,8,19,142,2,13,146,2,11,150,3,11,153,2,9,158,2,6,163,2,7,167,3,4,171,3,2,175,3,0,177,4,0,180,6,0,184,6,0,189,7,0,193,7,0,196,9,0,201,9,0,210,11,0,214,14,0,219,19,0,223,23,0,226,26,0,229,30,0,230,33,0,231,34,0,233,39,1,235,44,2,236,48,3,237,51,4,237,51,4,237,52,5,240,56,6,242,57,10,238,51,6,238,51,6,239,52,7,241,55,8,241,53,7,239,51,5,238,52,5,238,54,4,241,56,9,240,55,8,239,53,6,238,50,4,240,47,4,240,44,2,239,40,1,237,38,0,230,32,0,233,37,0,237,43,5,241,49,12,242,53,15,241,53,16,235,47,12,229,39,7,226,31,3,231,33,7,238,34,10,240,34,13,238,28,11,232,22,5,228,18,1,227,17,0,232,25,7,232,27,6,228,23,2,223,18,0,227,22,1,234,32,10,230,29,9,219,20,0,212,15,0,209,13,0,201,9,0,196,6,0,192,4,0,191,4,0,190,5,0,191,8,4,185,6,2,183,3,2,180,2,0,178,1,0,176,0,0,176,0,0,178,1,0,181,2,0,184,0,0,188,3,1,191,1,1,196,2,3,201,3,2,203,1,0,203,0,0,208,4,0,202,1,0,218,19,0,238,40,14,250,55,23,255,63,24,255,67,21,252,69,12,248,71,4,247,77,2,245,81,0,244,86,0,245,96,0,245,102,0,245,107,0,251,117,4,254,127,10,255,140,16,245,140,13,245,149,28,248,166,56,249,179,91,240,186,122,222,183,150,200,178,164,180,172,170,160,165,168,154,166,166,148,164,163,136,156,154,136,157,160,146,170,182,155,178,192,168,186,198,175,193,203,182,202,213,184,207,215,184,209,216,183,208,213,178,204,205,172,196,196,163,183,182,156,175,173,148,167,165,145,161,160,141,157,157,141,159,161,146,164,168
251,67,0,248,63,0,245,56,0,253,61,12,255,65,21,242,50,5,232,48,0,246,70,13,251,83,21,239,70,3,244,61,0,251,66,2,251,70,15,229,68,26,174,49,21,118,26,13,69,9,11,50,13,21,42,21,28,37,31,35,25,31,31,14,24,23,20,26,24,34,33,38,36,26,37,31,18,36,28,18,42,22,17,39,26,25,41,35,38,43,36,37,31,31,31,23,32,32,34,35,34,40,32,33,38,25,26,31,33,34,39,31,32,37,18,21,26,33,36,41,30,33,38,19,22,27,32,33,38,29,30,35,17,18,23,25,26,31,31,30,36,27,28,33,24,32,34,23,31,33,27,30,35,29,30,35,29,26,33,37,24,33,59,26,37,87,26,41,122,27,47,140,18,41,150,12,37,151,7,30,147,6,23,144,3,20,141,0,17,134,1,18,115,0,15,106,0,14,101,0,11,95,0,8,92,0,10,88,0,12,87,0,16,84,2,16,81,1,14,84,2,14,87,3,16,92,4,18,98,4,18,105,4,20,109,4,21,112,4,20,121,6,23,125,7,23,130,8,23,135,9,23,140,8,22,145,7,22,149,7,19,154,7,17,157,3,13,160,3,10,167,4,9,172,3,6,176,2,4,180,0,1,184,0,0,187,0,0,192,0,0,194,0,0,199,2,0,201,4,0,202,5,0,204,8,0,206,8,0,207,10,0,207,10,0,210,13,0,212,17,0,213,18,0,213,19,0,214,20,0,216,22,0,217,26,0,212,22,0,212,22,0,214,23,0,215,24,0,217,23,0,213,22,0,213,22,0,213,24,0,213,24,0,212,23,0,212,23,0,214,23,0,217,21,0,218,20,0,217,15,0,215,13,0,220,19,1,224,25,6,224,29,9,222,29,11,217,28,8,210,23,4,203,16,0,198,11,0,199,12,0,204,14,2,209,16,7,213,18,12,215,20,14,215,20,16,212,17,13,210,15,9,212,11,4,208,7,0,203,2,0,200,2,0,204,6,0,207,10,1,202,9,0,196,5,0,191,4,0,190,5,0,189,7,3,187,8,4,183,8,5,181,7,6,178,5,7,174,4,5,172,2,5,171,1,4,170,0,1,169,0,0,171,0,0,173,0,0,176,1,0,181,2,0,186,2,0,189,1,0,192,0,0,201,3,2,211,9,5,211,6,1,209,2,0,209,3,0,221,21,0,236,41,9,253,61,25,255,69,29,254,68,21,251,67,13,251,73,11,252,79,10,252,85,7,249,87,2,249,91,0,249,96,0,244,98,0,244,101,0,250,109,3,255,120,8,255,130,9,253,135,9,253,146,18,252,156,35,251,168,62,249,181,96,238,183,127,215,176,143,200,174,159,173,162,156,157,160,153,147,162,155,138,161,155,139,165,164,151,175,185,157,179,192,172,190,200,178,197,204,183,203,212,183,206,212,183,208,213,183,208,212,179,203,205,174,199,196,167,187,185,159,178,174,153,169,166,147,162,159,142,156,156,144,158,159,148,162,165
255,82,12,254,69,2,242,53,0,246,55,3,255,61,13,245,55,7,236,54,4,245,71,18,249,80,23,240,70,8,245,61,0,251,62,0,255,68,7,249,74,21,223,70,29,187,62,34,122,28,16,80,12,9,49,3,3,38,17,16,31,31,29,22,31,30,23,29,29,32,31,36,32,18,31,34,20,37,35,27,48,27,28,48,24,33,48,24,37,46,21,29,31,22,26,27,16,17,21,16,15,21,25,26,31,37,38,43,34,35,40,30,31,36,27,30,35,24,27,32,22,25,30,26,29,34,64,65,70,82,83,88,49,50,55,26,27,32,31,30,36,27,28,32,26,30,33,25,31,31,27,31,34,29,30,35,27,28,33,34,27,34,52,26,37,76,24,37,113,25,47,132,20,44,148,15,42,154,12,36,153,9,32,153,7,26,153,4,24,147,6,23,134,9,25,124,9,24,117,5,21,111,3,19,104,1,18,98,2,16,91,0,17,84,0,15,82,2,15,79,1,14,79,1,14,81,1,14,83,0,15,86,0,15,89,0,16,91,0,15,98,1,20,101,0,18,105,2,21,112,5,25,118,7,26,122,6,25,127,6,25,132,5,24,137,6,22,143,7,21,151,6,21,157,7,19,163,6,17,169,3,13,174,3,12,177,1,11,181,1,12,183,2,11,185,1,9,185,2,7,186,1,7,187,1,4,190,1,5,191,1,1,193,1,0,194,2,0,196,2,0,196,3,0,197,2,0,197,2,0,198,3,0,199,6,0,197,6,0,195,7,0,197,6,0,199,6,0,199,7,0,197,5,0,197,5,0,198,8,0,197,7,0,197,7,0,198,8,0,201,9,0,207,10,1,209,11,2,211,8,1,210,7,1,217,15,11,214,16,13,209,16,11,199,10,4,189,4,0,184,1,0,181,0,0,177,0,0,182,3,0,181,1,0,182,0,1,183,0,2,186,3,7,189,9,12,191,11,14,190,10,13,188,4,4,188,2,3,189,3,4,190,6,6,190,6,6,187,5,4,185,5,6,184,8,8,182,8,9,181,8,10,178,8,11,174,8,10,170,5,9,167,4,9,162,1,7,163,0,6,164,0,6,166,0,6,167,1,5,169,0,3,171,1,2,175,1,0,177,2,0,182,3,0,188,3,1,193,4,2,197,2,0,200,1,0,206,2,0,211,3,0,222,11,0,234,27,9,245,46,15,249,55,17,254,63,21,253,65,19,247,63,9,242,64,4,244,69,2,246,78,3,255,93,13,255,97,11,255,102,10,255,103,7,249,101,3,245,99,0,250,104,1,252,114,5,249,119,0,253,130,1,255,142,11,255,150,22,253,158,40,255,173,71,245,178,100,227,172,116,218,175,141,191,166,146,164,160,148,149,160,154,140,165,161,143,171,172,155,178,186,162,182,191,176,195,202,180,201,206,185,206,211,184,208,212,184,209,213,186,210,212,183,207,207,180,202,200,173,192,188,165,182,176,157,172,167,151,163,159,144,156,154,144,156,156,147,158,160
255,86,19,250,71,4,248,63,0,250,60,0,247,57,0,248,64,2,252,76,17,248,79,20,240,75,17,240,76,15,245,73,9,244,69,6,245,65,6,245,65,12,244,69,24,233,73,39,189,50,27,139,26,10,88,3,0,56,5,1,40,22,20,31,33,30,27,33,33,27,28,30,34,23,29,39,26,35,39,31,44,30,30,42,26,34,47,26,34,47,28,27,41,40,36,50,41,40,48,30,29,35,19,20,25,31,32,37,35,36,41,30,31,36,34,37,42,22,25,30,22,25,30,27,30,35,62,63,68,102,103,108,75,76,81,29,30,35,29,28,34,31,30,35,30,29,34,32,32,34,32,31,36,29,30,34,25,30,34,30,31,36,41,30,38,56,24,35,84,23,39,101,18,36,117,14,35,129,13,34,135,14,31,141,12,30,147,10,28,148,9,28,150,15,32,145,12,31,141,9,30,137,8,28,134,7,28,127,6,25,119,3,24,111,2,21,107,4,23,102,5,22,97,5,20,95,4,19,91,3,19,89,1,15,87,0,15,86,0,14,85,0,14,84,0,14,86,0,15,91,0,18,94,1,20,95,1,19,99,0,20,104,1,20,110,3,21,115,4,20,121,4,20,130,5,19,137,5,18,142,4,17,149,4,17,154,4,16,159,4,20,163,4,22,166,5,21,168,6,21,170,5,21,172,4,17,175,3,17,178,4,14,181,4,14,183,3,12,186,2,12,187,2,10,188,1,10,190,0,10,190,0,10,190,1,8,189,2,9,187,2,8,188,2,7,189,3,8,190,1,5,189,0,4,190,1,5,192,3,7,194,6,7,191,5,6,190,4,5,194,6,7,199,6,9,202,7,11,203,6,13,202,5,12,194,0,5,192,1,6,187,1,4,182,0,1,178,0,2,177,3,5,179,6,8,178,8,11,174,4,7,173,2,8,170,1,6,168,0,6,170,0,9,172,5,13,172,7,14,170,6,13,170,6,13,169,8,14,171,10,16,174,13,19,172,11,17,169,8,14,167,8,13,169,10,15,164,8,12,162,5,12,159,2,9,155,0,6,153,0,4,153,0,7,154,0,8,158,1,10,165,1,10,168,1,9,172,3,8,174,4,7,176,3,5,179,3,3,183,3,2,187,3,1,193,4,2,201,6,4,207,5,1,208,3,0,212,4,0,218,6,0,235,22,8,254,43,22,252,52,18,247,54,11,249,58,13,251,64,13,250,67,9,243,68,3,242,69,0,240,74,0,247,85,2,247,89,0,249,96,3,251,101,4,249,101,3,247,101,0,252,106,3,255,117,6,250,118,0,250,126,0,255,132,2,253,138,11,250,146,23,252,161,46,251,172,71,238,171,90,228,172,115,207,169,133,175,162,146,153,159,157,144,165,168,148,173,178,160,179,185,169,187,191,179,198,202,184,205,208,189,210,213,189,213,215,190,214,216,190,214,214,188,210,208,183,203,201,175,192,186,167,182,175,160,173,166,153,164,160,146,157,153,146,156,155,149,159,160
242,81,13,238,71,3,255,76,7,253,68,3,229,46,0,233,59,6,241,83,38,224,77,34,217,76,33,215,78,34,214,76,30,216,73,29,222,73,31,227,69,30,231,63,27,230,62,33,221,65,42,190,55,36,143,32,21,89,12,4,46,7,2,30,16,13,30,26,25,31,31,31,38,29,34,31,21,29,28,25,32,31,34,41,25,36,42,11,17,29,25,21,38,68,59,76,145,142,151,113,112,118,42,43,48,24,25,30,35,36,41,29,30,35,31,34,39,30,33,38,27,30,35,24,27,32,28,29,34,57,58,63,52,53,58,24,25,30,33,32,38,33,32,38,35,30,36,38,33,37,38,33,39,32,31,36,27,32,36,29,34,38,33,34,38,39,28,34,50,17,28,64,12,25,78,10,25,91,13,26,106,18,30,119,22,33,131,21,34,139,18,33,145,16,34,147,14,33,147,11,33,147,9,32,149,10,33,147,7,33,143,5,30,138,4,29,130,2,25,125,3,24,120,4,25,113,4,23,107,4,21,101,3,18,97,1,15,93,0,15,93,2,19,88,0,17,86,0,15,87,0,18,87,0,18,86,0,17,88,0,17,89,0,18,89,0,15,92,0,16,97,0,14,104,0,14,111,0,13,117,0,13,123,1,14,128,2,16,133,2,20,138,2,22,142,5,25,146,7,26,151,8,26,155,8,26,158,7,24,162,7,23,166,8,23,167,6,22,169,4,20,170,3,20,172,4,19,175,4,20,175,3,19,177,2,19,178,3,20,177,2,17,178,1,17,179,1,15,180,0,14,179,0,13,181,0,15,183,3,15,186,6,18,181,4,14,179,1,13,180,0,12,181,0,12,184,0,13,185,0,13,185,0,13,183,1,14,182,2,13,178,2,12,173,2,10,169,4,11,168,4,11,164,3,11,161,1,9,164,4,14,165,8,17,167,10,21,167,11,22,168,12,25,168,14,26,164,12,24,157,10,20,153,11,23,148,11,21,149,9,20,149,9,20,151,9,21,149,8,17,148,4,14,146,0,10,143,0,7,145,0,8,147,0,6,149,0,8,152,1,10,154,3,10,157,3,11,160,3,10,168,1,9,173,2,10,177,4,10,179,5,7,183,4,7,186,4,3,189,4,2,195,3,2,201,6,4,205,3,1,208,3,0,221,12,5,236,24,13,241,25,12,242,25,10,244,32,8,249,47,11,243,48,4,246,54,7,253,66,13,255,74,14,251,76,9,249,78,6,249,84,4,254,94,8,251,96,4,249,99,4,250,102,4,249,101,1,247,101,0,253,107,4,255,117,4,255,126,0,248,124,0,247,122,0,246,127,1,244,134,9,249,151,26,254,168,49,251,173,72,234,167,89,220,170,121,188,163,141,158,157,153,149,164,169,151,171,178,164,179,184,177,191,192,182,200,200,188,208,207,193,214,215,193,217,217,195,216,217,193,215,213,189,209,207,183,202,198,174,189,184,167,180,173,160,171,165,154,165,159,148,159,153,149,160,156,152,162,161
239,98,27,239,88,17,255,82,13,252,74,14,223,50,8,221,65,40,241,110,100,233,121,119,241,142,137,227,138,130,225,141,131,232,145,135,230,136,128,225,114,105,217,85,72,208,65,51,212,68,57,205,68,58,187,64,56,133,36,27,78,11,3,54,15,8,45,24,23,37,26,30,30,23,31,32,31,39,29,37,40,18,32,33,19,33,34,23,31,34,28,20,31,38,26,38,104,99,106,121,120,126,58,59,64,21,22,27,32,33,38,32,33,38,35,38,43,29,32,37,31,34,39,29,32,37,28,29,34,26,27,32,29,30,35,34,35,40,35,34,40,33,32,38,37,32,38,37,32,38,41,31,39,37,32,38,28,31,36,24,32,35,29,39,41,39,44,47,34,28,32,30,13,19,42,15,20,46,11,15,66,21,24,76,21,24,91,20,24,116,29,38,130,25,39,138,21,39,144,18,39,148,14,38,153,9,36,157,4,34,161,4,35,164,5,37,160,5,36,153,3,32,145,1,28,138,2,26,132,5,26,127,6,25,120,3,21,112,1,18,110,3,21,106,3,22,104,1,22,102,0,22,100,0,24,99,1,24,96,1,25,95,1,25,91,0,20,91,2,22,93,2,20,94,0,18,97,0,16,102,0,16,106,0,15,106,0,14,109,1,17,111,0,17,114,1,19,118,1,19,120,2,18,124,2,17,126,1,17,127,0,14,134,2,16,138,3,17,142,6,20,145,7,22,148,7,23,150,8,24,151,9,25,154,7,25,160,4,25,163,4,24,166,4,25,167,4,25,169,3,25,170,3,23,170,3,23,170,3,21,168,3,20,169,4,20,169,4,21,170,5,22,171,4,22,173,4,23,175,4,23,174,5,24,170,5,21,167,5,20,164,6,20,162,8,20,161,9,21,158,11,21,157,11,22,156,10,21,156,10,23,153,8,21,152,7,20,152,7,20,150,5,20,144,2,16,140,0,13,134,2,15,123,1,14,119,3,16,119,1,15,121,0,12,122,0,11,125,0,10,130,0,11,135,0,11,140,0,11,144,0,10,148,1,11,153,2,11,157,2,10,160,3,10,162,3,8,167,2,8,174,0,6,179,0,6,182,1,6,186,2,4,188,2,3,191,2,0,196,1,0,200,1,0,203,0,0,212,4,2,221,9,5,224,10,2,241,25,14,255,40,25,249,29,13,237,21,0,243,36,2,249,50,8,239,42,0,240,49,0,249,65,5,252,75,8,255,88,13,251,89,8,249,91,4,246,93,0,247,99,1,251,105,4,253,107,4,250,107,2,253,110,5,255,118,4,255,131,2,255,134,1,250,126,2,246,126,3,250,138,12,249,148,18,249,156,25,255,170,51,246,170,76,231,171,108,192,157,127,161,148,140,155,162,168,161,175,184,172,182,184,183,193,194,189,205,204,193,213,211,198,218,217,197,219,217,197,217,216,193,213,212,188,207,205,183,200,194,173,186,179,166,177,169,160,170,162,154,164,156,149,158,153,152,161,158,157,168,164
247,122,58,242,104,39,249,87,22,238,71,18,236,81,50,238,108,95,208,113,119,188,118,129,163,108,114,147,101,104,144,103,107,159,118,124,181,131,142,204,138,148,227,137,139,237,131,131,229,117,115,220,108,104,198,91,85,175,80,74,140,65,59,86,33,29,44,12,15,34,17,25,32,24,35,25,28,37,21,32,36,15,31,30,21,36,33,29,38,35,29,23,25,27,16,22,33,28,34,57,56,62,38,39,44,27,28,33,33,34,39,33,34,39,36,39,44,27,30,35,32,35,40,31,34,39,29,30,35,25,26,31,25,26,31,31,32,37,37,36,42,38,37,43,33,34,38,35,33,38,39,32,39,38,31,38,31,30,36,26,31,35,27,38,40,34,45,47,28,33,37,9,10,14,21,19,22,31,22,25,28,12,12,43,15,14,65,20,23,70,9,16,97,20,28,111,19,30,123,21,35,134,21,39,146,19,40,156,17,40,164,14,41,167,13,39,165,8,35,163,6,33,159,5,31,154,6,28,150,6,29,145,6,25,139,3,23,134,3,21,132,5,24,130,4,25,126,3,24,123,1,24,122,2,27,121,4,30,121,7,32,117,9,32,107,3,26,107,5,26,105,3,24,103,2,20,103,0,19,108,3,20,110,3,19,111,3,19,108,0,16,109,0,17,110,0,15,113,0,16,114,0,15,114,0,12,116,0,12,117,0,10,121,0,10,122,0,11,125,0,13,126,0,14,127,1,15,129,1,16,130,2,17,133,0,17,139,0,19,143,0,20,145,0,22,147,0,21,148,0,21,151,0,20,152,0,21,152,1,20,151,2,21,150,3,21,149,2,20,149,2,20,150,1,21,150,1,21,151,0,20,151,0,19,150,3,21,146,4,20,144,3,19,141,3,18,138,3,17,136,4,17,133,2,16,133,2,16,131,0,14,131,0,13,131,0,15,130,0,15,129,0,14,123,0,10,120,0,8,116,0,10,109,0,14,106,0,15,106,0,14,109,0,13,114,0,15,121,0,14,129,1,16,137,2,16,140,0,13,145,0,10,151,0,9,157,0,9,164,0,7,167,0,7,170,1,6,174,0,4,183,0,5,186,0,3,190,2,3,193,0,1,195,1,1,199,1,0,204,0,0,209,1,0,213,1,0,217,3,1,231,13,11,232,13,7,235,14,5,248,26,13,251,30,14,244,28,5,235,26,0,238,36,0,244,46,1,246,52,1,252,66,9,255,79,13,255,84,12,253,91,10,248,90,3,244,94,0,247,99,1,250,104,1,251,108,3,252,110,2,254,112,4,252,117,2,249,125,0,251,132,4,252,129,8,248,130,7,247,135,7,242,138,5,243,146,7,247,158,28,255,172,66,246,179,100,205,161,116,163,141,120,159,155,152,174,179,183,184,188,191,184,193,192,189,204,201,191,210,206,194,213,211,194,214,212,195,213,213,193,212,210,188,204,201,181,196,191,171,182,176,164,174,166,160,167,159,154,161,153,148,158,150,151,160,155,156,167,163
235,121,71,242,116,65,242,93,37,240,92,44,236,108,79,180,86,74,101,49,51,71,46,50,59,46,40,44,37,29,39,31,29,43,33,41,57,42,61,90,65,86,136,94,104,164,113,118,190,135,140,207,147,149,210,142,141,209,139,139,190,126,126,140,88,90,81,45,55,28,6,19,26,15,31,22,21,35,26,35,40,21,36,33,22,35,28,31,38,30,32,31,26,31,25,25,28,26,31,36,35,41,33,34,39,29,30,35,25,26,31,29,30,35,37,40,45,33,36,41,29,32,37,30,33,38,29,30,35,25,26,31,23,24,29,26,27,32,32,31,37,33,36,41,30,40,42,31,39,42,38,36,41,39,32,39,36,29,36,31,28,35,29,32,37,32,37,43,48,51,60,26,26,36,5,5,13,14,13,19,23,16,23,27,10,16,39,8,16,53,12,18,60,11,14,71,15,16,85,19,23,97,20,26,114,23,32,132,28,39,144,30,40,152,28,39,151,20,34,156,20,34,159,17,33,160,13,29,161,10,29,160,7,25,160,7,27,160,7,27,155,2,23,154,2,23,154,2,25,154,2,27,151,1,26,147,0,26,143,0,24,137,0,22,138,4,28,135,6,26,132,5,24,128,3,21,127,2,20,127,2,20,129,2,19,129,0,20,131,0,21,131,0,21,133,0,21,133,0,19,133,0,19,133,0,17,133,0,16,132,0,14,131,0,13,128,0,10,128,0,10,127,0,10,127,0,12,125,0,12,125,0,12,124,0,12,124,0,15,124,0,15,126,0,17,128,0,15,130,0,16,131,0,15,132,0,16,132,0,14,130,0,13,128,0,13,128,0,13,127,0,12,127,0,14,126,0,13,127,0,12,125,0,12,125,0,15,121,0,14,120,0,14,117,0,13,116,0,15,115,0,15,114,0,14,114,0,14,115,0,14,116,0,14,116,0,16,118,0,18,118,0,18,114,0,15,112,0,14,110,0,14,107,0,18,106,0,17,106,0,16,109,0,14,114,0,14,122,0,15,132,0,18,141,0,17,147,0,13,155,0,12,160,0,9,169,0,8,175,0,7,179,0,6,183,0,5,185,0,2,191,1,3,195,1,2,196,0,1,198,0,0,202,0,0,205,0,0,210,0,0,215,1,0,219,1,0,221,2,0,237,15,12,239,16,11,232,9,1,241,17,5,252,29,14,255,37,15,241,30,0,242,38,1,255,60,18,255,62,14,247,60,5,248,68,5,242,70,0,247,82,2,249,91,4,251,98,5,252,104,6,254,108,5,254,111,6,254,113,5,253,112,4,248,114,1,251,126,6,249,129,7,246,126,6,242,126,3,243,132,1,241,135,0,240,140,2,243,149,17,251,164,49,255,185,91,232,178,114,194,159,119,179,162,142,181,176,170,186,184,185,190,194,195,190,202,200,189,206,200,191,207,204,190,209,205,193,209,208,192,208,207,185,200,197,178,190,186,168,179,173,160,170,162,155,162,154,150,157,149,143,153,145,146,156,148,150,161,155
200,100,64,237,128,89,232,99,54,231,100,58,195,86,63,102,28,17,45,13,14,26,22,23,22,28,18,16,26,15,19,25,23,18,21,28,14,15,36,23,20,41,45,35,46,61,46,51,78,61,69,108,83,89,139,103,107,167,125,129,182,137,142,190,149,157,156,128,142,66,49,65,29,22,38,22,24,36,33,38,42,31,40,37,26,33,26,32,35,28,37,36,31,41,37,36,32,30,35,27,26,32,29,30,35,29,30,35,28,29,34,30,31,36,29,32,37,28,31,36,27,30,35,29,32,37,32,33,38,30,31,36,27,28,33,26,27,32,28,27,33,26,29,34,26,37,39,28,38,40,37,36,42,40,33,40,38,31,38,35,30,36,32,31,39,29,32,41,70,72,84,91,95,107,44,50,62,6,12,24,7,11,22,25,22,31,32,16,27,37,14,22,29,3,4,37,7,5,45,10,8,52,8,7,65,11,9,83,19,19,100,24,24,109,25,25,129,33,35,140,34,38,151,34,42,157,30,39,159,21,34,160,13,29,162,9,27,165,8,27,160,1,21,161,2,22,164,2,23,165,3,26,166,2,26,165,1,25,164,2,25,161,4,25,156,0,21,155,4,23,153,4,23,150,3,21,149,4,21,149,4,21,149,2,20,147,0,19,150,0,21,150,0,21,150,0,21,150,0,21,150,0,19,149,0,20,149,0,20,148,1,19,148,3,20,145,3,19,143,2,18,139,3,17,138,1,17,135,0,15,132,0,14,128,0,15,122,0,15,122,0,15,125,0,16,127,0,17,128,0,17,131,0,16,130,0,15,128,0,13,125,0,13,124,0,13,124,0,13,122,0,13,122,0,15,122,0,15,124,0,15,122,0,15,118,0,14,116,0,16,115,0,16,114,0,16,112,0,17,112,0,17,112,0,17,112,0,16,117,1,20,117,0,18,119,0,20,121,2,21,121,2,22,119,2,20,119,2,21,119,3,22,116,3,23,117,1,22,118,1,20,120,0,19,125,0,19,132,0,18,142,1,20,150,1,20,159,2,19,166,1,15,173,1,13,179,2,10,187,2,10,191,2,8,195,2,7,196,1,5,196,0,2,199,1,0,200,0,0,203,1,0,205,0,0,209,0,0,215,0,0,217,0,0,221,0,0,223,1,0,234,10,8,238,15,10,241,17,9,244,20,8,249,26,11,255,41,21,245,36,6,241,37,0,254,55,14,255,62,16,248,61,8,251,68,8,249,75,6,249,82,4,250,90,6,255,101,9,255,109,12,255,112,11,254,111,6,252,111,3,251,110,2,245,109,0,247,120,7,248,124,10,249,129,9,249,131,7,246,133,1,243,135,0,244,141,4,246,148,15,251,161,38,255,180,72,249,184,100,228,180,118,207,177,139,189,172,154,182,174,171,192,192,194,190,199,196,189,204,199,190,205,200,189,204,201,190,204,204,188,203,200,183,195,191,176,187,181,166,175,170,156,166,158,149,156,148,142,149,141,135,145,137,137,148,140,141,154,147
161,74,54,218,124,98,229,116,82,212,99,67,152,55,36,76,5,0,53,17,21,41,29,33,29,28,24,24,26,21,28,26,27,31,28,37,25,24,42,20,22,37,17,22,25,13,17,16,24,25,30,30,24,34,36,26,35,55,42,51,70,53,63,105,89,100,144,133,147,123,121,132,45,49,58,27,32,36,27,31,34,35,35,35,40,34,34,44,35,36,40,31,34,37,31,35,27,25,30,24,23,29,25,26,31,27,28,33,33,34,39,32,33,38,21,24,29,27,30,35,30,33,38,31,34,39,35,36,41,36,37,42,35,36,41,32,33,38,29,28,34,25,28,33,21,30,35,24,31,37,34,31,38,39,32,40,40,33,40,36,34,39,32,32,40,27,31,40,64,68,80,129,136,152,122,135,151,68,84,99,13,29,42,0,8,20,3,5,18,16,10,22,29,20,23,34,22,22,35,21,20,32,17,12,34,14,7,40,15,8,50,17,8,56,18,9,74,24,15,92,29,22,113,35,33,130,38,41,142,35,41,151,31,41,159,28,44,165,27,43,165,20,37,165,17,33,165,12,30,165,8,25,166,5,23,168,3,20,171,4,22,174,5,24,169,2,19,170,3,20,170,3,20,168,3,19,168,3,19,170,5,21,171,4,22,168,3,20,166,0,20,164,1,22,164,1,20,163,0,19,163,2,20,161,2,20,161,2,20,160,4,18,156,4,17,155,5,17,152,4,18,149,4,17,148,3,18,144,2,16,141,0,16,135,0,13,134,0,14,135,0,17,137,0,18,140,2,18,143,2,19,144,1,19,142,1,18,141,0,16,139,1,17,138,1,17,137,2,17,135,3,17,135,2,19,136,3,20,136,3,20,135,4,22,131,2,22,130,3,24,129,3,24,126,3,23,124,1,21,123,0,20,123,0,20,126,1,19,129,2,23,128,0,19,130,0,21,131,0,19,132,0,22,130,0,19,131,0,22,131,2,24,131,2,24,133,1,24,135,2,23,138,2,24,142,3,24,150,4,25,157,5,26,163,6,25,170,5,22,176,4,18,181,3,15,188,4,12,193,4,11,197,4,9,199,3,5,201,2,5,199,1,2,199,1,0,201,1,1,206,3,0,210,2,0,214,2,0,218,0,0,219,0,0,222,0,0,227,3,3,230,5,3,235,10,4,251,27,19,252,28,16,242,21,5,250,34,13,253,46,15,244,42,6,238,40,1,247,55,8,250,63,10,255,72,12,255,86,17,250,83,5,249,87,4,255,98,9,255,106,12,255,105,8,249,103,0,246,103,0,247,104,0,244,106,0,240,105,0,245,117,7,255,133,17,255,142,19,254,140,8,247,136,2,247,141,5,247,146,12,255,165,34,255,172,53,246,173,68,237,176,93,227,182,125,203,174,142,184,171,162,188,187,185,189,195,191,189,200,194,190,201,197,188,200,196,187,199,197,185,197,195,180,191,187,174,183,178,163,172,167,154,161,154,143,150,142,136,144,133,129,139,130,132,143,135,136,149,142
135,65,55,170,93,77,218,124,96,214,115,84,157,62,40,96,16,5,56,2,2,38,6,7,39,24,19,31,24,18,30,24,26,30,24,34,26,24,38,24,26,39,21,31,30,18,30,26,16,21,25,24,27,36,19,21,33,24,24,36,20,18,31,18,15,26,46,45,53,72,73,78,48,56,58,29,34,37,26,25,30,33,28,34,43,32,40,44,34,42,34,29,36,31,28,35,34,33,39,37,36,42,33,34,39,29,30,35,34,35,40,31,32,37,25,28,33,38,41,46,33,36,41,32,35,40,34,35,40,36,37,42,37,38,43,35,36,41,34,33,39,32,32,40,26,30,39,28,31,40,36,30,40,40,30,39,38,33,39,33,34,38,27,32,36,20,29,36,50,56,70,119,128,145,144,159,178,132,150,170,98,119,136,48,65,83,9,17,36,7,10,27,13,13,25,15,14,22,16,15,21,18,18,20,20,19,17,22,19,14,26,19,13,28,18,9,32,13,6,44,13,8,60,16,15,77,18,20,94,21,28,112,26,37,129,33,47,142,35,51,148,33,46,155,33,46,160,32,45,164,29,43,168,23,38,169,18,33,173,15,30,175,13,28,182,15,32,183,15,30,181,13,28,179,8,24,178,7,23,180,8,24,180,7,26,179,6,25,177,6,24,177,6,22,177,6,22,176,5,21,173,5,20,172,4,19,170,4,18,169,4,18,164,2,15,162,2,14,160,2,16,160,4,17,159,4,18,158,3,17,153,1,16,150,0,16,146,0,17,147,0,18,149,0,19,153,2,21,159,4,22,159,4,22,158,3,21,155,2,20,154,3,20,152,4,20,151,4,22,149,4,21,149,3,22,146,3,21,146,3,21,146,3,23,145,3,25,144,5,26,144,6,29,143,7,27,142,6,26,142,6,26,143,7,27,145,8,26,148,6,28,147,4,24,148,2,25,149,3,24,150,2,24,148,2,23,149,3,24,149,6,26,149,5,28,149,5,28,152,6,27,153,5,27,156,4,25,158,5,26,164,5,25,170,4,24,176,5,23,181,4,20,184,4,15,189,4,12,194,3,10,197,2,6,197,1,3,199,1,2,196,0,1,199,1,2,202,2,2,207,3,2,213,5,3,218,4,2,221,3,2,222,3,1,225,3,2,230,6,6,230,5,3,232,7,1,251,27,19,254,32,19,240,19,3,241,25,4,254,49,18,252,54,17,243,47,7,246,54,9,244,57,4,243,60,2,254,79,12,250,80,5,248,83,3,252,92,6,254,99,7,253,100,6,246,98,0,245,99,0,249,103,0,251,108,4,247,108,5,245,110,3,249,122,7,255,136,13,255,139,11,255,142,10,252,141,8,242,138,3,252,156,18,255,169,36,253,170,48,243,171,69,236,179,108,216,177,134,191,174,158,184,180,177,184,189,183,185,195,187,186,195,192,184,195,191,183,193,192,181,191,190,177,186,183,170,179,174,160,166,162,149,156,148,139,146,138,131,141,130,127,139,129,131,144,134,135,151,141
122,71,68,127,67,56,184,107,79,218,125,91,196,91,61,155,50,28,109,19,8,79,12,4,49,12,3,37,20,12,34,28,28,31,30,36,27,25,38,25,25,37,23,28,31,21,27,25,30,29,34,32,29,36,19,22,31,19,21,33,30,27,38,27,21,31,22,16,20,25,21,22,34,36,33,29,30,32,29,28,34,31,25,37,36,28,43,36,32,46,26,30,39,28,35,41,25,26,31,34,33,39,34,35,40,36,37,42,39,40,45,37,38,43,34,37,42,38,41,46,36,39,44,33,36,41,33,34,39,35,36,41,36,37,42,35,36,41,36,35,41,38,37,45,39,36,47,41,35,47,42,32,43,40,30,39,35,34,39,31,36,39,24,35,37,17,30,36,39,49,61,104,115,133,131,143,165,117,133,156,142,160,184,147,163,186,99,106,132,50,54,79,19,23,48,13,15,38,7,9,30,10,11,29,14,16,31,16,16,28,15,15,23,16,15,20,25,20,24,27,16,20,30,11,17,34,7,16,42,6,18,53,9,24,65,14,31,77,16,32,92,22,33,105,25,36,120,32,44,134,36,49,149,37,51,157,35,50,167,32,47,173,31,47,177,26,43,181,26,42,183,24,42,184,21,40,185,19,39,187,20,40,187,18,41,188,17,36,186,14,28,185,14,23,187,13,23,185,11,21,184,10,20,182,8,18,180,5,18,179,4,17,180,8,20,179,7,19,179,7,21,178,7,23,179,8,26,179,8,26,175,6,25,172,5,23,165,2,21,164,1,22,166,0,20,168,1,21,174,2,24,175,3,25,174,2,24,171,2,23,170,3,23,169,3,23,165,3,24,162,3,23,160,3,24,160,3,24,159,2,23,158,2,23,155,2,23,156,5,24,157,8,28,158,9,28,158,9,28,159,10,29,162,13,32,166,15,32,168,12,33,167,10,29,168,9,31,169,10,30,170,8,29,167,8,28,167,8,28,167,10,29,165,9,30,164,8,29,165,8,29,164,5,27,163,4,26,165,3,24,169,3,23,172,3,22,178,6,22,181,5,18,184,4,15,187,3,11,189,3,8,191,1,3,192,0,0,192,0,0,194,0,1,194,0,1,199,1,2,205,3,3,211,6,3,219,7,4,222,7,5,225,5,5,226,3,4,229,5,5,234,9,7,232,7,3,237,14,6,249,27,14,248,27,11,242,27,6,239,36,4,247,51,11,248,55,12,244,54,6,238,53,0,238,58,0,248,71,4,254,82,10,245,78,0,248,86,3,254,96,7,255,102,10,254,104,9,251,103,5,252,104,6,254,108,9,255,112,11,246,105,0,243,112,0,249,123,3,254,130,8,255,138,10,254,141,9,243,137,0,244,148,2,255,168,22,255,171,37,248,168,53,242,176,92,223,177,125,193,173,149,180,176,167,180,183,176,179,186,179,180,186,184,178,187,184,179,188,187,178,187,186,172,181,178,166,172,168,156,161,157,146,151,144,137,144,136,130,140,129,128,140,130,133,146,136,137,153,143
100,70,70,107,67,59,153,93,67,213,129,93,228,116,79,208,85,51,177,62,35,130,31,8,85,14,0,61,13,0,45,14,9,36,16,18,33,17,27,32,25,32,29,29,31,25,25,25,33,28,34,29,24,31,30,28,39,26,24,37,23,19,33,32,26,36,32,26,30,23,19,20,22,22,22,27,28,30,32,29,38,28,22,36,34,27,43,36,34,47,23,32,39,24,35,39,33,36,41,37,36,42,33,34,39,35,36,41,35,36,41,37,38,43,41,44,49,35,38,43,39,42,47,36,39,44,37,38,43,37,38,43,37,38,43,36,37,42,38,37,43,41,40,48,44,38,50,44,36,49,43,33,44,39,32,40,36,37,41,34,42,44,30,41,43,24,37,43,15,25,37,81,90,107,133,145,167,92,107,130,81,97,123,134,148,175,166,175,204,141,148,177,108,114,146,83,90,119,56,61,90,39,45,71,29,33,58,15,20,42,5,10,29,0,6,22,9,13,25,11,13,25,16,14,25,23,15,26,28,16,28,32,14,26,33,11,24,37,7,19,46,6,15,57,7,16,67,10,19,79,13,23,92,16,28,105,19,30,119,23,35,131,25,39,145,30,45,154,33,48,163,36,53,172,39,56,178,41,61,183,41,63,183,39,62,184,37,56,184,34,46,187,33,43,189,32,43,190,30,42,189,27,38,189,25,36,187,21,33,189,19,32,194,19,32,193,17,30,192,14,30,192,14,30,193,14,33,193,14,33,191,12,33,188,10,32,180,6,29,177,5,27,176,2,25,176,2,25,180,2,26,181,3,27,180,4,27,179,3,26,178,4,27,177,5,27,174,7,27,172,6,26,170,7,28,168,6,27,168,6,27,167,5,26,164,5,25,165,8,27,167,10,29,167,12,28,167,12,28,167,12,28,170,13,30,173,14,32,171,10,28,172,9,28,174,8,28,176,10,30,175,10,27,173,8,25,170,7,24,171,8,27,169,7,28,169,7,28,168,6,27,168,5,26,167,4,25,171,5,25,174,7,25,177,9,26,178,7,23,181,6,19,183,6,16,184,5,11,186,3,7,186,2,4,186,0,1,187,0,0,188,0,0,190,0,0,194,0,0,200,0,0,209,3,3,217,7,6,224,9,7,228,8,8,225,1,2,225,0,0,238,13,11,232,7,3,224,0,0,243,21,10,255,36,23,249,34,14,242,37,8,243,47,9,248,55,12,237,49,1,240,56,2,245,65,4,237,60,0,240,68,0,241,74,0,243,81,0,253,95,6,255,110,16,255,114,18,255,109,10,250,104,5,249,103,2,247,100,0,246,104,0,252,118,5,255,126,7,247,121,1,247,125,0,253,136,7,251,140,6,254,152,8,255,161,15,251,159,16,244,160,35,245,175,79,227,176,111,195,168,138,180,168,156,179,176,167,176,178,173,174,179,175,174,180,178,176,185,182,176,185,180,171,177,173,163,168,162,153,158,152,144,149,143,135,142,134,130,140,129,128,141,131,132,148,138,136,153,145
78,72,74,85,66,60,112,67,48,179,104,73,240,127,87,246,113,68,230,93,47,204,76,31,162,48,12,136,36,12,98,14,4,68,4,4,54,15,16,42,22,23,28,18,17,30,26,27,32,29,38,31,27,41,28,22,36,29,23,37,31,25,39,28,25,36,28,28,36,23,26,31,25,28,33,27,28,33,30,27,34,33,25,36,33,25,36,31,28,35,29,34,38,30,38,41,35,38,43,36,37,42,35,36,41,36,37,42,38,39,44,39,40,45,39,40,45,38,39,44,41,42,47,42,43,48,41,42,47,40,41,46,37,38,43,36,37,42,38,39,44,41,40,48,42,39,50,40,37,48,41,35,45,40,37,44,38,39,44,36,39,44,32,40,43,29,38,43,24,33,42,46,56,68,94,105,123,110,122,144,73,87,113,61,75,104,96,109,141,129,140,172,144,155,185,149,158,189,137,146,175,124,133,162,118,127,156,91,101,128,55,65,90,45,53,76,19,26,45,13,19,35,10,12,25,16,16,26,24,21,28,26,19,26,26,17,22,31,16,21,35,10,16,40,9,15,39,6,13,38,3,9,41,1,9,46,5,11,54,7,13,58,7,14,73,13,23,80,14,24,89,17,29,101,21,34,112,23,41,122,28,46,131,32,52,137,34,51,143,35,50,151,36,49,161,39,54,169,41,56,172,40,54,173,37,51,177,32,47,184,29,43,194,26,43,201,26,43,204,26,42,203,25,41,202,25,43,202,23,42,204,21,43,200,18,41,192,16,39,190,16,41,189,15,40,188,14,39,186,12,37,185,11,36,182,10,34,182,10,34,177,8,31,181,13,36,184,18,40,181,18,39,178,17,35,175,16,34,173,14,32,171,12,30,168,11,30,171,14,33,172,15,32,169,12,29,167,10,27,168,12,26,171,15,29,173,17,31,173,15,30,173,15,30,175,14,30,175,14,30,176,15,31,175,14,30,174,13,31,173,12,30,174,12,33,175,13,34,176,14,35,176,14,35,174,13,31,171,10,28,170,7,24,170,5,21,169,3,17,169,2,12,172,1,10,175,0,7,179,0,4,180,0,3,183,0,4,185,1,3,186,0,1,188,0,0,192,0,0,201,3,2,209,5,4,216,6,5,221,6,4,228,5,6,227,1,2,230,2,3,229,1,0,230,2,1,234,6,3,234,9,3,240,17,10,247,29,17,252,40,18,249,44,13,247,53,15,246,60,13,243,64,6,247,72,5,252,76,3,246,73,0,249,80,0,247,88,0,247,97,2,252,108,9,255,116,13,250,113,9,251,110,5,255,114,8,255,114,4,255,116,3,253,118,3,251,120,2,249,123,3,244,120,0,246,124,1,255,136,10,255,149,17,255,155,17,255,158,17,245,161,27,242,174,65,241,188,110,216,177,136,182,156,139,179,166,157,181,178,173,169,171,168,166,175,170,170,181,173,168,180,170,170,176,166,161,164,155,154,155,150,145,147,142,137,144,136,133,145,133,130,146,133,135,152,142,140,156,155
69,74,80,70,64,64,79,49,38,134,70,45,215,109,70,249,118,66,245,101,40,234,86,24,219,73,24,206,67,34,184,59,41,144,40,31,96,24,12,68,16,5,55,15,7,45,17,14,33,20,29,32,26,40,35,27,42,35,27,42,31,28,39,29,29,39,26,30,39,21,26,32,22,25,32,26,26,34,32,27,34,34,29,36,34,29,35,32,31,36,31,35,38,32,37,40,36,39,44,37,38,43,35,36,41,35,36,41,37,38,43,38,39,44,38,39,44,37,38,43,39,40,45,41,42,47,41,42,47,40,41,46,39,40,45,38,39,44,39,40,45,40,41,46,41,38,47,41,38,47,40,39,47,40,39,45,38,39,44,35,38,43,34,37,42,33,38,42,30,37,45,33,41,52,59,68,83,89,100,118,82,94,118,47,61,88,40,53,85,59,72,104,119,130,160,142,153,183,157,168,198,163,174,204,170,181,211,162,173,203,141,152,180,129,141,167,98,109,131,55,63,82,20,26,42,13,17,29,16,16,24,18,17,22,20,18,21,23,17,19,26,15,19,29,17,21,29,17,21,26,15,19,25,14,18,26,16,17,27,15,17,27,12,15,31,10,15,36,9,14,42,9,16,49,8,16,57,7,19,63,7,20,69,7,22,73,7,21,81,11,22,87,11,21,95,11,24,104,12,27,110,14,26,121,17,28,134,18,31,147,17,29,161,13,29,172,14,29,179,17,32,180,18,31,179,18,33,182,19,36,188,19,38,188,19,40,183,20,41,182,20,43,181,19,42,181,19,42,178,18,42,178,18,42,178,18,42,178,18,42,177,17,41,180,23,44,182,26,47,182,27,45,179,26,44,179,28,45,180,29,44,179,28,43,177,24,42,181,26,44,180,25,43,177,22,38,175,20,36,176,21,35,177,22,36,176,21,35,174,19,33,173,18,32,172,16,30,171,15,29,169,13,27,168,11,28,166,9,26,165,8,25,164,5,25,164,5,25,164,5,25,164,5,23,164,5,23,163,5,20,164,3,18,164,2,15,165,1,12,167,1,11,169,0,8,173,0,6,177,2,7,181,5,7,183,3,6,183,0,2,188,4,4,189,1,0,190,0,0,197,0,0,205,1,2,215,3,2,224,6,7,232,9,10,229,3,4,231,3,2,231,1,1,232,3,0,236,7,4,236,8,5,237,12,8,242,19,11,248,31,14,242,34,8,247,50,15,248,62,15,234,55,0,231,56,0,249,73,0,255,87,10,255,90,7,255,97,6,250,102,6,248,109,8,253,118,13,253,118,11,249,113,5,248,110,1,249,109,0,253,116,2,255,123,8,255,129,10,255,132,10,249,127,4,247,125,2,254,132,9,255,138,10,255,149,15,255,157,14,241,155,16,233,162,44,237,180,90,226,179,127,198,162,136,184,165,151,182,175,169,171,172,167,167,176,171,170,182,172,168,180,168,169,175,163,161,164,155,155,156,151,149,150,145,142,149,141,138,150,138,134,152,138,137,157,146,145,160,163
61,67,79,63,62,68,62,43,39,94,47,29,180,95,58,242,125,71,250,109,37,245,92,16,241,77,16,240,75,30,241,81,55,225,80,59,184,64,39,151,47,22,118,26,5,73,3,0,47,12,16,36,20,31,38,28,37,36,31,38,30,31,36,27,32,36,27,32,36,23,26,31,24,23,29,28,25,32,33,28,35,33,30,37,33,32,38,30,33,38,28,36,39,28,36,39,36,39,44,37,38,43,35,36,41,35,36,41,37,38,43,38,39,44,38,39,44,38,39,44,38,39,44,40,41,46,42,43,48,42,43,48,41,42,47,40,41,46,41,42,47,41,42,47,41,38,45,42,39,46,42,41,47,41,40,46,37,38,43,33,37,40,34,38,41,34,39,43,24,31,37,23,32,41,30,40,52,61,73,89,85,96,116,55,67,91,31,43,69,49,61,87,64,75,103,102,111,140,136,147,175,155,166,194,168,179,209,177,188,218,174,185,213,164,176,202,155,165,190,125,133,154,87,94,112,50,56,70,22,26,37,17,20,27,23,24,29,19,20,24,18,19,23,18,22,23,19,23,24,18,24,24,18,24,24,16,25,22,16,22,20,15,19,18,17,19,18,21,17,16,25,15,16,28,14,14,32,9,15,35,8,13,38,7,13,39,6,13,37,5,8,42,8,9,47,5,9,51,0,5,57,2,7,72,7,11,91,12,18,107,12,18,115,0,10,129,2,13,135,5,13,136,5,13,135,5,15,137,5,16,146,5,21,148,5,23,144,7,23,142,7,22,142,7,22,141,6,21,143,6,24,144,7,25,146,7,26,147,8,27,146,7,26,149,10,29,151,12,31,151,13,29,151,13,29,152,16,30,154,18,32,158,17,33,159,12,30,162,11,30,162,11,30,160,9,26,161,8,26,162,10,25,161,9,24,159,7,22,161,9,24,160,8,23,158,6,21,157,5,20,157,5,20,156,3,21,158,3,21,157,2,20,155,0,18,154,0,17,153,0,14,154,0,14,156,0,16,158,0,15,160,0,14,161,0,12,163,0,10,167,0,8,169,0,7,172,0,3,178,4,6,185,9,11,186,6,9,182,0,1,193,7,8,193,3,3,194,0,0,197,0,0,202,0,0,213,1,0,224,6,7,234,10,11,231,3,4,233,3,3,234,2,2,233,4,1,238,9,6,237,10,4,236,9,3,237,14,6,241,24,7,232,24,0,244,47,12,255,75,30,254,75,19,237,62,0,239,62,0,248,75,0,255,90,9,255,100,12,254,105,11,249,107,7,251,116,11,254,119,11,250,114,4,247,109,0,245,109,0,250,116,1,253,124,7,255,130,10,255,134,9,251,132,6,251,132,6,255,139,11,253,136,7,255,149,15,255,159,15,243,154,12,228,153,28,235,171,71,235,180,116,213,171,133,188,165,147,182,173,164,172,173,168,171,177,173,170,181,173,168,180,170,167,175,164,161,164,157,155,155,153,150,152,149,146,153,146,143,155,145,139,155,142,142,159,149,149,163,166
56,65,80,61,65,76,65,56,61,75,45,35,144,79,47,222,123,68,245,114,34,245,91,5,249,78,6,243,67,8,239,62,21,243,75,39,238,85,44,220,81,42,186,59,26,131,35,13,75,23,25,43,20,30,37,24,31,31,29,32,25,31,31,26,34,36,26,31,34,27,28,33,27,24,31,33,28,35,36,31,38,34,33,39,31,34,39,30,35,39,27,37,39,28,36,39,35,38,43,36,37,42,34,35,40,35,36,41,36,37,42,38,39,44,40,41,46,40,41,46,38,39,44,40,41,46,42,43,48,43,44,49,43,44,49,42,43,48,42,43,48,42,43,48,41,40,46,42,39,46,42,41,47,41,40,46,38,39,43,37,38,42,35,39,42,34,39,43,25,30,36,31,38,46,24,33,42,36,46,58,67,76,93,61,72,90,43,54,74,51,62,84,48,58,83,77,87,112,112,122,149,126,138,164,133,144,172,147,158,186,156,167,195,152,164,190,154,164,189,160,171,191,149,157,176,107,114,130,59,65,79,29,33,44,19,22,31,17,22,28,18,26,29,18,26,28,16,26,28,15,25,26,14,26,26,14,26,24,14,26,26,15,25,24,16,25,24,18,24,22,22,24,23,24,22,23,26,20,22,29,18,22,32,17,22,30,18,20,27,17,18,30,20,19,33,17,18,32,10,12,38,9,11,54,13,17,76,17,23,92,15,23,101,4,15,114,4,15,120,6,14,119,5,13,118,4,12,119,3,14,128,1,18,130,1,19,122,0,15,118,0,14,119,0,13,118,0,12,119,0,14,122,0,15,125,0,17,126,0,18,126,0,17,127,0,18,127,0,16,127,0,16,127,0,14,129,1,16,130,2,17,134,1,18,139,0,14,144,0,15,146,0,18,145,0,16,147,0,17,149,1,17,150,2,18,149,1,15,148,0,16,147,0,13,146,0,14,146,0,14,147,0,15,148,0,16,151,0,17,151,0,17,151,0,17,150,0,15,149,0,12,152,0,13,156,0,14,159,1,15,161,0,15,162,0,13,164,0,8,170,3,11,173,2,8,173,0,4,179,3,5,188,10,10,188,8,9,183,1,0,193,7,8,196,6,6,200,4,5,202,2,2,205,0,1,212,0,0,223,3,5,231,7,7,229,1,2,235,3,3,234,2,0,234,2,0,238,6,2,236,7,2,237,8,3,238,14,4,251,31,15,238,28,3,235,36,3,252,63,21,255,78,28,246,67,9,239,61,0,252,78,7,252,82,5,255,95,12,255,104,13,251,109,11,251,114,10,252,117,9,252,116,4,252,116,4,249,115,2,250,120,6,249,124,6,248,128,6,251,134,5,250,133,2,250,133,2,254,137,6,253,136,5,255,146,10,255,157,13,249,157,14,235,154,21,239,169,58,244,181,102,229,179,128,197,170,143,184,172,160,175,174,169,173,179,175,170,181,175,168,179,171,166,173,165,158,163,156,152,154,151,150,152,149,147,154,147,143,155,145,138,154,143,140,157,149,146,160,161
62,73,93,60,69,86,64,68,80,65,51,50,110,66,41,194,117,65,241,125,40,242,95,0,247,81,0,249,71,0,237,53,0,242,62,13,254,81,25,241,82,27,221,76,31,184,73,45,118,54,52,64,33,41,44,29,34,31,31,31,22,31,28,23,35,33,25,31,31,28,29,33,32,27,33,37,30,37,36,33,40,33,34,39,30,35,41,29,38,43,30,39,44,30,39,44,36,39,44,36,37,42,35,36,41,35,36,41,36,37,42,38,39,44,40,41,46,41,42,47,39,40,45,41,42,47,42,43,48,44,45,50,43,44,49,43,44,49,42,43,48,41,42,47,42,41,46,41,40,45,40,39,44,41,40,45,40,41,45,40,41,45,37,40,45,35,40,44,33,38,44,35,42,48,25,32,40,24,33,42,51,59,70,66,74,87,52,60,73,36,45,62,42,50,71,54,62,85,74,81,107,82,92,117,81,91,118,92,102,129,108,120,146,112,124,148,130,142,164,146,157,177,148,159,177,139,148,165,111,120,135,58,66,79,16,22,34,10,14,25,23,26,33,23,24,29,21,21,29,20,21,26,18,21,26,18,22,25,18,21,26,18,22,25,21,22,26,22,23,25,23,23,25,23,21,24,24,19,23,24,18,22,25,16,21,23,17,21,20,20,22,23,23,25,26,21,25,26,15,21,30,13,19,48,17,23,72,21,30,93,19,32,108,11,28,117,9,25,120,9,25,119,9,22,119,9,22,124,9,26,133,6,27,133,4,26,126,5,22,122,5,21,122,4,20,121,3,19,123,2,21,124,3,22,126,3,23,126,3,23,125,0,20,125,0,20,125,0,20,126,0,21,125,0,18,125,0,18,126,1,19,128,0,17,135,0,15,144,0,17,147,1,22,147,1,20,146,0,19,148,3,20,150,5,22,150,5,20,150,3,21,149,2,18,147,0,18,146,0,17,147,0,18,148,1,19,148,1,19,148,1,19,149,1,17,149,1,17,150,0,14,153,1,16,158,2,16,162,1,16,164,2,15,166,0,12,170,0,9,177,6,14,181,6,11,178,2,5,180,1,4,187,7,8,188,8,7,186,2,2,193,5,6,198,5,6,203,5,6,205,3,3,208,0,2,214,0,0,223,3,5,230,4,5,230,0,2,236,4,4,237,3,2,235,2,0,236,3,0,238,5,0,241,8,3,245,17,8,245,24,8,246,34,12,238,35,5,242,48,10,255,69,22,244,63,10,238,60,0,255,84,19,255,84,12,255,92,13,251,100,11,250,107,11,252,115,11,252,118,7,252,118,3,255,121,6,252,122,10,253,127,14,250,130,10,247,132,7,250,137,5,248,136,0,244,130,0,244,127,0,250,133,2,250,136,1,254,148,4,255,156,11,247,160,21,248,169,48,252,179,84,243,186,119,210,177,142,188,172,157,180,176,167,176,181,177,170,181,175,168,181,174,164,174,166,157,164,157,152,154,153,147,151,150,145,151,147,140,152,142,135,148,138,135,150,143,142,153,155
68,83,104,59,74,93,63,76,92,64,65,67,93,67,52,175,114,70,236,133,56,238,104,9,237,82,0,254,83,1,243,66,0,249,69,8,255,82,18,246,80,22,227,82,37,197,86,59,144,80,78,84,53,61,62,47,50,42,42,42,23,34,30,23,35,31,24,30,30,30,31,33,34,29,35,37,32,38,37,34,41,33,34,39,30,35,41,31,40,45,34,43,50,34,41,47,38,41,48,39,40,45,38,39,44,37,38,43,37,38,43,37,38,43,38,39,44,39,40,45,41,42,47,41,42,47,42,43,48,43,44,49,43,44,49,43,44,49,42,43,48,42,43,48,43,42,47,42,42,44,41,40,45,41,40,45,42,43,47,42,43,48,39,42,47,37,40,47,37,40,47,33,38,44,28,32,41,26,33,41,42,46,55,57,64,72,54,61,71,37,43,55,39,44,63,39,44,64,47,53,75,53,59,81,50,58,81,54,65,87,69,80,102,76,87,109,98,109,131,116,127,147,125,136,154,134,145,163,140,149,166,104,113,128,46,53,69,12,18,30,20,20,30,20,17,26,20,17,26,23,20,29,25,22,29,23,22,28,23,20,27,22,21,27,23,22,27,24,23,28,25,23,28,25,23,28,24,22,27,23,21,26,24,19,23,21,20,25,18,23,27,19,24,28,20,20,28,19,16,23,25,14,22,41,15,24,69,21,35,96,23,40,108,13,33,119,10,31,120,9,28,118,7,24,118,7,24,123,5,27,131,1,27,132,0,26,130,4,25,128,5,23,128,5,25,130,4,25,130,4,26,130,4,26,130,4,26,132,4,27,127,0,22,126,0,21,125,0,21,127,1,23,127,1,23,126,0,21,126,0,22,129,0,22,137,0,20,145,2,22,148,5,25,146,3,23,143,0,20,143,0,18,145,2,20,146,4,20,150,5,22,148,3,20,147,2,19,146,1,18,146,1,18,147,2,19,148,2,21,148,3,20,148,1,17,149,1,15,152,1,16,156,1,15,159,1,15,162,0,13,166,0,12,169,0,10,176,2,11,182,7,14,187,8,12,184,4,7,184,1,3,187,5,4,189,5,3,188,3,1,194,1,4,198,2,4,202,2,4,203,0,0,207,0,0,215,0,0,226,3,4,232,6,7,234,4,4,243,9,8,244,9,6,240,5,2,240,5,1,242,7,3,246,11,7,251,20,12,236,13,0,247,32,11,245,40,11,247,49,14,255,67,25,248,63,16,235,54,0,239,63,3,255,88,19,254,91,16,247,92,9,245,100,7,250,111,8,250,116,5,249,115,0,249,118,0,253,126,13,253,129,15,248,129,9,244,131,3,249,137,1,250,140,1,247,135,0,246,132,0,251,134,3,249,135,2,250,140,0,255,153,8,255,163,20,251,167,35,254,174,63,251,186,104,222,184,139,192,171,150,183,175,164,179,180,175,170,181,177,170,182,178,162,173,167,154,163,158,150,154,155,145,149,150,141,147,143,135,146,138,129,142,133,129,144,137,137,148,150
69,90,111,65,86,105,63,85,99,66,77,81,86,73,67,151,106,77,221,133,70,234,115,31,238,100,9,253,99,9,240,77,2,241,72,5,248,76,14,240,83,32,224,96,61,184,91,74,135,80,83,91,64,73,81,69,73,56,54,57,26,35,34,24,34,33,26,31,34,29,33,36,33,31,36,36,34,39,36,35,41,33,34,39,30,35,41,32,39,45,35,42,48,37,42,48,38,41,48,40,40,48,39,39,47,38,38,46,38,38,46,38,38,46,38,38,46,39,39,47,42,42,50,41,41,49,41,41,49,42,42,50,42,42,50,43,43,51,43,43,51,43,44,49,43,44,48,42,43,47,42,43,48,42,43,48,42,43,48,42,42,50,41,41,49,38,41,50,39,42,51,35,38,47,32,35,42,28,33,39,30,33,40,38,43,49,42,47,53,37,41,50,40,42,55,37,39,54,40,43,60,42,45,62,38,43,62,39,46,64,47,54,73,52,60,79,65,73,92,82,93,111,96,107,125,104,115,133,118,130,146,122,134,148,88,97,112,42,48,62,20,20,30,20,17,26,20,17,26,24,21,30,27,24,31,26,23,30,27,22,29,25,22,29,22,19,26,23,20,27,23,22,27,24,23,28,24,23,28,23,22,27,22,23,27,20,24,27,22,27,33,20,25,31,20,23,32,22,21,29,24,17,25,38,15,25,66,19,35,95,24,42,114,16,39,123,14,37,125,12,32,122,9,29,120,7,27,124,5,27,134,1,30,137,0,29,142,2,29,142,2,28,143,3,30,143,3,30,143,3,30,142,4,30,141,3,29,139,2,28,137,0,28,133,0,26,131,0,25,131,1,27,132,2,28,130,2,25,131,3,28,133,3,27,141,3,26,147,5,27,148,6,28,146,5,24,145,2,22,145,2,20,145,2,20,145,2,20,147,1,20,146,0,19,145,0,18,145,0,18,146,0,19,147,1,20,148,1,20,148,1,19,149,1,17,150,2,16,155,3,18,158,2,16,160,0,14,163,0,12,168,0,9,173,0,9,180,3,11,185,4,11,189,6,10,189,5,7,189,3,4,191,3,2,191,3,2,191,2,0,195,1,2,201,2,5,204,1,4,205,0,1,209,0,2,217,1,2,227,4,5,233,5,6,236,4,4,243,9,8,245,10,7,245,7,5,246,8,5,247,9,6,249,12,6,252,18,11,245,19,5,243,24,5,242,32,7,245,42,10,249,53,15,252,64,19,244,60,10,224,48,0,246,74,10,249,85,13,248,93,11,247,100,7,248,109,6,249,115,4,249,116,0,246,117,0,248,123,7,250,129,12,247,129,6,242,129,0,247,135,0,251,141,0,253,141,3,255,141,6,251,134,5,252,137,8,248,136,0,248,143,0,255,156,11,250,158,21,250,164,41,253,183,87,233,188,133,195,170,140,186,173,157,178,177,172,170,179,176,171,183,183,163,174,170,154,163,160,149,153,154,143,147,148,137,143,141,129,140,134,124,137,128,126,141,134,135,146,148
71,96,116,73,99,114,62,89,100,60,78,82,72,70,71,124,91,76,200,126,81,231,126,58,235,111,25,250,109,19,246,89,10,243,78,10,240,70,18,232,83,43,213,102,82,159,84,79,109,68,74,85,65,76,92,81,89,67,62,68,31,32,36,27,32,35,27,32,35,31,35,38,32,33,38,36,37,42,36,37,42,33,34,39,33,34,39,35,38,43,37,40,47,36,39,46,40,40,48,40,40,48,40,40,48,39,39,47,39,39,47,39,39,47,39,39,47,40,40,48,42,42,50,41,41,49,40,40,48,41,41,49,42,42,50,43,43,51,44,44,52,44,44,52,43,44,49,44,45,50,45,46,51,44,44,52,42,42,50,41,41,51,41,41,51,42,42,52,36,39,48,35,38,47,32,35,44,30,33,40,34,37,42,41,44,49,42,45,50,40,40,48,42,42,52,42,42,54,43,42,56,40,42,55,37,40,55,35,41,55,39,45,61,40,47,63,49,56,74,49,58,75,61,70,87,70,79,96,83,92,109,110,119,134,109,118,133,76,82,94,27,30,39,25,26,31,22,22,30,25,24,30,25,24,30,25,22,29,24,21,28,24,21,28,23,22,28,24,23,28,25,24,29,25,26,30,24,25,29,21,25,28,21,25,28,20,25,28,16,23,29,14,21,27,17,22,28,22,22,30,24,19,26,34,14,23,59,17,31,90,23,40,109,16,37,122,14,37,127,14,34,123,10,28,123,7,28,125,6,28,137,4,33,143,3,32,149,2,31,151,2,31,151,2,31,151,4,32,151,2,32,149,2,30,145,0,29,143,0,28,141,1,28,137,0,25,135,0,24,135,1,26,135,1,26,134,2,26,133,3,29,138,4,29,143,3,29,147,3,28,147,3,26,146,2,25,148,2,23,150,4,25,149,3,22,148,2,21,152,5,24,151,4,23,149,2,21,148,1,20,148,1,20,148,1,20,149,0,20,149,0,19,152,1,16,155,3,16,158,3,17,160,2,16,163,0,12,165,0,10,172,0,8,177,0,10,185,1,9,187,0,7,190,1,5,193,3,5,196,3,4,196,4,3,193,1,0,193,0,0,200,1,4,204,4,6,209,5,8,211,2,5,214,1,3,221,3,4,227,3,4,230,2,1,230,0,0,239,3,3,243,5,3,242,4,1,246,7,4,248,9,6,247,8,3,248,11,5,241,13,2,230,9,0,242,26,5,248,40,14,241,41,8,253,59,21,253,66,21,222,42,0,228,55,0,245,80,12,255,100,21,254,105,15,252,110,10,252,116,6,251,120,2,251,122,2,241,116,0,250,127,6,252,134,10,249,134,5,251,139,1,252,141,0,250,138,0,250,136,3,244,126,0,251,133,9,244,130,0,240,130,0,246,145,1,246,151,9,251,160,28,255,182,76,240,189,123,199,167,129,188,170,150,180,176,167,171,177,175,171,183,183,162,174,172,154,164,163,147,152,155,139,144,147,131,140,139,125,136,132,121,134,127,124,139,134,134,144,145
76,103,120,74,102,114,69,98,102,63,87,87,71,78,84,94,73,70,151,90,69,226,134,87,238,122,47,240,101,16,246,86,10,237,67,5,232,63,22,229,84,63,172,78,76,94,41,49,65,42,52,80,70,81,77,67,78,49,41,52,47,41,51,42,41,49,24,27,34,29,34,38,29,36,42,30,35,39,32,35,40,37,36,42,38,35,42,37,35,40,38,35,42,40,39,45,39,39,47,38,41,48,38,41,48,38,41,48,38,41,48,38,41,48,39,42,49,39,42,49,40,43,50,39,42,49,39,42,49,39,42,49,39,42,49,41,44,51,42,45,52,43,46,53,46,46,54,46,46,54,46,46,54,45,45,55,44,44,54,43,43,55,43,43,55,42,42,54,41,41,53,38,38,48,33,33,43,33,33,41,40,41,46,42,43,48,40,41,45,41,40,46,47,44,53,46,43,52,45,42,51,44,43,51,43,43,53,42,45,54,42,44,56,41,45,57,40,43,58,38,44,58,42,48,62,50,58,71,63,71,84,76,84,97,86,94,107,92,98,110,50,57,63,21,29,31,12,20,23,21,26,29,22,26,29,23,27,30,27,28,32,21,22,26,23,24,28,22,26,29,22,26,29,22,28,28,22,28,28,19,28,27,18,27,26,17,25,27,17,27,28,18,26,29,19,24,28,20,23,28,23,22,27,30,18,22,54,18,28,87,27,39,109,22,39,121,18,37,125,17,33,124,13,29,123,10,28,127,10,29,135,7,30,142,5,31,148,1,29,150,0,27,151,1,28,150,2,28,151,1,30,150,2,28,150,1,30,150,3,31,146,2,29,144,2,28,140,0,26,139,1,26,141,3,28,141,5,29,138,4,29,140,2,27,144,0,25,147,0,26,147,1,24,148,2,25,149,1,23,149,1,23,150,3,22,151,4,23,150,1,20,150,1,20,152,1,20,152,1,20,152,1,20,152,1,20,153,1,22,155,2,22,155,0,16,159,3,16,163,5,19,167,5,18,169,1,14,171,0,11,175,0,8,180,0,6,188,0,6,193,2,9,197,4,9,197,2,6,200,4,6,205,7,8,201,3,4,194,0,0,199,0,0,205,1,4,212,3,8,215,5,8,219,5,7,223,3,5,226,2,3,229,0,0,237,3,4,242,6,6,246,8,6,245,6,3,244,2,0,245,3,0,246,4,0,245,6,1,250,18,8,245,19,5,238,17,0,249,34,13,251,46,17,255,58,23,255,72,30,232,52,3,216,43,0,227,62,0,255,95,19,255,115,26,255,112,13,251,115,5,255,124,6,252,124,1,249,123,2,246,122,0,254,132,7,255,138,10,251,135,0,250,137,0,253,140,2,251,134,3,251,133,10,253,134,14,250,135,10,245,134,1,245,142,1,241,144,3,241,147,13,252,170,58,245,188,111,219,179,130,184,158,133,176,166,156,177,181,180,168,180,180,162,174,172,151,163,161,147,155,157,139,147,149,132,141,140,127,138,134,124,137,130,127,142,137,137,147,148
84,107,123,79,106,117,71,101,101,64,90,87,66,81,88,82,73,78,129,84,78,196,121,90,233,129,66,237,107,29,242,86,11,238,72,12,231,71,39,208,80,69,136,67,72,64,34,46,57,49,62,65,65,77,53,47,61,30,22,35,32,21,35,45,39,51,46,46,56,29,36,42,27,36,41,30,39,44,36,39,44,38,37,43,40,35,41,42,35,42,43,36,43,41,39,44,39,40,45,38,41,48,39,42,49,39,42,49,38,41,48,38,41,48,39,42,49,40,43,50,42,45,52,41,44,51,41,44,51,41,44,51,41,44,51,42,45,52,43,46,53,44,47,54,47,47,55,47,47,55,47,47,57,47,47,57,46,46,58,46,46,58,45,44,58,45,44,58,42,42,54,39,39,51,34,34,44,34,34,44,41,41,49,43,44,49,42,41,47,42,41,46,42,39,46,45,40,46,45,42,49,47,44,51,47,46,52,45,45,53,43,43,51,39,42,51,41,43,55,40,44,55,41,45,56,44,48,59,49,53,65,56,60,72,62,66,78,63,70,80,52,62,64,25,35,36,15,23,25,20,28,30,21,26,29,22,26,29,26,27,31,21,22,26,23,24,28,24,25,29,22,26,27,23,27,28,23,27,28,21,27,27,20,26,26,18,27,26,17,26,25,17,25,27,20,24,27,22,23,27,23,23,25,29,18,22,50,21,26,80,29,36,105,25,38,118,20,35,125,17,32,126,14,28,125,13,27,129,12,28,135,9,30,139,5,29,145,1,26,149,1,27,151,3,29,152,4,30,153,3,30,152,2,29,151,1,28,150,2,26,152,4,30,150,2,26,147,0,26,147,0,26,146,2,27,146,2,27,145,1,26,143,0,24,148,0,26,150,0,25,151,1,26,151,2,24,154,2,25,154,2,23,154,2,23,154,3,22,154,1,21,155,2,22,156,0,21,156,1,19,155,0,20,156,0,21,157,1,22,159,2,21,161,3,18,164,4,16,168,3,17,170,4,16,174,2,14,177,1,12,181,0,9,185,0,7,190,0,6,196,1,7,199,3,7,200,1,4,202,2,4,206,3,6,204,2,2,200,0,0,202,0,1,206,0,2,212,2,5,216,3,5,221,3,4,225,2,3,227,1,2,230,0,0,231,0,0,240,5,2,248,9,6,246,7,4,243,1,0,243,1,0,248,5,1,251,9,5,244,10,3,242,11,1,234,8,0,242,23,3,247,37,12,255,57,24,255,73,34,236,54,7,211,36,0,226,58,0,251,89,14,255,105,19,255,108,12,252,114,7,251,120,2,255,127,4,252,126,3,249,124,0,253,129,5,254,132,5,248,130,0,250,132,0,252,134,0,249,130,2,255,135,15,254,133,18,253,134,14,246,133,5,250,144,6,251,151,11,244,146,9,237,152,33,242,176,89,226,177,119,195,162,129,178,162,147,172,172,170,167,177,178,164,176,174,152,164,162,146,156,157,139,149,150,134,144,143,129,141,139,124,139,134,128,143,138,136,148,148
91,109,123,84,104,113,74,100,97,65,92,87,63,84,87,73,76,81,106,80,81,163,106,87,219,129,77,230,112,42,240,92,20,245,90,33,232,91,64,177,74,67,94,53,57,44,41,50,47,56,65,46,56,66,36,35,49,29,21,36,27,16,32,43,35,48,57,57,67,34,41,49,27,38,42,31,40,45,36,39,44,39,38,44,42,35,42,43,36,43,43,37,41,42,37,43,40,41,46,39,42,49,40,43,50,40,43,50,40,43,50,40,43,50,40,43,50,40,43,50,43,46,53,43,46,53,43,46,53,43,46,53,43,46,53,43,46,53,43,46,53,43,46,53,46,46,56,47,47,57,47,47,57,47,47,57,47,47,59,47,47,59,47,47,59,47,47,59,44,44,56,41,41,53,36,34,45,35,33,44,42,40,51,45,44,52,44,43,51,44,43,49,43,41,46,45,43,46,47,45,50,50,48,53,50,49,54,48,47,53,45,44,50,42,43,48,43,43,51,42,45,52,42,45,54,41,44,53,40,42,54,40,42,54,42,44,56,45,48,57,54,59,63,29,38,37,20,26,26,24,28,29,24,25,27,24,25,27,26,26,28,23,23,25,26,24,27,26,24,27,27,25,28,26,26,28,26,26,28,25,25,27,25,25,27,23,24,26,20,24,25,21,25,26,23,23,25,25,23,26,25,23,26,29,19,20,45,20,23,72,27,32,98,25,36,115,19,31,124,14,27,127,11,24,128,10,24,132,10,25,135,8,27,137,4,25,140,1,24,144,2,26,149,5,28,152,6,29,154,6,30,154,4,29,152,2,27,154,2,25,159,5,31,157,3,27,158,1,28,157,0,27,157,0,27,157,0,27,156,0,26,154,0,24,154,0,26,154,0,26,157,0,27,158,2,26,158,2,26,158,2,24,159,2,23,159,2,21,159,0,20,159,0,20,159,0,20,158,0,17,160,0,19,161,0,20,163,1,22,165,4,22,169,4,20,169,3,15,169,1,14,173,1,13,178,2,13,183,3,14,186,2,10,189,0,7,193,0,7,196,0,6,200,1,6,203,0,4,204,0,3,205,1,2,206,0,2,206,0,2,208,0,2,209,0,2,212,0,3,216,2,4,222,2,4,225,2,3,228,2,3,231,1,1,233,0,0,240,5,2,247,8,5,245,6,3,244,2,0,244,2,0,247,3,2,248,6,4,245,7,4,246,12,5,240,10,0,242,16,0,244,28,7,255,51,22,255,74,36,250,65,19,212,37,0,222,52,0,245,81,9,253,94,10,253,105,9,255,115,9,249,118,2,255,129,8,255,127,2,249,124,0,251,125,2,252,128,4,252,129,0,255,132,2,255,134,5,253,129,5,254,129,13,251,127,15,249,130,12,241,127,2,243,135,0,253,152,12,252,152,15,237,149,26,237,165,67,234,177,108,208,169,128,181,160,141,168,165,160,166,174,176,164,176,174,153,165,163,146,156,155,141,151,150,139,149,150,135,147,145,130,145,140,133,148,145,141,153,153
99,112,121,91,106,111,79,104,100,71,98,93,69,93,93,78,89,91,100,89,93,144,106,93,206,135,93,225,125,63,235,106,40,240,106,53,209,94,73,125,50,45,44,28,29,24,39,44,48,67,73,38,52,61,36,40,51,37,33,47,29,21,36,30,22,35,43,43,53,46,51,57,34,43,48,32,39,45,33,36,41,38,37,43,42,37,43,42,35,42,41,36,42,40,38,43,40,41,46,40,43,50,41,44,51,42,45,52,41,44,51,41,44,51,40,43,50,41,44,51,41,44,51,41,44,51,42,45,52,42,45,52,43,46,53,42,45,52,42,45,52,42,45,52,45,45,55,46,46,56,46,46,56,46,46,56,47,47,57,47,47,57,47,47,57,47,47,57,45,45,55,43,43,53,38,36,47,36,34,45,42,40,51,46,44,55,45,43,54,45,44,52,47,46,51,47,46,51,47,46,51,48,47,52,48,47,52,48,47,52,47,46,51,46,45,50,44,45,50,45,46,51,46,46,54,46,46,54,44,44,54,43,43,53,44,44,56,45,45,55,47,51,54,29,35,35,22,26,27,24,28,29,26,27,29,25,26,28,27,27,29,25,25,27,27,25,28,27,25,28,27,25,28,28,26,29,26,26,28,26,26,28,26,26,28,24,25,27,21,25,26,23,27,26,26,24,27,28,23,27,27,22,26,27,18,19,38,20,20,60,24,26,94,27,36,111,21,31,125,15,28,130,9,24,129,7,22,132,7,21,135,6,24,136,5,23,138,0,23,144,2,26,147,5,29,151,7,30,154,6,30,155,6,28,157,5,28,159,3,27,163,5,30,165,3,27,164,1,28,165,1,26,166,2,29,168,1,29,168,0,28,163,0,26,160,0,26,159,1,26,160,0,26,160,0,24,161,1,25,161,2,24,163,1,22,163,2,20,162,0,18,162,0,18,162,0,18,162,0,16,164,0,18,166,0,20,169,3,23,171,4,22,171,3,18,171,1,12,171,0,11,175,0,10,178,1,11,183,2,11,187,2,8,190,1,7,194,1,6,195,0,3,199,0,2,202,0,2,203,0,0,204,0,0,208,0,2,212,2,5,211,1,4,211,0,0,212,0,0,216,0,1,222,2,2,226,2,2,228,3,1,232,3,0,238,5,1,240,5,2,242,4,1,243,4,1,247,5,3,249,7,5,248,4,3,244,2,0,246,7,4,251,14,8,249,15,6,247,17,2,240,19,0,246,37,7,255,67,29,255,77,30,228,51,0,219,47,0,239,72,1,252,91,10,253,103,9,255,116,11,251,120,6,254,128,7,252,127,0,251,126,0,250,124,1,251,125,4,253,128,2,255,131,3,255,131,6,255,129,8,248,121,8,246,120,9,253,132,15,245,129,6,239,128,0,250,144,6,255,154,18,247,153,27,238,157,52,241,176,96,221,174,128,188,162,139,169,162,156,165,171,171,161,173,171,150,165,162,148,158,157,145,155,154,144,156,156,141,155,155,138,153,150,142,157,154,149,163,163
118,126,128,108,120,120,98,118,116,92,115,109,90,113,107,97,112,109,112,112,112,142,122,111,194,145,112,223,147,97,225,125,66,211,108,63,170,89,72,95,47,45,36,38,35,31,55,55,51,70,74,34,49,54,35,42,50,29,29,39,22,19,30,19,16,25,23,22,30,56,57,62,47,50,55,36,39,44,32,33,38,37,38,43,41,40,46,38,37,43,37,36,42,40,41,46,41,41,49,40,43,50,42,45,52,42,45,52,42,45,52,41,44,51,41,44,51,41,44,51,40,43,50,41,44,51,42,45,52,43,46,53,43,46,53,43,46,53,42,45,52,42,45,52,44,47,56,44,47,56,44,47,54,45,48,55,47,47,55,46,46,54,46,46,54,46,46,54,45,45,53,45,45,53,39,39,47,35,35,43,41,41,51,45,45,55,45,43,54,45,43,54,47,47,55,47,48,53,46,47,52,46,47,51,46,47,51,47,48,52,47,48,52,46,47,51,46,45,50,46,45,50,47,46,52,47,46,52,47,46,54,46,45,53,45,43,54,44,44,52,36,39,44,25,30,33,21,26,29,23,28,31,25,29,32,24,28,31,23,27,30,23,27,30,26,27,31,26,27,31,26,27,31,26,27,31,26,27,31,26,27,31,25,26,30,23,27,28,18,28,27,21,30,29,27,25,30,28,23,27,26,24,27,23,21,22,29,21,19,49,23,22,89,32,38,110,27,37,128,20,35,134,12,27,133,6,23,133,4,22,136,7,25,141,10,28,140,2,25,145,3,27,148,4,29,152,6,29,154,4,29,157,5,28,160,4,28,163,3,27,165,1,26,167,1,25,169,1,27,170,0,26,173,0,28,173,0,28,174,0,28,171,1,28,165,1,26,161,1,25,161,0,23,161,0,22,162,0,21,163,2,20,165,2,21,165,2,19,165,0,17,165,0,17,166,0,17,165,0,15,167,0,17,168,0,18,170,1,20,174,3,21,172,0,14,174,0,10,176,0,11,178,1,11,181,1,10,185,1,9,187,2,7,190,1,5,191,1,3,194,0,1,197,0,1,201,0,1,202,0,0,203,0,0,209,0,3,214,4,7,217,3,5,215,0,0,214,0,0,218,0,0,224,1,2,226,2,2,228,3,1,233,4,1,235,3,0,237,2,0,239,1,0,243,3,2,249,7,5,253,11,9,253,9,9,249,5,5,246,4,3,246,7,4,247,8,3,246,12,1,238,13,0,236,22,0,251,53,16,255,77,30,250,70,17,218,46,0,233,65,0,255,93,12,254,101,8,255,114,12,255,123,12,250,124,3,255,132,3,254,131,1,248,124,2,245,119,0,246,120,0,252,124,1,255,125,3,255,126,6,248,116,5,244,117,4,255,136,17,255,139,15,244,132,0,246,139,1,251,148,11,247,150,20,239,152,37,242,171,81,227,174,120,193,162,134,170,160,151,163,167,166,157,168,164,150,165,160,151,162,158,149,159,158,149,161,161,148,162,162,147,162,159,153,169,166,161,177,176
141,151,143,131,144,137,124,143,141,118,138,136,118,135,127,125,138,129,132,138,136,152,142,133,195,161,136,224,168,131,214,137,93,182,106,70,141,82,74,90,59,64,60,64,67,54,74,73,32,48,48,23,34,36,25,35,37,11,19,22,16,19,24,22,23,28,16,15,21,52,49,56,58,55,62,44,43,49,35,36,41,38,39,44,39,42,47,36,39,44,36,39,44,39,42,47,40,43,50,41,44,51,42,45,52,42,45,52,42,45,52,42,45,52,42,45,52,42,45,52,42,45,52,42,45,52,43,46,53,44,47,54,44,47,54,44,47,54,44,47,54,44,47,54,46,49,58,46,49,56,46,49,56,46,49,56,48,49,54,47,48,53,47,48,53,47,48,53,46,47,52,47,48,53,41,41,49,37,37,45,41,41,51,45,45,55,45,43,56,43,43,55,44,47,56,43,48,54,44,49,55,45,50,54,47,50,55,46,50,53,47,48,52,45,46,50,47,46,51,46,45,50,45,44,50,44,43,49,43,42,50,41,40,48,39,37,48,37,36,44,31,32,37,25,29,32,23,27,30,24,28,31,25,29,32,23,27,30,22,26,29,22,26,29,25,29,32,25,29,32,25,29,32,24,28,31,24,27,32,24,28,31,24,27,32,23,28,31,17,27,28,22,27,30,28,23,29,31,21,29,29,24,30,25,23,24,28,22,22,45,24,23,84,31,37,111,28,38,135,22,40,145,13,34,142,6,28,141,4,24,142,6,26,145,9,31,144,4,30,148,4,31,151,4,32,152,4,30,153,3,28,156,2,26,160,2,25,162,2,26,163,0,23,165,0,23,168,0,25,170,0,26,173,1,27,173,1,27,174,0,28,173,0,28,168,1,27,164,0,24,163,0,23,162,0,20,164,1,20,167,2,19,167,2,19,168,1,18,169,2,19,169,2,19,169,1,18,168,0,15,170,0,17,170,0,15,171,0,18,174,2,18,175,0,12,177,0,10,178,1,11,181,1,10,182,3,9,184,3,8,187,3,5,189,3,4,191,1,1,194,1,2,198,0,1,199,0,1,203,0,0,206,0,2,211,2,5,216,3,7,218,4,4,216,1,0,218,0,0,221,2,0,225,3,2,225,1,0,229,1,0,233,4,1,235,3,0,239,6,2,244,6,4,244,6,4,245,6,3,248,6,4,251,7,7,252,8,8,248,4,4,244,0,0,245,2,0,248,10,0,244,15,0,237,22,0,244,45,6,255,72,25,255,83,27,227,53,0,232,61,0,255,92,12,255,100,10,254,108,9,255,122,14,245,120,0,254,133,2,255,135,4,248,125,4,241,116,0,245,116,0,251,120,2,255,125,6,255,131,13,253,119,6,241,111,0,252,125,8,253,134,8,244,130,0,246,136,0,251,144,6,249,148,16,241,148,27,243,165,67,230,171,113,193,156,127,168,154,145,161,163,162,154,165,161,154,166,162,154,166,162,152,164,160,152,166,166,155,169,169,156,172,169,163,179,178,172,188,188
159,173,158,151,167,156,149,167,167,147,163,163,148,158,147,156,162,150,160,162,157,171,164,158,202,176,163,221,179,157,207,147,119,172,114,94,120,75,80,72,45,62,59,51,64,53,56,63,23,27,30,17,26,23,20,32,28,12,24,20,16,26,25,22,28,28,19,17,20,40,33,40,62,52,60,53,46,53,42,41,47,36,39,44,34,41,47,34,43,48,34,43,48,35,42,48,39,44,50,41,44,51,42,45,52,42,45,52,41,44,51,41,44,51,42,45,52,43,46,53,43,46,53,44,47,54,44,47,54,44,47,54,44,47,54,44,47,54,44,47,54,44,47,54,46,49,56,46,49,56,47,50,57,47,50,55,47,51,54,46,50,53,48,49,53,48,49,53,48,49,53,49,50,54,44,45,50,39,39,47,43,43,53,46,46,56,44,44,56,41,43,55,42,46,57,41,48,56,41,48,56,42,49,55,44,49,55,42,47,51,40,43,48,38,41,46,40,41,45,40,41,45,41,40,46,39,38,44,36,33,42,33,30,39,32,29,38,32,29,38,30,27,34,30,27,34,27,26,32,27,26,32,27,28,33,25,26,31,24,25,30,26,27,32,27,28,33,27,28,33,27,28,33,27,28,33,27,27,35,27,28,33,27,27,35,27,28,33,21,26,30,26,27,32,33,21,31,35,19,30,33,21,31,31,22,27,30,21,24,46,21,24,82,26,35,112,24,38,143,21,44,157,15,41,157,9,35,154,4,31,148,4,29,146,4,30,147,3,30,150,3,31,151,4,32,152,4,30,153,3,28,157,3,27,159,3,25,161,3,26,160,1,23,163,1,24,165,3,26,167,3,27,167,3,27,169,3,27,169,3,27,169,3,27,168,2,26,167,1,23,166,0,22,166,0,20,168,2,22,169,2,20,168,1,19,168,0,17,171,3,20,171,3,18,173,2,18,172,2,15,172,0,16,173,1,15,174,2,18,176,1,16,179,1,13,180,0,11,180,0,11,181,1,10,183,4,8,185,5,8,187,4,6,187,3,3,190,2,1,193,3,3,197,1,2,198,0,1,203,0,3,210,4,8,214,5,10,215,2,6,220,4,5,220,2,1,221,1,1,224,5,3,226,4,3,225,1,0,229,1,0,233,4,1,239,7,3,242,9,5,246,8,6,244,6,4,243,3,2,243,3,2,247,5,4,249,5,5,249,5,7,248,2,3,250,5,2,253,12,3,249,18,0,241,23,0,240,41,2,253,65,19,255,82,26,244,70,7,237,64,0,255,88,9,255,100,11,250,102,4,255,120,13,247,122,4,247,128,0,253,136,5,252,129,10,244,118,5,247,117,5,251,120,4,255,125,7,255,132,15,255,119,7,241,110,0,245,116,0,246,124,0,244,128,0,249,138,0,254,144,5,254,150,15,246,148,21,249,166,64,233,172,109,189,150,117,161,145,132,159,159,157,155,164,159,158,171,164,160,172,168,157,169,165,159,173,173,163,177,177,166,182,181,171,190,188,178,196,196
172,186,171,165,181,170,169,185,185,166,180,181,167,177,168,175,181,169,177,182,176,186,182,179,198,181,174,205,177,165,197,155,139,177,134,125,117,85,96,58,37,56,51,38,55,53,47,59,34,33,38,26,32,30,25,36,32,22,34,30,17,29,27,13,22,21,17,17,19,30,25,31,56,49,56,57,50,57,47,46,52,35,38,43,30,37,43,34,43,48,35,44,49,32,39,45,40,45,51,41,44,51,41,44,51,41,44,51,41,44,51,41,44,51,42,45,52,43,46,53,44,47,54,44,47,54,44,47,54,44,47,54,44,47,54,44,47,54,43,46,53,43,46,53,46,49,56,46,49,56,46,49,56,46,49,54,46,50,53,46,50,53,48,49,53,48,49,53,49,50,54,51,52,56,45,46,51,40,40,48,44,44,52,47,47,57,45,45,55,41,44,53,41,45,54,38,45,53,37,44,52,36,43,51,37,42,48,34,39,45,33,36,41,31,34,39,30,31,36,32,33,37,35,34,40,33,32,38,29,28,36,26,25,33,29,26,35,31,28,37,29,26,33,31,28,35,29,26,33,27,26,32,28,27,33,27,26,32,25,26,31,28,29,34,28,29,34,28,29,34,27,27,35,27,27,35,27,27,35,27,27,35,28,27,35,27,28,33,24,27,32,28,29,34,33,23,34,34,21,31,33,21,31,30,20,28,27,21,23,41,21,23,78,25,33,112,24,40,149,23,47,168,19,48,169,15,43,165,8,35,157,4,32,150,2,28,146,0,27,148,1,29,151,3,29,153,3,30,156,4,29,158,4,28,161,5,27,163,5,28,163,4,26,166,4,27,167,5,28,167,5,28,168,4,28,167,4,25,167,3,27,167,4,25,169,1,24,168,0,23,168,1,21,169,2,22,172,3,22,171,2,21,171,0,18,169,0,16,172,1,17,172,1,17,174,2,16,174,2,16,176,1,16,177,2,15,178,3,16,180,4,17,181,4,14,180,0,9,177,0,6,179,0,6,184,4,7,186,6,7,188,4,4,187,2,0,192,2,2,198,4,4,201,3,4,201,0,0,206,2,5,213,7,9,217,6,12,215,2,6,222,4,5,222,2,2,225,3,2,228,6,5,228,4,2,225,0,0,228,0,0,233,4,1,241,9,5,241,8,4,240,5,2,241,3,1,244,4,3,249,7,6,248,6,5,247,3,3,246,0,1,250,5,4,255,12,9,254,13,4,246,15,0,238,18,0,235,31,0,247,56,11,255,76,21,255,84,21,241,70,0,251,85,7,255,103,13,246,100,1,254,117,13,252,125,10,241,124,0,251,136,7,255,133,14,248,122,9,250,120,8,249,118,4,252,119,1,255,126,8,252,118,3,246,112,0,251,120,2,252,127,1,252,131,0,255,140,5,254,144,7,251,147,14,250,153,23,255,171,64,239,174,106,189,145,108,157,138,123,159,155,152,156,165,160,160,172,168,162,177,172,160,175,172,164,179,176,170,184,184,173,189,188,180,196,195,185,201,201
184,195,187,181,192,186,177,192,189,180,194,194,184,196,194,184,195,191,190,196,194,199,199,197,205,197,194,180,165,158,151,128,122,133,109,107,84,65,71,59,46,56,59,48,62,50,47,58,32,32,40,25,30,34,19,27,30,16,24,27,20,28,31,18,23,27,14,15,20,24,25,30,45,44,50,55,54,60,52,52,60,38,41,48,35,38,45,37,40,47,38,41,50,38,41,50,39,42,51,40,43,52,41,44,53,42,45,54,42,45,54,41,44,53,41,44,53,41,44,53,42,46,55,42,46,55,43,48,54,44,49,55,45,50,56,45,50,56,45,50,56,45,50,56,45,49,58,47,51,60,48,52,61,48,53,59,48,51,58,47,50,57,48,51,58,49,52,59,47,48,53,50,51,56,49,49,57,44,44,52,44,43,51,48,47,55,50,49,57,47,47,55,47,50,57,46,49,56,35,38,45,30,33,40,34,37,44,31,34,41,27,27,35,30,31,36,26,27,32,27,28,33,27,28,33,27,28,33,27,28,33,27,28,33,29,28,34,30,29,35,31,30,36,31,30,36,30,29,35,28,29,34,27,28,33,27,28,33,27,28,33,27,28,33,28,29,34,28,29,34,28,29,34,27,28,33,27,28,33,27,28,33,27,28,33,27,28,33,25,28,33,24,28,31,25,26,31,27,24,31,30,23,31,29,24,28,26,24,25,34,20,20,68,23,28,111,29,41,148,25,46,162,14,40,163,9,33,162,6,30,160,4,28,158,4,28,147,0,23,147,1,24,148,0,24,152,0,23,155,1,25,162,4,27,164,4,28,167,3,28,168,2,26,170,2,27,170,2,25,171,3,26,169,3,25,168,2,22,167,1,23,167,0,20,171,0,21,174,0,23,174,0,23,173,0,22,174,1,21,175,2,22,174,1,21,170,0,16,174,0,16,175,0,17,177,0,16,178,1,17,180,2,16,181,3,15,183,3,15,183,3,14,185,5,16,182,2,11,180,0,6,179,0,3,183,0,4,186,2,4,190,2,3,194,0,1,201,3,4,204,2,2,206,0,2,209,1,1,209,0,2,208,0,0,212,2,5,219,5,7,222,2,2,226,2,2,226,2,2,223,0,0,224,0,0,227,2,0,229,1,0,228,0,0,235,3,0,239,6,2,238,3,0,242,3,0,252,10,8,255,12,11,251,7,6,249,4,3,245,0,0,248,3,0,254,9,4,251,10,1,246,14,0,244,22,1,240,31,1,247,49,10,255,80,31,255,83,23,234,67,0,234,77,0,255,106,17,254,110,13,244,105,4,249,117,8,243,125,2,244,129,4,254,131,10,255,131,14,252,123,6,244,113,0,246,115,0,255,125,9,252,121,5,248,114,0,243,109,0,255,125,7,255,132,8,245,127,1,251,142,13,252,151,21,245,150,24,244,162,54,236,170,94,205,158,114,166,140,123,156,148,145,162,168,168,161,175,175,165,181,178,164,183,179,170,185,182,175,190,187,182,194,194,186,198,198,189,201,199
194,203,198,191,200,195,189,201,197,190,205,202,191,205,205,193,205,205,197,206,205,205,209,208,207,203,200,174,166,163,138,128,126,118,106,106,68,57,61,58,48,56,65,59,71,40,38,51,22,25,34,20,24,33,21,26,32,22,27,33,28,33,39,24,29,35,12,15,20,14,17,22,30,33,38,44,47,52,47,50,57,41,44,51,41,41,49,42,42,50,41,41,51,39,39,49,39,41,53,40,42,54,41,44,53,41,44,53,41,44,53,40,43,52,40,43,52,41,44,53,43,47,56,43,47,56,44,49,55,44,49,55,45,50,56,45,50,56,44,51,57,44,51,57,47,51,60,47,51,60,48,52,61,47,51,60,46,49,58,46,49,58,46,49,58,47,50,59,46,46,54,49,49,57,49,49,57,47,47,55,47,46,54,49,48,56,47,46,52,43,42,48,52,52,60,55,55,63,45,45,53,32,32,40,32,32,40,34,34,42,30,30,38,29,29,37,28,29,34,28,29,34,28,29,34,28,29,34,28,29,34,29,30,35,30,31,36,30,31,36,30,31,36,29,30,35,29,30,35,28,29,34,28,29,34,28,29,34,28,29,34,28,29,34,29,30,35,28,29,34,28,29,34,28,29,34,27,28,33,27,28,33,27,28,33,27,28,33,25,29,32,23,28,31,23,28,32,26,27,32,28,26,31,27,25,28,24,26,25,31,21,20,60,21,24,103,27,37,146,23,43,160,12,36,160,6,30,164,4,28,164,2,26,160,2,25,154,2,23,153,6,25,157,5,28,157,4,25,160,2,25,163,3,27,168,4,29,170,4,28,170,0,26,170,1,24,170,1,24,170,1,22,170,1,22,170,1,22,170,1,22,172,1,20,176,0,23,177,1,22,178,0,24,176,0,21,177,0,21,177,1,22,177,0,21,176,0,19,178,1,19,178,1,17,179,1,17,180,2,16,182,2,14,182,2,13,183,1,13,183,2,11,186,5,14,183,2,9,181,0,5,182,0,3,184,0,4,187,1,2,195,2,5,200,2,3,206,3,6,208,2,4,212,2,3,214,1,3,213,0,2,211,0,0,212,0,1,216,2,2,229,5,6,234,8,9,235,7,8,228,2,3,225,0,0,226,1,0,230,2,0,230,1,0,234,2,0,238,5,1,237,2,0,240,1,0,248,6,4,250,6,5,248,3,0,248,3,0,251,3,1,246,1,0,248,3,0,244,6,0,245,11,0,244,19,1,242,28,0,248,48,12,255,77,31,254,78,19,225,60,0,222,67,0,251,101,14,255,116,20,253,109,10,248,113,6,247,126,9,243,125,2,246,121,1,251,122,3,249,118,2,244,113,0,246,115,0,252,123,6,255,125,9,249,115,0,237,102,0,246,112,0,255,128,9,247,127,5,241,131,6,247,145,19,242,148,22,244,162,52,240,171,93,211,161,112,171,143,122,158,149,144,163,169,169,161,177,177,165,184,182,166,185,181,173,188,185,179,191,189,185,195,196,190,200,199,192,203,199
203,210,203,199,208,203,200,209,206,201,211,210,202,212,211,202,212,211,205,214,213,212,217,213,215,216,211,199,198,193,140,136,133,96,92,91,64,59,63,48,45,52,46,46,56,37,39,51,24,28,37,27,31,40,29,34,40,23,28,34,22,27,33,21,26,32,18,21,26,25,28,33,21,24,29,35,38,43,43,46,53,41,44,51,42,45,52,42,45,52,40,43,52,38,41,50,39,42,51,40,43,52,41,44,53,42,45,54,42,45,54,42,45,54,43,46,55,44,47,56,44,48,57,44,48,57,44,49,55,44,49,55,45,50,56,46,51,57,46,51,57,47,52,58,47,51,60,47,51,60,47,51,60,46,50,59,46,49,58,46,49,58,46,49,58,47,50,59,49,49,57,50,50,58,50,50,58,49,49,57,50,49,57,50,49,57,45,44,52,39,38,46,49,49,57,59,59,67,52,52,60,35,35,43,31,31,39,36,36,44,35,35,43,31,31,39,30,31,36,29,30,35,29,30,35,29,30,35,30,31,36,30,31,36,30,31,36,31,32,37,29,30,35,29,30,35,29,30,35,28,29,34,28,29,34,28,29,34,29,30,35,29,30,35,29,30,35,29,30,35,29,30,35,28,29,34,28,29,34,27,28,33,27,28,33,27,28,33,27,28,32,24,28,31,24,27,32,26,27,32,28,26,31,27,25,28,24,26,25,30,22,20,52,16,18,98,25,34,145,24,43,160,12,36,162,4,29,167,3,28,170,4,28,165,1,25,159,2,23,162,6,27,164,8,30,163,6,27,163,1,24,164,0,24,167,1,25,169,1,26,170,0,26,172,0,24,172,0,24,172,0,22,172,0,22,172,1,20,174,1,21,176,0,20,179,1,23,180,3,23,181,2,24,178,1,21,177,0,19,177,0,20,179,0,21,180,1,20,178,0,18,178,0,16,180,0,14,181,1,13,182,0,13,181,0,11,183,0,11,183,0,9,186,2,12,185,1,9,184,1,6,183,0,4,184,0,4,189,1,2,196,1,5,202,4,5,208,4,7,212,3,6,216,3,5,218,4,6,216,2,2,213,0,0,214,0,0,217,1,2,229,3,5,236,8,9,239,9,11,232,4,5,228,0,0,230,2,1,235,6,3,237,8,5,236,4,0,238,5,1,237,2,0,241,2,0,246,4,2,247,3,2,247,2,1,250,5,4,255,7,5,250,5,2,252,7,2,249,11,1,250,16,5,246,21,3,238,24,0,241,39,3,255,70,25,255,85,26,241,74,6,223,66,0,240,88,2,253,106,13,252,108,11,252,115,9,250,125,9,245,122,1,247,118,1,252,118,3,251,117,2,249,115,0,250,119,5,255,125,11,255,124,11,250,116,3,239,102,0,240,105,0,255,126,10,253,128,10,238,124,0,246,141,16,246,148,23,247,162,53,243,172,94,211,159,109,170,140,116,156,145,139,163,167,166,164,178,179,172,188,187,172,191,187,178,193,188,184,196,192,189,199,198,193,202,201,194,205,201
206,213,206,205,212,205,207,213,209,209,215,213,208,217,216,210,216,214,212,218,216,217,222,218,215,217,212,180,183,176,132,134,129,88,90,87,34,38,39,29,32,37,53,57,66,38,42,53,15,19,28,20,24,33,28,33,39,25,30,36,22,27,33,20,25,31,15,18,23,16,19,24,18,21,26,30,33,38,38,41,48,38,41,48,40,43,50,41,44,51,40,43,52,41,44,53,38,41,50,39,42,51,40,43,52,41,44,53,42,45,54,43,46,55,44,47,56,46,49,58,45,49,58,44,48,57,44,49,55,44,49,55,45,50,56,45,50,56,46,51,57,46,51,57,45,49,58,45,49,58,46,50,59,47,51,60,48,51,60,48,51,60,47,50,59,47,50,59,53,53,61,51,51,59,48,48,56,48,48,56,50,49,57,50,49,57,45,44,52,40,39,47,41,41,49,54,54,62,54,54,62,41,41,49,34,34,42,38,38,46,38,38,46,34,34,42,30,31,36,30,31,36,29,30,35,29,30,35,30,31,36,30,31,36,30,31,36,30,31,36,30,31,36,30,31,36,29,30,35,29,30,35,29,30,35,29,30,35,29,30,35,29,30,35,29,30,35,29,30,35,29,30,35,29,30,35,29,30,35,28,29,34,28,29,34,28,29,34,27,28,32,27,28,32,24,27,32,26,27,32,28,25,32,27,27,29,23,27,26,31,23,21,48,13,17,94,22,33,143,26,45,162,16,39,164,4,28,172,4,29,178,6,30,173,1,23,166,0,22,168,5,26,169,6,27,168,5,26,168,2,24,168,0,23,169,0,23,168,0,22,173,1,25,174,0,23,176,0,23,177,1,22,177,1,22,179,2,22,179,2,22,179,0,19,182,1,20,184,3,22,184,3,22,182,1,20,180,0,18,180,0,18,182,1,20,182,4,20,180,0,16,180,0,14,181,1,13,182,0,12,182,0,12,184,0,10,184,0,10,184,0,8,185,1,9,187,2,8,187,2,8,186,1,6,186,0,3,190,0,2,196,2,3,202,2,4,208,2,4,212,2,3,217,3,5,220,4,7,220,2,3,216,0,1,217,1,2,223,3,3,228,0,1,235,5,7,239,6,9,233,3,5,230,0,0,232,2,2,236,7,4,240,8,6,239,6,2,239,6,2,239,1,0,241,2,0,246,4,2,247,3,2,247,2,1,252,7,6,253,5,3,252,7,4,255,12,6,249,11,1,249,15,4,247,22,4,239,23,0,238,34,0,241,50,5,253,74,16,246,77,10,226,66,0,230,75,0,242,93,1,248,101,5,255,116,11,247,117,3,246,120,0,252,121,5,255,122,7,254,119,4,252,117,2,255,121,8,255,128,14,253,119,6,249,113,1,251,111,0,246,106,0,254,119,4,255,129,12,243,125,2,246,136,13,251,151,27,251,163,53,245,172,93,211,158,106,168,136,111,155,142,133,165,167,166,169,181,181,176,192,189,178,194,191,183,195,191,187,198,194,189,198,195,190,199,196,190,199,196
207,214,206,208,215,208,212,217,213,214,219,215,217,219,218,217,219,218,219,221,220,219,224,220,178,185,178,131,141,133,106,115,110,77,88,84,27,37,38,22,31,36,50,59,66,36,43,53,27,31,40,20,23,32,21,24,31,22,25,32,28,31,36,32,35,40,21,24,29,11,14,19,16,19,24,26,29,34,31,36,40,33,38,42,37,42,48,39,44,50,38,42,51,40,44,53,38,41,50,39,42,51,40,43,52,40,43,52,40,43,52,41,44,53,43,46,55,44,47,56,45,48,55,45,48,55,44,49,55,44,49,55,44,49,55,44,49,55,45,50,56,45,50,56,44,48,57,44,48,57,46,50,59,47,51,60,48,51,58,48,51,58,47,50,57,46,49,56,47,47,55,45,45,53,44,44,52,46,46,54,50,49,57,49,48,56,45,44,52,42,41,49,39,39,47,48,48,56,52,52,60,44,44,52,35,35,43,34,34,42,37,37,45,36,36,44,32,33,38,31,32,37,30,31,36,30,31,36,31,32,37,31,32,37,31,32,37,30,31,36,32,33,38,31,32,37,30,31,36,30,31,36,29,30,35,29,30,35,29,30,35,29,30,35,29,30,35,29,30,35,29,30,35,29,30,35,29,30,35,29,30,35,29,30,35,29,30,35,29,28,34,28,27,33,27,27,35,27,28,33,28,27,33,27,26,31,23,27,28,29,24,21,43,13,15,86,21,29,138,27,44,162,18,41,168,6,30,178,4,29,187,5,28,182,0,23,176,0,21,175,4,23,176,5,24,175,4,23,176,4,26,177,3,26,176,2,25,173,0,20,176,0,21,178,1,21,181,2,23,183,4,23,185,4,23,184,3,22,184,1,21,186,1,19,184,0,17,186,1,19,188,3,21,188,3,21,184,1,19,182,0,15,183,1,16,184,4,16,184,2,15,185,3,15,185,3,15,187,3,13,188,4,14,189,4,12,189,4,12,188,3,9,185,0,6,188,2,7,190,4,9,191,2,6,190,0,4,192,0,2,195,0,1,202,0,2,210,1,4,214,1,3,218,2,5,221,3,4,221,1,3,220,0,2,222,2,2,228,5,6,232,2,4,237,5,5,239,5,6,235,3,3,233,1,1,235,3,3,236,4,2,235,3,1,242,9,5,240,7,3,239,1,0,240,1,0,246,4,2,247,3,2,246,1,0,249,4,3,252,7,4,255,13,10,255,15,9,246,8,0,245,11,0,253,26,9,253,35,10,253,46,12,247,55,10,251,70,15,249,77,13,234,71,0,240,81,0,249,95,7,245,95,1,248,105,3,247,113,2,247,116,0,252,117,2,254,117,3,253,115,4,253,115,4,252,118,7,253,121,10,251,117,6,246,108,0,254,112,2,247,105,0,246,106,0,255,125,10,253,128,10,240,126,4,250,146,23,253,161,52,251,174,92,222,165,110,178,143,115,161,144,134,166,166,164,170,180,181,176,191,188,176,192,189,181,193,189,182,193,187,182,191,186,180,189,184,180,189,184
205,212,204,208,215,207,215,217,212,218,218,216,219,218,216,219,218,216,220,220,218,221,223,220,203,210,203,142,153,147,99,114,107,57,72,67,21,35,35,15,26,30,32,41,48,42,49,59,47,50,59,31,34,43,27,30,37,24,27,34,26,29,34,31,34,39,26,29,34,19,22,27,13,16,21,21,24,29,25,30,34,30,35,39,37,42,48,38,43,49,36,40,49,38,42,51,41,44,53,41,44,53,42,45,54,42,45,54,41,44,53,41,44,53,42,45,54,42,45,54,43,46,53,43,46,53,42,47,53,43,48,54,43,48,54,42,47,53,42,47,53,42,47,53,42,46,55,42,46,55,43,47,56,44,48,57,45,48,55,45,48,55,43,46,53,41,44,51,37,37,45,37,37,45,40,40,48,45,45,53,48,47,55,46,45,53,43,42,50,43,42,50,45,45,53,46,46,54,49,49,57,44,44,52,32,32,40,29,29,37,34,34,42,36,36,44,34,35,40,33,34,39,31,32,37,31,32,37,32,33,38,33,34,39,32,33,38,31,32,37,32,33,38,32,33,38,31,32,37,30,31,36,30,31,36,29,30,35,29,30,35,29,30,35,29,30,35,29,30,35,29,30,35,29,30,35,29,30,35,29,30,35,29,30,35,30,29,35,30,27,34,30,27,34,27,27,35,25,28,35,27,28,33,27,28,32,24,28,29,30,24,24,40,14,17,78,17,25,131,26,43,162,23,46,172,8,32,183,3,28,194,4,29,192,0,23,184,0,19,183,2,21,183,2,21,181,2,21,183,4,25,184,5,26,182,3,24,179,0,21,180,1,20,183,2,21,187,4,24,190,5,23,191,6,24,191,4,21,190,2,19,189,1,18,187,0,14,188,0,15,190,2,17,191,3,18,189,3,17,186,0,14,185,1,13,186,2,14,188,4,16,188,4,14,189,3,14,189,4,12,189,4,12,189,4,10,189,2,9,189,3,8,189,0,6,191,2,6,194,3,8,194,4,6,194,1,4,195,0,1,199,0,1,203,0,0,214,4,5,218,2,3,222,2,4,224,1,4,224,0,3,223,0,0,225,2,3,230,4,5,234,2,2,238,2,4,238,2,4,235,1,2,236,2,3,238,6,6,240,6,5,237,3,2,245,12,8,246,11,8,243,5,2,241,3,0,247,5,3,248,6,4,247,3,2,247,2,1,249,4,1,255,13,9,255,17,13,246,7,0,243,9,0,250,23,6,251,33,8,253,44,13,253,57,15,255,69,18,255,83,20,246,79,8,250,89,9,255,100,13,249,95,5,252,104,6,255,117,8,250,115,0,248,108,0,248,108,0,252,112,1,253,115,4,250,116,5,245,113,2,255,123,12,245,107,0,250,108,0,248,103,0,243,101,0,255,120,6,255,130,13,240,120,0,241,131,10,248,152,42,253,172,90,230,169,112,188,149,118,165,147,133,166,165,161,165,175,176,176,188,186,175,190,187,178,189,183,177,186,181,175,181,177,172,178,174,168,177,172
201,211,202,207,214,206,215,217,212,219,218,214,221,217,214,221,217,214,221,220,216,220,222,217,152,158,154,85,98,91,77,94,88,51,67,64,17,31,32,16,27,31,28,35,43,34,38,49,36,39,48,28,28,36,33,33,41,34,34,42,26,29,34,24,27,32,19,22,27,16,19,24,14,17,22,18,21,26,19,24,28,25,30,34,34,39,45,36,41,47,34,39,45,35,40,46,40,43,52,41,44,53,42,45,54,42,45,54,41,44,53,41,44,53,41,44,51,41,44,51,40,43,50,41,44,51,42,45,52,43,46,53,43,46,53,42,45,52,41,44,51,40,43,50,39,42,49,38,41,48,38,41,48,38,41,48,39,42,49,39,42,49,38,41,48,37,40,47,35,35,43,35,35,43,39,39,47,44,44,52,44,44,52,40,40,48,40,40,48,43,43,51,47,47,55,46,46,54,49,49,57,44,44,52,32,32,40,30,30,38,34,34,42,34,34,42,35,36,41,33,34,39,31,32,37,31,32,37,33,34,39,33,34,39,32,33,38,31,32,37,32,33,38,32,33,38,31,32,37,31,32,37,30,31,36,30,31,36,30,31,36,30,31,36,30,31,36,30,31,36,30,31,36,29,30,35,28,29,34,28,29,34,27,28,33,28,27,33,33,27,37,30,27,36,27,27,35,25,28,35,25,28,33,25,29,32,24,28,29,29,25,26,39,14,18,70,14,23,124,26,41,164,28,50,178,12,36,191,5,28,203,5,28,201,2,21,193,0,15,192,1,17,193,2,20,191,3,20,190,3,22,189,4,22,189,4,22,187,2,20,187,2,20,188,3,19,191,4,21,193,5,20,195,4,20,195,2,19,196,1,17,195,0,16,194,2,15,193,1,14,194,2,15,196,4,17,194,4,16,191,1,13,187,0,11,187,0,11,188,1,12,188,1,10,189,2,9,189,3,8,189,3,8,188,2,5,190,1,5,190,1,5,192,1,6,195,2,5,196,3,6,197,2,6,197,1,3,199,1,2,203,0,3,208,0,2,219,5,7,222,4,5,226,3,6,227,3,4,227,1,3,225,0,0,228,2,3,234,4,6,237,1,3,240,1,4,239,0,3,234,0,0,236,0,0,240,6,5,243,7,7,241,5,5,244,9,6,249,14,11,249,11,8,243,5,2,249,7,5,251,9,7,250,6,5,248,4,3,244,0,0,248,6,2,253,11,7,245,6,0,240,6,0,240,13,0,237,17,0,241,32,1,234,35,0,242,55,4,255,77,17,242,73,4,243,80,3,255,96,12,254,98,11,255,112,17,255,120,14,253,115,4,249,107,0,247,105,0,251,110,2,255,117,8,250,118,9,245,113,4,255,121,13,248,110,1,246,104,0,251,106,0,250,105,0,252,112,1,255,125,12,250,125,9,239,124,5,246,144,34,250,165,82,228,164,103,185,145,110,166,145,128,166,163,158,166,175,174,176,186,187,175,187,185,174,185,179,170,180,172,165,172,165,159,166,159,156,162,158
200,211,203,206,216,208,216,218,213,220,219,215,223,218,215,223,218,215,224,220,217,222,223,218,152,158,154,103,114,110,81,96,93,35,51,50,19,33,36,13,22,29,14,18,29,51,54,63,39,39,49,23,23,31,24,24,32,28,28,36,25,28,33,28,31,36,28,31,36,28,31,36,17,20,25,18,21,26,16,21,25,21,26,30,30,35,41,33,38,44,32,37,43,34,39,45,34,37,46,36,39,48,37,40,49,38,41,50,39,42,51,39,42,51,39,42,49,39,42,49,39,42,49,40,43,50,41,44,51,42,45,52,42,45,52,41,44,51,39,42,49,38,41,48,35,38,45,33,36,43,32,35,42,32,35,42,34,37,44,35,38,45,36,39,46,36,39,46,39,39,47,39,39,47,41,41,49,43,43,51,40,40,48,36,36,44,39,39,47,45,45,53,43,43,51,44,44,52,49,49,57,45,45,53,34,34,42,34,34,42,37,37,45,32,32,40,34,35,40,32,33,38,30,31,36,30,31,36,32,33,38,32,33,38,31,32,37,29,30,35,32,33,38,31,32,37,31,32,37,31,32,37,30,31,36,30,31,36,31,32,37,31,32,37,31,32,37,31,32,37,30,31,36,29,30,35,28,29,34,27,28,33,26,27,32,27,26,32,33,27,37,32,26,36,28,28,36,25,28,35,26,29,34,25,28,33,24,28,31,29,25,26,38,18,20,65,16,22,119,28,43,162,33,53,183,15,38,198,6,29,210,7,26,211,4,22,202,0,16,204,3,19,204,6,21,201,4,21,198,3,20,195,4,20,196,5,21,194,6,21,193,2,18,193,2,18,195,2,19,198,3,19,199,3,17,199,1,16,200,0,13,200,0,13,201,4,14,198,2,12,198,2,12,199,3,13,198,4,13,194,0,9,190,0,7,190,0,7,190,0,7,190,0,7,191,0,7,192,1,6,192,1,6,193,3,5,193,3,5,195,2,3,197,2,6,198,2,4,197,1,5,197,1,3,199,1,2,204,2,2,208,2,4,212,2,3,219,3,4,223,3,5,228,2,4,231,3,4,230,2,3,229,1,2,232,2,4,237,5,5,244,5,8,245,5,8,242,2,5,236,0,0,235,0,0,237,1,1,240,4,4,239,3,3,238,3,0,248,13,10,249,11,8,244,5,2,247,5,3,251,9,7,252,8,7,249,5,4,254,12,10,251,9,7,253,11,7,248,9,4,245,11,2,244,14,0,242,22,0,252,41,12,239,37,0,247,57,9,255,77,20,240,68,2,237,71,0,251,90,9,250,92,5,254,104,9,255,114,9,254,116,5,254,112,2,251,109,1,252,111,3,254,116,7,251,119,10,247,117,7,244,112,3,247,111,3,245,102,0,255,110,4,255,110,3,244,104,0,254,118,6,255,132,17,247,128,10,250,144,35,248,160,73,223,155,92,181,137,100,163,140,122,169,164,158,173,179,179,174,184,185,173,183,182,170,179,174,162,172,164,155,162,155,147,154,147,143,149,145
203,216,209,205,216,208,213,218,212,220,221,216,219,216,211,226,221,217,231,227,224,212,213,208,150,155,151,103,112,109,82,94,94,44,55,57,21,30,35,20,24,33,29,27,40,37,35,46,37,37,47,25,25,33,21,21,29,30,30,38,33,36,41,29,32,37,30,34,37,37,41,44,23,27,30,21,25,28,17,22,26,18,23,27,21,26,32,26,31,37,30,35,41,32,37,43,32,35,44,31,34,43,30,33,42,31,34,43,34,37,44,36,39,46,38,41,48,38,41,48,38,41,48,39,42,49,40,43,50,40,43,50,38,41,46,37,40,45,35,38,43,35,38,43,36,39,44,31,34,39,29,32,37,32,35,40,36,39,46,37,40,47,36,39,46,34,37,44,40,40,48,47,47,55,48,48,56,40,40,48,32,32,40,32,32,40,36,36,44,39,39,47,41,41,49,39,39,47,48,48,56,44,44,52,35,35,43,37,37,45,36,36,44,32,32,40,34,35,40,33,34,39,31,32,37,29,30,35,29,30,35,32,33,38,32,33,38,31,32,37,29,30,35,30,31,36,31,32,37,32,33,38,32,33,38,31,32,37,30,31,36,30,31,36,32,33,38,31,32,37,31,32,37,30,31,36,29,30,35,28,29,34,28,29,34,28,27,33,33,25,36,32,26,36,28,28,36,25,28,35,23,28,32,24,27,32,24,28,31,31,26,30,39,23,26,55,14,20,105,23,35,158,36,51,190,23,43,207,11,31,220,12,28,226,11,26,215,5,18,206,0,11,210,4,17,212,8,20,202,2,15,198,0,13,202,6,20,201,6,20,197,0,17,196,0,14,196,0,14,200,2,15,204,2,14,205,1,13,203,0,10,203,0,10,202,1,9,203,4,11,205,5,15,203,3,13,197,0,9,195,0,7,196,1,9,198,3,11,194,0,8,192,0,4,192,0,4,194,1,4,195,2,5,194,1,2,196,2,3,199,3,4,200,1,4,202,2,4,201,2,5,201,1,3,201,0,1,202,0,0,207,0,1,212,0,1,220,2,3,223,0,3,231,2,5,236,6,8,234,4,6,229,0,0,231,0,0,237,3,4,242,3,6,240,0,1,242,2,3,242,4,4,235,0,0,233,0,0,237,2,0,242,7,4,240,5,2,237,2,0,244,6,3,250,11,8,248,6,4,244,2,0,248,4,3,251,7,6,253,11,9,252,13,10,255,17,12,255,16,11,244,10,1,239,9,0,242,19,1,247,33,5,255,51,16,250,58,13,255,74,17,248,75,9,243,77,3,251,90,10,250,91,7,248,95,2,252,111,6,253,115,6,255,114,6,253,110,5,251,110,4,252,116,8,252,120,12,251,120,12,253,121,13,244,108,0,248,105,0,254,107,3,247,102,0,243,102,0,253,117,7,255,132,20,246,122,6,236,125,17,243,151,64,227,156,90,170,125,84,156,131,109,176,169,161,172,176,177,170,178,180,169,179,178,164,173,168,155,165,156,148,155,147,137,142,135,128,134,130
210,222,218,207,218,212,209,215,211,217,219,214,220,219,214,226,223,218,225,221,218,200,200,198,104,106,105,79,85,85,91,99,102,52,59,65,22,26,35,26,26,36,26,22,36,32,29,40,19,18,26,24,24,32,29,29,37,29,29,37,25,28,33,26,29,34,28,32,35,30,34,37,30,34,37,27,31,34,21,26,30,18,23,27,18,23,29,21,26,32,24,29,35,27,32,38,29,32,41,29,32,41,29,32,41,30,33,42,33,36,43,34,37,44,35,38,45,34,37,44,34,37,44,34,37,44,34,37,44,33,36,43,32,35,40,30,33,38,29,32,37,28,31,36,30,33,38,32,35,40,34,37,42,34,37,42,33,36,43,33,36,43,36,39,46,38,41,48,45,45,53,45,45,53,43,43,51,39,39,47,36,36,44,37,37,45,39,39,47,40,40,48,38,38,46,40,40,48,52,52,60,48,48,56,35,35,43,35,35,43,34,34,42,32,32,40,34,35,40,33,34,39,32,33,38,30,31,36,31,32,37,32,33,38,32,33,38,30,31,36,30,31,36,30,31,36,31,32,37,32,33,38,32,33,38,32,33,38,32,33,38,32,33,38,33,34,39,32,33,38,32,33,38,31,32,37,30,31,36,29,30,35,28,29,34,29,28,34,34,26,37,32,26,36,28,28,36,24,29,33,23,28,32,23,28,32,26,27,31,28,26,29,33,21,23,48,13,17,92,21,29,150,34,47,193,28,44,212,15,32,219,9,22,222,5,14,216,1,9,211,0,4,214,0,10,215,5,16,207,1,13,204,0,11,206,4,16,205,5,16,203,3,16,203,3,16,203,1,13,205,1,13,206,0,12,208,1,11,209,0,10,206,0,7,205,0,7,206,3,9,206,3,9,203,2,8,200,0,5,198,0,4,199,0,7,199,3,7,198,1,8,196,0,4,196,0,4,197,1,3,197,1,3,197,1,2,200,2,3,203,3,5,204,1,4,206,2,3,206,3,6,205,3,3,205,1,2,206,0,0,211,1,2,217,3,3,222,2,4,224,0,1,230,2,3,237,5,5,238,6,6,234,2,2,234,2,2,238,4,3,241,1,2,241,0,0,245,5,6,250,10,11,243,5,5,237,0,0,238,3,0,241,6,3,241,6,3,236,1,0,239,0,0,242,3,0,243,1,0,243,1,0,247,3,2,248,6,4,242,3,0,243,4,1,248,9,4,251,14,8,250,13,5,249,17,5,247,22,4,238,22,0,255,52,20,255,68,26,255,78,24,233,58,0,220,52,0,241,78,1,250,89,8,242,88,0,254,112,10,254,116,7,252,111,5,247,104,0,245,104,0,249,113,5,250,118,10,249,118,10,255,123,15,253,116,10,249,106,2,250,103,0,254,109,4,252,111,5,252,116,8,255,129,17,240,113,0,228,113,6,237,142,52,228,155,86,166,117,74,146,120,95,178,167,161,171,172,174,168,176,178,166,176,177,160,169,164,151,161,152,143,151,140,130,135,128,119,125,121
216,228,226,214,225,221,213,219,215,214,219,213,215,216,210,221,220,215,227,226,222,214,214,212,149,150,152,103,107,110,107,110,117,62,65,74,30,30,40,34,32,45,24,21,32,26,23,34,17,17,25,22,25,32,29,32,37,33,36,41,34,37,42,34,37,42,29,33,36,24,28,31,31,35,38,29,33,36,25,30,34,21,26,30,19,24,28,19,24,28,20,25,31,22,27,33,25,28,35,25,28,35,26,29,36,28,31,38,29,32,39,30,33,40,29,32,39,28,31,38,30,30,38,30,30,38,30,31,36,30,31,36,30,31,36,29,30,35,29,30,35,29,30,35,30,33,38,35,38,43,38,41,46,36,39,44,35,38,43,37,40,45,39,42,47,39,42,47,47,48,53,40,41,46,35,35,43,35,35,43,38,38,46,40,40,48,39,39,47,38,38,46,37,37,45,44,44,52,59,59,67,53,53,61,36,36,44,34,34,42,33,33,41,33,33,41,33,34,39,34,35,40,33,34,39,32,33,38,32,33,38,33,34,39,32,33,38,30,31,36,30,31,36,31,32,37,31,32,37,32,33,38,32,33,38,33,34,39,33,34,39,33,34,39,33,34,39,33,34,39,32,33,38,31,32,37,30,31,36,29,30,35,29,30,35,29,28,34,34,28,38,32,26,36,27,28,33,23,28,32,24,29,33,24,29,32,26,27,31,27,25,28,30,21,24,42,16,17,77,15,20,134,27,35,192,32,44,219,25,36,225,14,21,229,10,14,226,7,11,221,2,8,220,3,11,221,6,14,214,3,12,210,0,9,208,1,11,206,0,12,210,4,16,211,5,17,210,3,13,207,0,10,209,0,8,213,2,9,215,1,9,211,0,7,207,0,6,206,1,6,205,0,5,204,0,4,203,0,3,202,0,3,203,0,6,202,2,5,202,1,7,200,1,4,200,0,3,201,1,3,202,2,4,202,2,4,203,3,5,207,5,5,208,2,4,211,3,3,209,3,5,208,2,2,206,0,0,208,0,0,212,0,1,216,0,1,222,2,4,225,0,1,229,0,1,236,4,4,239,5,6,237,3,2,236,2,1,239,3,3,242,2,3,241,0,0,246,6,5,255,15,14,249,11,9,241,3,1,238,3,0,242,7,4,245,10,7,238,3,0,238,0,0,240,1,0,245,3,1,246,4,2,248,4,3,248,6,4,239,0,0,241,3,0,250,11,8,249,12,6,244,7,0,249,17,5,253,27,11,244,28,3,245,38,6,255,61,19,255,72,21,228,52,0,216,47,0,244,81,6,255,100,20,251,97,9,252,110,8,251,115,7,249,108,3,240,97,0,239,98,0,247,108,3,252,117,12,249,116,11,250,115,10,255,120,14,250,107,3,248,101,0,255,111,8,252,111,5,243,107,0,248,116,5,250,120,8,235,117,11,243,144,53,240,163,93,162,111,64,130,103,76,178,165,157,171,171,173,169,174,178,166,176,177,161,170,165,152,162,153,144,152,141,130,137,129,120,126,124
223,233,234,221,231,230,215,224,221,214,220,216,212,217,211,219,222,215,229,231,226,223,225,222,187,188,190,114,115,120,99,99,109,73,73,83,49,47,60,41,39,52,31,28,39,29,27,38,24,24,32,18,21,28,25,28,33,41,44,49,45,48,53,35,38,43,26,30,33,25,29,32,25,29,32,27,31,34,28,33,37,28,33,37,25,30,34,23,28,32,22,27,33,22,27,33,23,26,33,23,26,33,24,27,34,25,28,35,26,29,36,26,29,36,25,28,35,25,28,35,28,28,36,28,28,36,28,29,34,29,30,35,31,32,37,33,34,39,35,36,41,35,36,41,37,38,43,37,40,45,36,39,44,34,37,42,38,41,46,43,46,51,40,43,48,33,36,41,43,44,49,35,36,41,31,31,39,34,34,42,38,38,46,38,38,46,38,38,46,38,38,46,37,37,45,46,46,54,63,63,71,56,56,64,37,37,45,34,34,42,34,34,42,33,33,41,33,34,39,34,35,40,34,35,40,32,33,38,32,33,38,33,34,39,33,34,39,31,32,37,31,32,37,31,32,37,31,32,37,31,32,37,32,33,38,32,33,38,33,34,39,33,34,39,33,34,39,32,33,38,32,33,38,31,32,37,30,31,36,30,31,36,29,30,35,30,29,35,34,28,38,30,27,36,24,27,32,21,29,31,23,31,33,25,30,33,28,27,32,29,24,28,30,26,27,39,19,18,63,8,11,114,15,18,184,27,36,219,25,33,225,15,18,232,14,13,232,12,12,228,8,10,226,5,10,225,6,12,220,3,11,216,1,9,214,0,10,211,0,9,214,3,12,215,5,14,215,4,13,212,1,8,214,0,8,217,4,10,218,3,10,214,1,5,209,0,3,206,0,2,207,0,3,205,0,3,205,0,3,205,0,5,205,0,5,204,1,5,203,0,4,203,0,3,204,1,4,206,2,5,207,3,6,207,3,4,207,3,4,209,3,3,211,1,2,211,1,2,211,1,2,210,2,2,210,0,1,210,0,0,214,0,0,218,0,0,224,1,2,226,0,1,231,1,1,236,4,4,239,3,3,238,3,0,238,5,1,240,5,2,246,6,7,242,0,1,245,5,4,254,14,13,249,11,9,241,3,1,239,4,1,243,8,5,246,11,8,244,9,6,243,4,1,243,4,1,249,7,5,250,8,6,249,5,4,248,6,4,245,6,3,244,6,3,250,11,8,249,10,7,242,5,0,245,13,1,252,26,10,247,28,6,250,43,12,255,58,19,255,73,24,241,65,6,227,58,0,243,80,5,255,101,23,255,103,17,251,112,11,255,120,12,254,113,8,242,99,0,238,95,0,247,106,1,252,115,11,249,114,9,242,105,1,251,112,9,255,109,8,255,108,5,255,111,8,248,105,1,237,101,0,240,108,0,255,124,15,241,118,14,245,144,52,247,169,95,153,101,53,105,75,47,166,153,145,172,172,174,169,174,178,166,176,178,163,172,167,157,167,158,153,161,150,141,148,140,132,138,136
229,237,240,225,233,235,216,225,222,215,224,219,217,227,219,220,227,220,221,227,223,211,215,214,159,160,164,100,99,105,92,90,101,93,91,104,67,67,79,38,38,50,32,32,42,27,30,39,16,19,26,11,16,22,20,25,29,37,42,46,38,43,46,24,29,32,20,24,27,27,31,34,23,27,30,26,30,33,30,34,37,32,36,39,31,34,39,29,32,37,27,30,37,26,29,36,26,29,36,25,28,35,25,28,35,25,28,35,25,28,35,25,28,35,28,28,36,29,29,37,30,31,36,29,30,35,29,30,35,31,32,37,34,35,40,36,37,42,39,38,44,38,39,44,38,39,43,38,39,43,36,37,41,34,35,39,38,39,44,43,44,49,39,40,45,30,31,36,35,38,43,33,36,41,32,35,42,35,38,45,36,39,46,34,37,44,35,38,45,38,41,48,34,34,42,44,44,52,62,62,70,54,54,62,36,36,44,34,34,42,35,35,43,34,34,42,34,35,40,35,36,41,34,35,40,32,33,38,32,33,38,33,34,39,33,34,39,32,33,38,32,33,38,32,33,38,32,33,38,31,32,37,31,32,37,31,32,37,32,33,38,32,33,38,31,32,37,31,32,37,31,32,37,31,32,37,30,31,36,30,31,36,30,31,36,30,29,35,33,27,37,29,26,35,24,27,32,21,29,31,23,31,33,26,32,32,29,27,32,30,25,29,29,27,28,39,24,21,56,10,10,103,11,12,177,24,29,213,22,27,218,10,6,224,7,2,229,7,4,228,6,5,224,1,2,221,1,3,221,2,6,221,2,8,218,1,9,219,4,12,217,2,10,219,4,12,219,4,12,217,2,9,216,1,6,218,4,6,219,3,6,216,2,4,211,1,2,209,1,1,209,0,2,208,0,2,208,0,2,207,1,5,207,1,5,205,1,4,204,0,3,205,1,4,207,3,6,208,2,4,209,3,5,209,3,5,210,1,4,210,0,1,212,0,0,213,0,0,213,1,0,212,2,1,215,3,2,217,5,4,220,4,5,224,4,4,226,2,3,230,2,3,234,4,4,237,5,5,238,2,2,237,2,0,239,4,1,242,7,3,246,6,5,239,0,0,243,3,2,251,11,10,248,10,8,242,4,2,240,5,2,243,8,5,246,11,7,248,13,9,246,7,4,243,4,1,249,7,5,249,7,5,248,4,3,249,7,5,251,12,9,243,5,2,243,4,1,248,9,6,247,10,4,246,14,4,243,17,3,236,17,0,254,47,16,255,59,20,255,78,29,254,78,19,231,62,0,233,71,0,255,97,21,255,109,23,254,115,14,255,125,19,255,121,16,248,105,1,240,97,0,246,103,1,248,109,8,246,107,6,246,104,4,245,102,0,255,106,6,255,113,14,255,113,10,251,108,4,246,109,3,245,113,4,254,119,11,243,117,14,245,142,50,250,171,96,151,98,48,84,53,24,149,136,127,179,179,181,170,175,181,167,177,179,165,174,169,162,172,163,160,168,157,151,158,150,142,151,148
233,236,243,232,237,241,221,230,229,216,227,223,215,226,220,213,224,216,217,226,221,215,221,219,160,161,165,110,109,117,94,92,105,89,87,100,60,60,72,26,30,41,25,32,40,21,28,36,14,19,25,12,17,23,16,21,25,24,29,33,29,34,37,27,32,35,24,28,31,23,27,30,27,31,34,28,32,35,30,34,37,30,34,37,30,33,38,29,32,37,29,32,39,29,32,39,30,33,40,29,32,39,28,31,38,27,30,37,27,30,37,27,30,37,31,31,39,33,33,41,34,35,40,32,33,38,31,32,37,32,33,38,34,35,40,36,37,42,37,36,42,36,35,41,37,38,42,40,41,45,40,41,45,37,38,42,35,36,41,36,37,42,35,36,41,33,34,39,31,34,39,32,35,40,35,38,45,36,39,46,33,36,43,31,34,41,33,36,43,37,40,47,32,32,40,42,42,50,60,60,68,52,52,60,35,35,43,34,34,42,35,35,43,34,34,42,34,35,40,35,36,41,35,36,41,32,33,38,31,32,37,32,33,38,33,34,39,33,34,39,32,33,38,32,33,38,32,33,38,32,33,38,32,33,38,31,32,37,31,32,37,31,32,37,32,33,38,31,32,37,31,32,37,31,32,37,30,31,36,30,31,36,30,31,36,30,29,35,33,27,37,30,27,34,25,29,32,22,30,32,22,32,31,25,31,31,29,27,32,30,25,29,25,25,25,36,25,21,56,17,12,106,21,18,184,34,36,223,33,33,223,19,12,227,10,1,230,8,3,231,7,5,226,4,1,223,1,0,225,2,5,222,1,6,222,1,8,225,6,14,220,1,9,221,2,10,222,3,11,219,3,8,219,3,6,218,2,3,218,2,3,218,4,4,214,2,1,211,1,2,211,1,2,211,1,2,211,1,4,210,1,4,210,1,6,207,1,5,209,0,5,209,3,7,212,3,6,211,2,5,211,2,5,211,1,4,210,0,1,210,0,0,216,0,1,216,1,0,216,2,2,215,3,2,216,4,3,217,3,3,218,3,1,222,2,2,224,0,0,230,2,3,233,3,3,235,3,1,234,1,0,234,0,0,237,2,0,240,5,1,242,4,2,237,0,0,241,1,0,248,10,8,248,10,8,244,6,4,242,7,4,241,6,3,248,13,9,253,18,14,247,9,6,241,2,0,247,5,3,249,7,5,249,5,4,254,12,10,255,16,13,248,10,7,244,5,2,245,6,3,245,8,2,242,8,0,240,12,0,241,22,2,236,29,0,247,49,10,255,78,31,255,85,28,232,63,0,228,66,0,255,96,20,255,107,23,248,108,10,255,118,12,255,118,13,250,104,1,243,97,0,246,100,0,247,105,5,246,104,4,252,108,9,243,95,0,249,97,0,255,107,9,255,111,9,255,113,10,255,119,13,253,118,11,252,116,8,245,118,15,243,138,46,253,171,97,160,104,53,70,39,10,123,109,100,178,177,182,174,178,187,171,180,185,169,178,175,166,176,167,166,174,163,158,168,159,153,162,159
235,235,245,238,241,248,227,235,237,218,229,225,209,224,217,207,223,213,218,231,224,225,234,231,174,177,182,113,113,121,85,83,96,69,68,82,50,52,65,27,36,45,20,33,39,18,31,37,18,25,31,18,23,29,15,20,24,16,21,25,24,29,32,31,36,39,29,33,36,21,25,28,29,33,36,28,32,35,27,31,34,27,31,34,30,31,36,31,32,37,32,32,40,32,32,40,31,34,41,31,34,41,30,33,40,29,32,39,28,31,38,29,32,39,33,33,41,35,35,43,35,36,41,34,35,40,33,34,39,33,34,39,36,35,41,37,36,42,37,36,42,36,35,41,38,39,43,41,42,46,42,43,47,40,41,45,35,36,41,33,34,39,34,35,40,36,37,42,31,34,39,34,37,42,35,38,45,33,36,43,31,34,41,31,34,41,32,35,42,33,36,43,33,33,41,46,46,54,64,64,72,55,55,63,35,35,43,33,33,41,33,33,41,32,32,40,33,34,39,35,36,41,35,36,41,33,34,39,32,33,38,32,33,38,32,33,38,32,33,38,32,33,38,32,33,38,33,34,39,33,34,39,33,34,39,32,33,38,32,33,38,31,32,37,33,34,39,33,34,39,32,33,38,32,33,38,31,32,37,30,31,36,29,30,35,30,29,35,32,29,36,30,29,35,25,30,33,22,32,33,21,31,30,23,29,29,30,25,31,30,25,29,22,24,23,31,24,18,53,18,12,105,24,20,185,39,40,233,45,44,238,34,25,237,23,12,236,15,7,240,17,12,234,10,8,228,4,4,229,5,6,225,2,5,223,0,7,228,4,12,227,3,11,222,1,8,222,1,8,222,3,9,221,2,6,218,0,1,217,2,0,220,6,4,214,2,1,215,3,2,215,2,4,213,3,4,213,3,4,212,2,3,211,1,4,210,1,4,211,1,4,212,3,6,213,3,6,212,2,5,211,1,2,214,1,3,214,1,3,212,0,0,218,2,3,218,3,1,218,3,1,217,3,1,217,3,1,217,3,1,217,2,0,220,0,0,224,0,0,229,1,2,231,1,1,233,1,0,233,0,0,234,1,0,236,3,0,238,3,0,243,5,3,240,0,0,241,3,1,245,7,5,245,7,5,243,8,5,242,7,4,239,4,1,248,13,9,254,19,15,248,10,7,241,2,0,249,7,5,251,9,7,251,7,6,255,13,11,254,16,14,255,21,18,249,11,8,241,3,0,243,6,0,240,6,0,241,13,0,250,31,11,233,26,0,238,40,1,255,69,22,255,86,29,237,68,3,227,65,0,249,91,17,250,100,15,244,104,6,248,111,5,253,110,8,248,102,1,245,97,0,248,100,0,250,104,5,250,104,5,253,105,7,248,98,1,245,91,0,250,93,0,254,102,3,254,108,7,249,112,6,249,114,7,250,112,5,245,116,14,240,132,41,251,169,93,171,116,62,60,29,0,87,73,64,158,157,162,178,182,191,174,183,188,172,181,178,170,180,171,170,180,169,166,176,167,163,172,169
234,237,246,236,241,247,225,233,235,220,230,229,217,230,223,211,226,219,215,228,221,216,227,223,172,177,180,104,107,114,85,85,97,74,76,89,66,70,82,42,50,61,16,31,38,15,28,34,17,24,30,20,25,31,21,24,29,17,22,26,18,22,25,21,25,28,25,29,32,26,30,33,26,30,33,25,29,32,24,28,31,25,29,32,30,31,36,32,33,38,33,33,41,31,34,41,30,33,40,31,34,41,30,33,40,29,32,39,28,31,38,29,32,39,30,33,40,32,35,42,35,36,41,32,35,40,33,34,39,35,36,41,38,39,44,40,39,45,40,39,45,38,39,44,40,41,45,39,40,44,39,40,44,38,39,43,35,36,41,32,33,38,32,33,38,34,35,40,35,38,43,37,40,45,36,39,46,33,36,43,32,35,42,34,37,44,35,38,45,33,36,43,37,37,45,52,52,60,71,71,79,59,59,67,36,36,44,31,31,39,31,31,39,30,30,38,31,32,37,34,35,40,35,36,41,34,35,40,32,33,38,32,33,38,32,33,38,31,32,37,31,32,37,32,33,38,33,34,39,34,35,40,34,35,40,34,35,40,33,34,39,32,33,38,35,36,41,35,36,41,34,35,40,32,33,38,31,32,37,30,31,36,29,30,35,28,29,34,33,30,37,32,31,36,28,32,35,23,31,33,20,30,31,22,27,30,27,25,30,29,24,28,24,24,24,28,18,16,44,11,6,94,16,12,175,33,32,228,45,41,242,41,25,244,29,11,238,16,5,244,20,12,238,13,7,232,7,3,232,7,5,228,2,3,225,0,3,229,4,10,231,6,12,225,2,7,224,1,6,224,3,8,222,2,4,218,0,0,219,1,0,225,7,5,216,2,0,217,3,3,218,4,6,217,4,6,216,3,5,212,2,3,211,1,2,211,1,2,211,1,4,213,3,4,212,2,3,213,0,2,213,0,2,217,3,3,218,4,4,217,1,2,218,0,0,220,0,0,221,1,1,221,3,2,223,5,4,225,7,6,226,6,6,228,6,5,229,3,4,231,3,2,234,2,0,235,1,0,236,3,0,239,4,0,240,5,1,240,5,1,248,10,8,244,4,3,242,4,2,242,4,2,242,4,2,245,7,5,245,7,5,240,2,0,245,7,4,254,16,13,247,9,6,240,2,0,249,10,7,251,12,7,248,6,2,250,11,6,250,15,11,255,24,19,246,13,6,237,4,0,247,15,5,248,18,5,240,14,0,244,23,4,243,29,3,229,26,0,238,47,3,255,76,23,240,70,8,232,70,0,255,98,24,255,108,24,251,111,13,251,114,8,252,110,8,250,104,3,248,100,0,251,103,3,252,104,6,251,103,7,249,99,4,255,104,10,250,93,0,242,85,0,248,94,0,245,97,0,236,97,0,242,105,0,254,116,9,250,121,19,242,133,40,255,174,96,188,131,76,66,33,0,73,56,46,151,149,152,178,181,188,175,183,186,173,179,177,170,180,172,173,183,174,170,181,173,168,179,175
237,241,252,232,239,247,229,237,240,225,233,235,218,229,225,214,225,221,216,227,223,222,231,228,177,185,187,111,116,120,98,105,113,68,75,85,55,61,73,62,70,81,43,53,63,27,36,45,14,19,25,25,28,33,21,22,27,19,22,27,21,22,26,16,17,21,26,27,31,30,31,35,25,29,32,25,29,32,25,29,32,27,31,34,26,29,34,24,27,32,25,28,35,26,29,36,28,31,36,30,31,36,27,30,35,27,30,35,27,32,36,28,33,37,28,33,37,29,34,38,32,35,40,31,36,40,35,38,43,38,41,46,38,41,46,38,39,44,37,38,43,38,39,44,38,39,44,34,37,42,32,35,40,31,34,39,32,35,40,33,36,41,34,37,42,34,37,42,32,35,40,32,35,40,31,34,39,30,33,38,30,33,38,32,35,40,33,36,41,34,37,42,40,43,50,55,58,65,60,63,70,48,51,58,34,37,44,31,34,41,31,34,41,28,31,38,31,32,37,33,34,39,36,37,42,36,37,42,34,35,40,32,33,38,32,33,38,33,34,39,30,31,35,31,32,36,33,34,38,33,34,38,33,34,38,32,33,37,32,33,37,32,33,37,34,35,39,34,35,39,33,34,38,30,31,35,29,30,34,29,30,34,29,30,34,27,28,32,28,29,33,28,29,33,29,28,33,28,29,34,22,30,33,24,29,32,27,26,31,30,25,31,27,22,26,34,19,22,47,13,14,95,21,22,173,39,38,220,46,35,237,37,12,248,30,3,249,24,6,252,24,11,249,18,8,241,10,2,237,5,1,234,5,2,232,2,4,232,3,6,229,5,6,228,5,8,228,5,8,228,5,8,225,2,3,222,0,0,223,0,0,225,3,2,220,2,1,219,4,2,218,2,3,216,2,2,216,2,2,215,3,2,213,1,0,210,0,0,211,0,0,215,3,2,216,4,3,214,0,0,216,1,0,219,4,2,223,5,4,222,2,2,223,0,0,223,0,0,225,1,1,228,4,4,229,5,5,226,2,2,226,2,2,228,2,3,231,3,4,230,0,0,232,0,0,235,1,0,241,6,3,245,7,4,243,5,2,240,3,0,245,6,3,241,2,0,241,2,0,244,5,2,245,5,4,242,2,1,243,1,0,245,3,2,244,5,2,247,8,5,247,8,3,243,6,0,246,9,3,251,14,6,248,14,5,243,9,0,238,7,0,245,17,6,250,22,9,246,20,6,242,21,3,243,22,3,243,22,3,244,21,3,239,17,0,233,17,0,237,37,1,255,70,23,250,77,17,235,72,3,250,88,13,255,109,23,255,121,21,253,116,10,250,111,6,249,108,3,247,104,2,250,104,5,253,105,9,252,102,8,252,97,7,255,100,10,254,96,7,242,87,0,245,92,0,248,100,2,244,101,0,251,110,5,255,119,12,249,120,16,240,130,33,255,171,91,191,130,73,69,33,0,43,23,12,115,106,107,178,176,179,176,177,179,170,174,173,175,181,177,172,181,176,174,185,179,171,182,176
236,242,254,233,242,251,231,238,244,227,235,238,221,230,229,217,226,223,220,229,226,224,233,230,208,216,218,131,139,142,83,92,97,56,65,72,46,54,65,57,65,76,57,65,78,42,48,60,21,24,31,20,21,26,25,26,31,24,25,30,17,18,23,18,19,23,22,23,27,25,26,30,25,29,32,23,27,30,23,27,30,25,29,32,26,29,34,26,29,34,25,30,36,27,30,37,30,31,36,30,31,36,28,31,36,29,32,37,28,33,37,29,34,38,29,34,38,29,34,38,32,37,41,32,37,41,35,40,44,38,43,47,38,41,46,35,38,43,36,37,42,37,38,43,33,36,41,32,35,40,30,33,38,31,34,39,33,36,41,34,37,42,35,38,43,35,38,43,32,35,40,32,35,40,32,35,40,31,34,39,32,35,40,33,36,41,35,38,43,35,38,43,44,47,54,52,55,62,51,54,61,41,44,51,32,35,42,32,35,42,33,36,43,31,34,41,32,33,38,33,34,39,35,36,41,35,36,41,34,35,40,33,34,39,33,34,39,33,34,39,31,32,36,32,33,37,33,34,38,34,35,39,33,34,38,33,34,38,32,33,37,32,33,37,33,34,38,34,35,39,33,34,38,31,32,36,31,32,36,31,32,36,31,32,36,30,31,35,26,30,31,28,29,31,30,27,34,29,28,34,25,30,34,24,29,33,27,26,31,30,25,31,29,24,30,37,22,27,46,14,19,89,21,22,168,43,39,220,52,39,242,42,16,252,35,4,250,24,2,248,18,2,245,13,0,242,10,0,242,9,2,243,10,5,239,7,5,231,3,2,228,2,3,228,4,5,228,4,5,226,3,4,224,0,1,223,0,0,225,0,0,225,1,1,222,0,0,220,2,1,220,2,3,217,1,2,217,1,2,217,3,3,216,2,2,214,0,0,214,0,0,218,4,4,218,4,2,216,1,0,217,0,0,221,2,0,223,4,2,223,1,0,225,0,0,227,0,0,227,1,2,228,2,3,227,1,2,225,0,0,226,0,0,228,0,1,233,3,3,235,3,3,236,2,1,237,4,0,241,3,0,243,5,2,246,7,2,247,8,3,252,13,10,247,8,5,245,6,3,245,6,3,249,7,6,248,6,5,247,3,3,246,2,2,245,3,1,247,5,3,245,6,1,243,6,0,247,10,2,250,16,7,246,14,2,238,8,0,242,14,3,248,22,8,254,31,14,245,24,5,230,14,0,237,23,0,248,29,7,239,19,0,250,25,7,249,29,5,251,47,14,255,69,24,241,71,12,233,70,1,249,86,11,253,97,12,255,117,18,255,123,17,255,120,15,249,110,5,245,103,1,255,109,8,255,107,11,247,94,1,241,86,0,250,92,5,254,96,9,247,92,2,250,97,4,253,103,8,248,102,3,253,110,6,250,109,3,243,115,8,235,126,25,255,169,85,203,141,82,83,43,7,36,14,1,89,79,78,170,166,165,179,179,179,168,170,167,166,172,168,163,172,171,168,179,175,171,182,176
236,244,255,233,243,253,232,241,248,227,236,241,222,232,233,218,228,227,220,229,226,224,233,230,212,220,222,157,165,168,83,90,96,63,70,78,58,66,77,49,57,68,50,58,69,53,60,70,44,47,56,28,28,36,34,34,42,25,26,31,13,14,19,19,20,25,20,21,25,23,24,28,23,27,30,21,25,28,21,24,29,24,27,32,25,28,33,26,29,34,27,30,37,29,32,39,32,33,38,33,34,39,31,34,39,32,35,40,31,36,40,31,36,40,32,37,41,32,37,41,31,36,40,32,37,41,34,39,43,35,40,44,36,39,44,33,36,41,33,34,39,34,35,40,31,34,39,30,33,38,30,33,38,31,34,39,33,36,41,34,37,42,35,38,43,34,37,42,31,34,39,31,34,39,31,34,39,32,35,40,33,36,41,33,36,41,35,38,43,37,40,45,48,51,58,48,51,58,44,47,54,37,40,47,34,37,44,35,38,45,36,39,46,35,38,45,33,34,39,34,35,40,34,35,40,34,35,40,34,35,40,33,34,39,33,34,39,33,34,39,32,33,37,33,34,38,34,35,39,34,35,39,34,35,39,33,34,38,33,34,38,33,34,38,34,35,39,35,36,40,34,35,39,33,34,38,32,33,37,33,34,38,32,33,37,30,31,35,25,29,30,28,29,31,29,28,34,30,29,35,25,30,34,24,29,33,27,26,31,29,24,30,29,24,31,36,25,31,40,13,18,76,14,15,154,36,32,212,50,37,237,39,13,247,29,1,247,20,1,244,14,0,246,14,0,247,15,3,243,10,3,245,12,7,244,12,10,234,4,4,231,3,2,230,6,6,230,6,6,226,2,2,225,0,0,226,0,1,228,0,1,225,0,0,222,0,0,224,2,1,224,1,2,221,1,1,221,1,1,220,2,1,220,2,3,217,1,2,217,1,2,221,5,6,221,6,4,220,2,1,219,0,0,222,0,0,223,1,0,224,0,0,224,0,0,227,0,0,229,1,2,230,2,3,230,2,3,229,1,2,232,2,4,235,5,7,239,7,7,239,7,7,239,5,4,241,8,4,246,8,5,248,10,7,249,10,5,248,9,4,247,9,6,244,6,3,242,3,0,241,2,0,247,5,3,251,9,7,251,7,6,248,4,3,244,2,0,249,7,5,250,11,6,248,11,5,250,13,5,252,18,9,249,17,5,244,14,1,242,14,1,246,20,6,255,38,21,255,37,18,236,22,0,239,28,1,251,37,11,241,23,0,250,28,7,247,32,4,252,52,16,255,72,25,235,65,4,223,60,0,242,79,4,250,91,7,255,117,18,255,126,20,255,127,19,251,113,6,244,103,0,250,107,5,253,105,9,245,92,0,232,77,0,243,85,0,253,93,7,252,94,5,254,99,7,255,105,10,251,103,5,255,109,8,251,110,4,246,118,11,235,126,25,255,170,83,224,163,100,106,67,28,35,12,0,65,54,52,144,138,138,174,174,174,163,165,162,157,162,158,158,164,164,162,173,169,170,181,175
231,243,255,231,243,255,229,242,250,227,238,242,222,234,234,219,229,228,220,229,228,221,230,229,231,239,241,189,197,200,84,91,97,53,60,68,67,76,85,55,63,74,39,47,58,54,61,71,57,60,69,44,44,52,36,36,44,25,25,33,17,17,25,19,20,25,18,19,24,21,22,26,20,24,27,20,24,27,21,24,29,22,25,30,23,26,31,23,26,31,26,29,36,29,32,39,32,33,38,32,33,38,31,34,39,32,35,40,31,36,40,31,36,40,31,36,40,31,36,40,29,34,38,29,34,38,30,35,39,30,35,39,31,34,39,29,32,37,31,32,37,31,32,37,31,34,39,31,34,39,32,35,40,32,35,40,33,36,41,33,36,41,32,35,40,32,35,40,30,33,38,30,33,38,31,34,39,32,35,40,32,35,40,32,35,40,34,37,42,37,40,45,48,51,58,45,48,55,41,44,51,37,40,47,37,40,47,36,39,46,35,38,45,33,36,43,35,36,41,34,35,40,33,34,39,33,34,39,34,35,40,34,35,40,33,34,39,32,33,38,32,33,37,33,34,38,34,35,39,35,36,40,35,36,40,34,35,39,34,35,39,34,35,39,34,35,39,36,37,41,35,36,40,33,34,38,32,33,37,32,33,37,30,31,35,28,29,33,26,30,33,28,29,33,30,29,35,29,30,35,25,30,34,24,29,32,27,26,31,29,24,30,26,23,30,33,27,31,34,14,16,61,10,9,137,30,24,201,47,35,234,39,17,246,28,3,247,22,2,248,18,2,255,24,10,255,24,10,245,13,3,243,10,3,247,14,10,240,8,6,234,6,3,236,11,9,235,10,8,229,4,2,227,1,2,231,3,2,230,2,1,227,0,0,225,0,0,228,2,3,228,4,4,226,2,3,223,0,1,221,1,1,221,1,3,220,0,2,221,1,3,224,4,6,225,5,5,222,2,2,221,0,0,223,0,0,224,0,0,226,0,1,227,0,0,229,1,2,231,3,4,231,3,4,231,3,4,232,4,5,237,7,9,241,11,11,241,9,9,239,7,5,240,7,3,244,9,6,252,14,11,252,14,11,249,10,5,243,4,0,241,4,0,242,4,1,240,1,0,238,0,0,244,2,0,251,9,7,253,9,8,249,5,4,242,0,0,251,9,7,255,16,11,253,14,9,251,14,6,251,17,8,254,20,9,253,23,10,247,19,6,244,18,2,255,35,17,255,45,23,246,35,8,241,31,4,250,39,12,250,36,10,252,34,9,238,27,0,246,48,11,255,80,32,238,70,8,213,50,0,234,68,0,250,91,7,255,115,16,255,122,16,255,125,17,252,116,8,242,101,0,242,99,0,248,100,2,250,97,3,238,83,0,244,86,0,253,93,7,251,93,6,251,96,6,253,100,7,247,97,2,247,101,0,251,110,4,248,120,11,234,125,20,251,163,73,235,171,107,125,82,40,35,9,0,47,33,32,111,105,105,166,164,165,160,160,160,155,157,156,154,160,160,158,167,164,165,174,171
227,240,255,228,242,255,228,242,251,225,238,244,222,233,235,219,231,229,218,228,227,217,227,226,228,236,238,213,221,224,124,131,137,60,67,75,50,57,67,47,54,64,30,37,47,40,44,55,51,53,65,54,54,64,32,32,42,22,22,30,23,26,33,17,20,25,14,17,22,16,19,24,18,21,26,19,22,27,21,24,29,22,25,30,20,23,28,19,22,27,23,26,31,28,31,36,27,28,33,28,29,34,27,30,35,28,31,36,27,32,36,27,32,36,27,32,36,27,32,36,27,32,36,27,32,36,27,32,36,26,31,35,27,30,35,27,30,35,30,31,36,31,32,37,32,35,40,32,35,40,33,36,41,33,36,41,32,35,40,32,35,40,31,34,39,31,34,39,31,34,39,31,34,39,32,35,40,33,36,41,33,36,41,32,35,40,34,37,42,38,41,46,48,51,58,45,48,55,40,43,50,37,40,47,36,39,46,34,37,44,32,35,42,32,35,42,35,36,41,34,35,40,34,35,40,33,34,39,34,35,40,34,35,40,33,34,39,32,33,38,32,33,38,33,34,39,34,35,40,35,36,41,35,36,41,35,36,41,35,36,41,35,36,41,34,35,40,35,36,41,34,35,40,32,33,38,31,32,37,31,32,37,29,30,35,27,28,32,28,29,33,28,29,33,29,30,35,29,30,35,25,30,33,24,29,32,27,26,31,28,26,31,25,24,30,30,28,33,31,19,21,53,12,10,120,27,20,192,50,36,240,49,30,254,38,15,251,26,6,252,23,4,255,29,13,255,29,15,249,15,6,246,12,5,249,14,10,244,11,7,239,7,5,241,12,9,240,12,9,234,6,3,232,4,3,235,6,3,234,5,2,230,1,0,230,1,0,232,2,2,232,4,3,230,2,3,227,1,2,226,2,2,225,1,2,223,0,1,224,1,2,226,3,4,226,3,4,226,2,3,224,0,1,225,0,1,226,0,2,227,1,2,233,5,6,235,5,5,234,4,4,232,2,2,231,1,1,231,1,1,235,3,3,237,5,5,238,4,5,238,4,3,241,6,3,244,9,6,250,12,9,250,12,9,248,9,4,245,6,1,246,9,3,248,11,5,245,8,2,240,1,0,242,0,0,247,5,1,249,7,5,247,5,3,242,0,0,248,6,4,250,11,6,250,11,6,249,12,4,251,17,8,254,20,11,255,23,11,255,25,10,251,26,8,252,29,11,255,36,14,247,37,10,243,35,7,249,42,11,255,49,19,251,40,11,232,25,0,235,42,1,255,79,28,242,76,14,214,51,0,225,59,0,239,79,0,248,104,5,253,117,9,255,124,16,253,117,9,241,100,0,240,97,0,249,103,4,254,104,9,251,96,6,250,92,3,255,95,9,252,94,7,250,95,5,250,97,4,242,92,0,238,90,0,253,110,5,253,123,13,237,129,21,248,161,66,243,179,108,138,94,49,39,10,0,40,22,20,92,83,84,158,156,157,157,157,157,148,150,149,150,151,153,154,158,157,158,167,164
222,237,255,224,240,255,224,240,253,223,238,245,220,234,237,220,232,232,219,229,228,218,228,227,224,232,234,236,244,246,186,193,199,95,102,108,44,51,59,47,54,64,41,48,58,32,36,47,50,52,64,64,64,76,35,35,47,18,18,28,20,23,32,13,16,23,15,18,25,19,22,27,18,21,26,19,22,27,21,24,29,21,24,29,19,22,27,18,21,26,21,24,29,26,29,34,26,27,32,26,27,32,25,28,33,25,28,33,25,30,34,25,30,34,25,30,34,25,30,34,27,32,36,28,33,37,27,32,36,25,30,34,26,29,34,28,31,36,32,33,38,32,33,38,31,34,39,32,35,40,32,35,40,32,35,40,32,35,40,32,35,40,32,35,40,33,36,41,34,37,42,33,36,41,33,36,41,35,38,43,34,37,42,33,36,41,36,39,44,41,44,49,52,55,62,49,52,59,43,46,53,38,41,48,35,38,45,34,37,44,35,38,45,35,38,45,34,35,40,34,35,40,35,36,41,34,35,40,34,35,40,33,34,39,33,34,39,32,33,38,32,33,38,33,34,39,35,36,41,35,36,41,35,36,41,35,36,41,35,36,41,35,36,41,32,33,38,33,34,39,33,34,39,31,32,37,31,32,37,31,32,37,31,32,37,29,30,35,29,30,34,29,30,34,28,29,34,26,29,34,25,30,33,25,29,32,29,27,30,29,27,32,25,26,31,27,26,31,29,25,26,45,16,12,97,18,11,172,42,29,234,51,33,252,40,19,250,29,10,249,22,3,254,24,8,255,25,9,250,16,5,247,13,4,247,13,6,243,8,4,239,6,2,241,9,5,240,11,8,238,9,6,237,8,5,240,8,6,239,7,5,236,4,0,233,1,0,234,2,0,234,2,0,231,1,1,231,3,2,230,4,5,228,2,3,225,1,2,225,1,2,225,1,2,226,2,3,225,1,2,226,0,2,226,0,2,227,1,3,229,1,2,233,3,5,234,4,4,233,3,3,230,0,0,231,0,0,231,0,0,232,0,0,231,0,0,235,1,0,239,5,4,244,9,6,245,10,7,246,8,5,247,9,6,251,12,7,255,16,11,249,12,4,251,14,6,248,11,5,242,5,0,240,1,0,246,4,0,248,6,4,247,5,3,248,6,4,247,5,3,244,5,0,245,6,1,249,12,4,253,19,10,254,20,11,250,18,6,247,17,2,254,27,10,254,29,9,249,30,8,248,38,13,252,47,18,255,50,21,255,51,20,255,46,15,240,36,1,236,45,1,254,77,25,252,86,24,235,72,3,239,68,0,239,77,0,240,94,0,251,115,7,255,127,19,254,118,10,241,102,0,246,103,0,254,108,7,254,104,9,253,98,6,249,91,2,254,94,8,255,95,9,253,95,6,254,99,9,247,94,1,239,91,0,252,109,4,254,124,14,242,134,23,250,162,64,252,186,112,152,104,56,47,14,0,35,16,12,81,71,72,148,143,147,151,149,150,139,139,139,139,139,141,148,150,149,153,159,155
217,234,254,219,236,252,218,236,250,216,233,241,216,231,234,218,232,232,220,232,230,220,230,229,231,239,241,225,233,235,159,164,170,65,70,76,34,38,47,41,45,54,39,43,52,24,28,39,49,51,63,63,65,77,48,50,62,23,26,35,15,18,27,14,17,24,15,18,25,21,24,31,19,22,27,19,22,27,19,22,27,21,24,29,21,24,29,20,23,28,21,24,29,23,26,31,27,28,33,27,28,33,25,28,33,25,28,33,24,29,33,25,30,34,25,30,34,26,31,35,26,31,35,28,33,37,28,33,37,27,32,36,27,30,35,29,32,37,32,33,38,32,33,38,32,35,40,32,35,40,32,35,40,31,34,39,31,34,39,31,34,39,33,36,41,35,38,43,35,38,43,33,36,41,34,37,42,35,38,43,34,37,42,33,36,41,37,40,45,44,47,52,52,55,62,50,53,60,45,48,55,37,40,47,35,38,45,36,39,46,37,40,47,36,39,46,33,34,39,35,36,41,36,37,42,36,37,42,34,35,40,33,34,39,32,33,38,33,34,39,33,34,39,34,35,40,35,36,41,36,37,42,35,36,41,34,35,40,34,35,40,34,35,40,34,35,40,35,36,41,34,35,40,32,33,38,31,32,37,32,33,38,32,33,38,30,31,36,29,30,34,29,30,34,26,29,34,26,29,34,24,29,32,25,29,32,29,27,30,29,27,32,25,26,31,21,24,29,25,29,30,37,18,14,71,7,0,147,31,18,221,48,34,244,37,19,248,29,9,250,25,3,252,23,4,252,21,5,250,17,3,248,12,1,247,10,2,246,12,5,241,6,2,241,8,3,242,9,5,243,11,7,243,11,7,243,10,6,241,8,4,240,7,2,237,4,0,237,4,0,235,2,0,234,2,0,233,4,1,233,5,4,231,3,4,225,0,0,226,0,1,225,0,0,225,0,1,225,0,1,227,1,3,227,1,3,229,0,3,229,1,2,231,1,3,233,1,1,233,1,1,231,0,0,233,0,0,235,1,0,234,0,0,232,0,0,237,1,1,240,5,2,245,7,5,247,9,7,248,9,6,249,10,7,252,13,10,255,16,11,251,14,6,249,15,6,248,11,3,243,6,0,243,4,0,245,6,1,249,7,3,248,6,2,252,10,6,250,8,4,247,8,3,247,8,3,249,12,4,251,17,8,251,17,8,249,17,5,238,8,0,243,16,0,252,27,9,252,32,10,248,36,12,254,49,20,255,53,24,250,45,14,253,46,14,252,50,14,244,56,11,255,78,26,255,92,33,252,84,21,255,80,15,255,89,11,244,97,1,252,116,8,255,127,19,255,121,13,245,107,0,245,104,0,252,106,5,252,102,5,252,97,5,246,88,0,252,92,6,254,94,8,252,92,6,255,97,8,251,96,6,244,94,0,251,106,1,247,117,7,239,132,16,245,158,53,253,184,106,158,107,54,51,13,0,29,5,1,60,50,51,124,119,123,139,137,138,131,129,130,132,130,131,146,146,146,148,153,149
213,231,251,214,233,250,213,232,246,210,228,238,211,229,233,216,230,231,220,232,230,221,231,230,230,238,240,214,222,224,119,124,128,34,39,45,39,44,50,33,37,46,30,34,43,37,41,50,35,37,49,51,53,66,61,63,75,36,38,50,18,21,30,20,23,32,14,17,24,16,19,26,21,24,29,19,22,27,18,21,26,20,23,28,23,26,31,23,26,31,22,25,30,21,24,29,26,27,32,26,27,32,24,27,32,24,27,32,23,28,32,24,29,33,25,30,34,25,30,34,25,30,34,28,33,37,29,34,38,27,32,36,28,31,36,29,32,37,31,32,37,30,31,36,34,37,42,33,36,41,33,36,41,31,34,39,30,33,38,31,34,39,33,36,41,35,38,43,34,37,42,32,35,40,32,35,40,34,37,42,34,37,42,33,36,41,38,41,46,45,48,53,46,49,56,47,50,57,42,45,52,35,38,45,34,37,44,36,39,46,35,38,45,31,34,41,32,33,38,35,36,41,37,38,43,36,37,42,34,35,40,32,33,38,32,33,38,33,34,39,34,35,40,35,36,41,36,37,42,36,37,42,35,36,41,33,34,39,32,33,38,32,33,38,37,38,43,37,38,43,36,37,42,33,34,39,32,33,38,32,33,38,32,33,38,31,32,37,30,31,35,29,30,34,26,29,34,25,28,33,24,29,32,25,29,30,28,28,30,29,28,33,23,26,31,18,23,29,24,32,34,33,22,20,57,4,0,131,29,17,214,52,41,239,42,26,246,31,11,254,32,9,255,30,11,255,26,7,251,18,3,247,11,0,248,12,1,255,19,11,243,9,2,242,7,3,244,9,5,246,13,8,247,14,9,245,10,6,243,8,4,242,7,3,240,7,2,238,5,0,236,3,0,235,2,0,236,4,0,235,6,3,231,1,1,225,0,0,229,1,2,225,0,0,224,0,0,225,0,1,227,1,3,228,2,4,229,0,3,230,0,2,235,3,3,236,2,3,236,2,3,235,1,0,236,2,1,238,4,3,237,1,1,233,0,0,238,3,0,239,1,0,239,1,0,243,5,3,250,11,8,251,12,9,248,9,6,244,5,0,255,20,12,252,18,9,249,12,4,246,9,1,247,8,3,247,8,3,249,7,3,248,6,2,250,8,4,251,12,7,253,14,9,249,12,4,244,10,1,243,11,1,246,14,4,249,17,5,241,11,0,235,5,0,246,19,2,251,30,11,238,26,4,244,36,10,253,48,21,245,40,11,238,31,0,244,44,8,240,52,7,246,69,17,248,78,19,235,65,4,245,65,6,255,86,14,255,110,14,252,116,8,255,122,14,255,124,16,248,110,3,240,99,0,245,99,0,252,102,5,255,102,10,249,91,2,254,94,8,251,91,5,246,86,0,250,90,4,249,91,2,244,91,0,255,110,7,248,116,5,241,132,15,247,159,51,255,189,104,168,113,57,60,18,0,32,4,0,39,27,29,101,96,102,129,127,130,128,126,127,132,128,129,147,146,144,145,150,146
204,225,246,204,225,244,205,224,238,205,223,233,207,225,229,213,227,228,219,231,229,222,233,229,224,233,232,229,234,237,135,139,142,40,43,48,27,30,37,31,34,41,29,34,40,32,36,45,32,36,47,48,52,64,58,62,73,49,53,64,33,36,45,21,24,33,17,20,27,16,19,26,15,18,23,20,23,28,24,27,32,23,26,31,20,23,28,19,22,27,21,24,29,24,27,32,29,30,35,27,28,33,22,25,30,22,25,30,23,28,32,24,29,33,24,29,33,23,28,32,24,29,33,25,30,34,26,31,35,27,32,36,28,31,36,28,31,36,30,31,36,30,31,36,32,35,40,31,34,39,29,32,37,30,33,38,32,35,40,33,36,41,32,35,40,31,34,39,29,32,37,31,34,39,33,36,41,33,36,41,33,36,41,35,38,43,40,43,48,45,48,53,41,44,51,42,45,52,39,42,49,34,37,44,31,34,41,32,35,42,32,35,42,31,34,41,33,34,39,34,35,40,35,36,41,34,35,40,34,35,40,33,34,39,32,33,38,32,33,38,34,35,40,35,36,41,37,38,43,36,37,42,35,36,41,34,35,40,34,35,40,34,35,40,37,38,43,37,38,43,36,37,42,35,36,41,34,35,40,33,34,39,31,32,37,30,31,36,29,30,35,30,31,36,28,31,36,27,30,35,25,29,32,24,28,29,28,28,30,28,28,30,23,26,33,17,24,30,19,29,31,30,25,22,51,10,4,112,24,14,196,48,38,235,48,33,243,34,12,247,27,3,249,24,4,253,26,7,249,18,2,247,14,0,255,21,10,253,16,8,242,5,0,242,8,1,245,11,4,251,17,10,246,12,5,242,5,0,249,12,6,247,13,6,242,9,2,235,2,0,235,2,0,240,7,2,240,8,4,232,3,0,228,0,0,229,1,0,227,0,0,228,0,0,228,0,1,229,1,2,229,1,2,229,1,2,228,0,1,229,0,1,235,1,2,235,0,0,236,0,0,239,3,3,240,4,4,238,3,0,239,1,0,240,2,0,239,1,0,243,4,1,243,4,1,240,1,0,240,1,0,244,5,2,245,6,3,242,3,0,249,12,4,252,16,5,254,15,8,251,12,5,249,8,1,248,7,0,247,5,1,245,3,0,249,10,5,247,8,3,251,12,5,254,17,9,247,13,4,243,11,0,248,16,4,250,20,7,250,20,5,245,15,0,245,18,2,244,21,4,234,19,0,228,19,0,233,28,1,239,34,5,234,27,0,228,26,0,237,46,2,246,66,15,242,69,13,233,58,1,244,59,3,255,87,20,255,111,17,255,123,18,255,120,13,255,120,13,255,117,10,243,102,0,243,100,0,254,106,6,255,105,11,255,103,14,253,93,7,243,83,0,244,84,0,248,88,2,247,89,2,243,90,0,249,101,1,247,115,4,250,141,20,253,166,51,255,187,97,189,130,70,76,30,6,36,5,2,31,16,19,63,58,64,121,119,122,139,137,138,137,131,131,146,142,141,150,152,149
190,212,233,192,215,233,196,215,229,198,216,226,201,219,223,209,223,224,215,227,225,218,227,224,224,230,228,224,230,230,150,154,155,67,71,74,48,51,56,43,46,53,28,33,39,24,29,35,31,35,46,41,45,56,47,51,62,45,49,58,40,43,52,34,37,44,28,31,38,22,25,32,15,18,23,16,19,24,18,21,26,21,24,29,23,26,31,23,26,31,21,24,29,20,23,28,26,27,32,26,27,32,24,27,32,25,28,33,26,31,35,27,32,36,27,32,36,26,31,35,26,31,35,27,32,36,28,33,37,28,33,37,29,32,37,29,32,37,32,33,38,32,33,38,32,35,40,31,34,39,30,33,38,31,34,39,32,35,40,34,37,42,33,36,41,32,35,40,30,33,38,31,34,39,32,35,40,32,35,40,33,36,41,36,39,44,41,44,49,46,49,54,44,47,54,44,47,54,41,44,51,36,39,46,33,36,43,33,36,43,32,35,42,31,34,41,33,34,39,34,35,40,34,35,40,34,35,40,33,34,39,33,34,39,33,34,39,33,34,39,34,35,40,35,36,41,36,37,42,36,37,42,35,36,41,34,35,40,34,35,40,34,35,40,36,37,42,36,37,42,36,37,42,35,36,41,34,35,40,33,34,39,32,33,38,31,32,37,29,30,35,30,31,36,30,31,36,27,31,34,27,28,32,26,27,29,26,28,27,27,28,30,22,25,32,18,25,33,19,28,33,25,23,24,42,11,6,93,19,10,171,38,29,220,44,31,245,43,21,253,35,10,250,30,8,252,27,7,245,15,0,243,10,0,253,17,4,251,15,4,245,8,0,246,9,1,245,11,4,250,16,9,246,9,3,241,4,0,249,12,6,251,14,8,246,12,5,240,7,0,240,7,0,244,11,4,243,12,6,238,6,2,234,2,0,233,4,1,230,0,0,229,1,0,230,0,2,230,2,3,230,2,3,229,1,2,229,1,2,229,0,0,234,0,0,235,0,0,236,0,0,240,2,2,241,3,1,239,1,0,239,1,0,241,1,0,240,1,0,241,2,0,241,2,0,241,2,0,244,5,2,247,8,5,247,8,5,245,6,1,250,13,5,252,16,5,253,14,7,251,12,5,250,9,2,248,7,0,249,7,3,251,9,5,255,16,11,250,11,4,250,13,5,250,16,5,245,13,1,240,10,0,245,15,2,250,20,5,249,22,6,248,21,5,251,24,8,251,28,11,244,29,9,241,31,8,243,34,11,243,35,7,248,39,8,238,36,0,237,46,2,242,60,10,252,75,23,250,70,17,243,53,3,240,58,0,253,99,9,255,118,13,255,116,11,254,116,9,252,114,7,245,104,0,246,103,0,254,106,6,253,100,6,253,98,6,250,92,3,248,88,2,249,89,3,246,86,0,245,87,0,247,92,0,243,94,0,242,110,0,245,137,13,245,159,40,255,184,89,207,146,81,99,49,22,44,9,5,30,15,20,52,50,55,114,114,116,144,142,143,142,136,136,148,144,141,152,154,149
177,199,220,181,204,222,189,208,222,194,212,222,200,218,222,208,222,222,215,226,222,217,226,221,222,228,224,230,234,233,189,190,192,110,111,115,62,65,70,43,46,51,25,28,33,21,24,31,32,36,47,36,40,51,40,44,55,41,45,54,42,46,55,40,45,51,35,40,46,29,34,38,25,30,34,22,27,31,21,24,29,19,22,27,20,23,28,21,24,29,22,25,30,23,26,31,24,25,30,25,26,31,23,26,31,24,27,32,24,29,33,25,30,34,26,31,35,26,31,35,27,32,36,27,32,36,28,33,37,28,33,37,29,32,37,30,33,38,33,34,39,33,34,39,33,36,41,32,35,40,31,34,39,32,35,40,33,36,41,34,37,42,33,36,41,33,36,41,31,34,39,32,35,40,32,35,40,33,36,41,35,38,43,39,42,47,44,47,52,47,50,55,40,43,50,40,43,50,38,41,48,35,38,45,34,37,44,35,38,45,35,38,45,34,37,44,33,34,39,34,35,40,34,35,40,34,35,40,33,34,39,33,34,39,34,35,40,35,36,41,35,36,41,35,36,41,35,36,41,35,36,41,36,37,42,35,36,41,34,35,40,33,34,39,35,36,41,35,36,41,35,36,41,35,36,41,34,35,40,33,34,39,32,33,38,31,32,37,27,30,37,29,29,37,29,30,35,28,29,33,28,27,32,26,27,29,24,28,27,23,29,29,21,24,31,23,27,36,22,29,37,25,23,26,37,13,9,74,14,4,144,27,18,205,45,31,238,43,21,249,35,9,247,28,6,249,27,6,244,17,0,244,13,0,252,19,5,253,17,4,246,10,0,247,11,0,247,10,2,251,14,6,246,9,3,241,4,0,250,13,7,252,15,9,249,15,6,247,13,4,245,12,5,245,12,5,244,11,6,239,8,2,237,5,1,236,4,0,233,1,0,231,2,0,234,2,2,232,2,2,231,1,1,231,1,1,230,0,0,232,0,0,235,0,0,237,0,0,238,0,0,241,1,0,241,1,0,241,1,0,241,2,0,244,2,0,245,3,1,242,0,0,243,1,0,247,5,3,249,10,7,249,10,7,248,9,6,247,8,3,250,11,4,250,11,4,252,13,6,253,14,7,251,9,5,246,4,0,248,7,0,252,11,4,255,16,9,250,11,4,249,12,4,252,18,7,250,18,6,245,15,0,247,17,2,253,26,9,255,31,13,247,22,4,244,18,2,246,23,6,247,32,12,251,41,18,251,41,18,244,34,7,254,45,14,251,47,10,247,55,10,247,63,13,253,73,22,243,61,11,234,39,0,233,49,0,244,88,1,255,113,11,255,115,10,252,111,6,251,110,4,246,105,0,246,103,0,247,99,0,248,98,1,250,95,3,251,93,4,255,95,7,255,95,9,246,86,0,243,83,0,249,94,4,248,98,1,251,116,8,250,142,16,246,158,35,255,183,85,233,168,100,127,73,45,51,13,10,29,14,19,38,35,42,104,104,106,149,148,146,147,142,139,150,145,141,152,157,150
168,190,211,174,197,215,185,204,218,193,212,219,200,218,220,210,224,224,216,227,223,220,226,222,221,226,222,234,239,235,216,218,217,130,131,133,54,58,61,33,36,41,22,25,30,18,21,28,28,32,41,32,36,45,36,40,49,37,42,48,35,40,46,33,38,42,31,36,40,30,35,39,30,35,39,31,36,40,31,34,39,27,30,35,21,24,29,18,21,26,20,23,28,23,26,31,27,28,33,26,27,32,24,27,32,23,26,31,21,26,30,22,27,31,24,29,33,25,30,34,26,31,35,27,32,36,27,32,36,27,32,36,28,31,36,29,32,37,32,33,38,34,35,40,34,37,42,33,36,41,32,35,40,32,35,40,33,36,41,33,36,41,33,36,41,32,35,40,33,36,41,33,36,41,34,37,42,36,39,44,39,42,47,42,45,50,45,48,53,46,49,54,36,39,46,35,38,45,34,37,44,34,37,44,34,37,44,34,37,44,35,38,45,34,37,44,33,34,39,33,34,39,34,35,40,33,34,39,33,34,39,34,35,40,35,36,41,36,37,42,36,37,42,35,36,41,35,36,41,35,36,41,36,37,42,36,37,42,34,35,40,33,34,39,35,36,41,35,36,41,35,36,41,34,35,40,34,35,40,33,34,39,32,33,38,31,32,37,27,30,37,29,29,37,30,29,35,29,28,33,28,28,30,26,27,29,21,30,27,21,30,29,20,23,30,26,28,40,26,28,40,25,22,29,37,19,17,61,12,5,122,21,13,197,51,36,229,40,18,242,32,5,239,25,1,245,25,3,246,21,3,246,16,0,253,20,6,253,17,4,247,11,0,247,11,0,248,11,3,253,16,8,247,10,4,242,5,0,250,13,7,251,14,8,251,17,8,249,15,6,246,12,5,242,9,2,240,5,1,238,5,0,237,4,0,237,4,0,236,2,1,236,2,1,236,2,3,235,1,2,234,2,2,233,1,0,233,1,1,234,0,0,236,0,0,238,0,0,240,0,0,241,1,0,242,2,1,243,4,1,246,4,2,247,5,3,249,7,5,245,3,1,245,3,1,250,8,6,250,11,8,247,8,5,246,7,4,249,10,7,248,9,4,249,10,3,253,14,7,255,18,11,255,13,9,247,5,1,246,5,0,251,10,3,250,11,4,246,10,0,247,13,2,255,23,9,255,26,11,247,20,3,245,18,1,252,27,7,255,39,17,245,24,5,239,16,0,240,19,0,241,26,6,246,34,12,250,40,15,250,41,11,251,41,8,254,51,10,255,65,18,255,76,24,255,77,24,236,52,2,225,30,0,238,52,0,242,83,0,255,115,16,255,120,18,255,114,9,252,111,5,249,108,2,245,102,0,240,93,0,250,100,3,252,97,4,254,96,5,255,98,10,255,98,12,248,88,2,244,84,0,249,91,2,247,97,0,248,113,5,247,139,13,241,153,29,253,175,74,241,174,103,137,80,50,44,5,0,29,14,19,26,25,31,90,91,93,148,148,146,150,145,141,148,143,137,152,157,150
164,186,207,171,194,212,183,202,216,192,211,218,202,217,220,211,223,221,216,225,220,218,225,218,217,222,216,229,231,228,216,218,217,130,131,133,44,45,49,24,25,29,21,24,29,14,17,22,18,23,29,20,27,33,26,33,39,30,37,43,32,37,43,28,33,37,24,29,33,23,28,31,22,27,30,27,32,35,34,37,42,36,39,44,31,34,39,25,28,33,20,23,30,18,21,28,27,28,33,27,28,33,26,29,34,25,28,33,24,29,33,24,29,33,25,30,34,26,31,35,27,32,36,27,32,36,27,32,36,27,32,36,29,32,37,29,32,37,33,34,39,34,35,40,35,38,43,34,37,42,33,36,41,33,36,41,32,35,40,32,35,40,32,35,40,31,34,39,32,35,40,33,36,41,35,38,43,38,41,46,41,44,49,43,46,51,43,46,51,42,45,50,37,40,47,35,38,45,34,37,44,33,36,43,33,36,43,32,35,42,30,33,40,30,33,40,33,34,39,34,35,40,34,35,40,34,35,40,33,34,39,34,35,40,35,36,41,36,37,42,36,36,44,35,35,43,35,35,43,35,35,43,36,36,44,36,36,44,35,35,43,33,33,41,35,35,43,35,35,43,35,35,43,35,35,43,34,34,42,33,33,41,31,31,39,31,31,39,28,31,38,29,29,37,30,29,35,30,28,33,29,27,30,27,29,28,20,31,27,19,29,28,21,24,31,29,27,40,29,27,41,28,20,31,37,23,22,53,14,7,104,17,8,186,53,38,228,48,25,244,36,10,236,24,0,239,23,0,245,22,4,244,17,0,248,17,1,246,13,0,248,12,0,250,14,3,249,15,6,254,20,11,247,13,4,240,6,0,248,11,5,248,11,5,255,18,10,251,14,6,245,8,0,239,5,0,238,0,0,236,1,0,237,2,0,237,2,0,238,3,0,238,3,0,237,1,1,237,1,1,236,0,0,236,1,0,236,0,0,236,1,0,240,2,0,241,1,0,243,1,0,244,2,1,245,3,1,247,5,3,250,6,5,251,8,4,251,8,4,248,5,1,247,5,1,251,9,5,248,9,6,244,5,2,245,6,3,250,11,8,252,10,6,252,10,6,255,14,10,255,18,14,255,15,11,251,8,4,249,8,1,254,13,6,249,11,1,248,12,1,248,14,3,255,23,9,255,29,12,246,21,1,241,16,0,245,25,1,255,41,16,248,32,7,247,28,6,247,31,8,240,28,6,239,29,4,249,40,10,255,50,17,250,40,3,251,48,5,254,62,13,255,78,24,255,91,34,248,67,14,229,34,0,231,45,0,240,80,0,255,116,17,255,124,22,255,118,14,255,117,11,255,114,8,250,107,2,242,96,0,251,101,4,255,100,7,255,97,6,253,95,6,255,96,10,252,92,6,247,87,0,246,88,0,245,92,0,243,107,0,243,136,8,242,153,25,250,171,66,244,176,101,143,84,52,45,4,0,30,14,17,19,18,24,76,78,77,140,141,136,149,144,138,144,141,132,149,157,146
166,188,209,174,195,212,185,205,216,194,213,219,204,220,220,212,224,222,216,225,220,218,225,218,218,220,215,225,227,222,221,223,222,150,152,151,51,52,56,13,14,18,16,19,24,15,20,24,13,18,24,11,18,24,17,24,30,27,35,38,35,40,44,32,37,41,25,30,33,20,25,28,20,25,28,21,26,29,26,29,34,31,34,39,35,38,43,34,37,42,30,33,40,25,28,35,23,24,29,25,26,31,25,28,33,27,30,35,27,32,36,27,32,36,26,31,35,25,30,34,27,32,36,28,33,37,28,33,37,29,34,38,30,33,38,31,34,39,34,35,40,35,36,41,34,37,42,34,37,42,33,36,41,32,35,40,31,34,39,31,34,39,31,34,39,31,34,39,31,34,39,32,35,40,35,38,43,38,41,46,40,43,48,41,44,49,40,43,48,38,41,46,36,39,46,33,36,43,33,36,43,34,37,44,34,37,44,33,36,43,31,34,41,31,34,41,33,34,39,34,35,40,34,35,40,34,35,40,34,35,40,34,35,40,35,36,41,36,37,42,36,36,44,36,36,44,35,35,43,36,36,44,36,36,44,36,36,44,35,35,43,34,34,42,36,36,44,36,36,44,36,36,44,35,35,43,34,34,42,33,33,41,32,32,40,31,31,39,29,32,39,30,30,38,31,28,35,30,28,33,30,28,31,27,29,28,19,31,27,18,30,28,23,26,33,30,26,41,32,25,43,30,19,33,35,25,26,48,15,8,86,12,3,168,46,31,231,55,32,248,43,16,237,27,2,237,23,0,244,23,4,244,17,0,247,16,0,247,14,0,251,15,2,252,16,3,251,17,6,255,21,12,247,13,4,239,5,0,246,9,3,246,9,3,255,19,11,250,13,5,245,6,0,242,3,0,242,3,0,240,1,0,240,0,0,241,1,0,242,2,1,242,2,1,241,1,2,241,1,2,241,1,0,241,1,0,241,1,0,241,1,0,243,3,2,243,3,2,244,2,1,244,2,1,245,3,1,248,6,4,251,8,4,252,9,5,249,6,2,248,5,1,248,6,2,250,8,4,246,7,4,242,3,0,244,5,2,250,11,8,251,9,5,250,8,4,252,9,5,254,11,7,253,10,6,251,8,4,252,11,4,254,15,8,249,11,1,250,16,5,249,17,3,252,22,6,255,29,10,249,24,2,243,21,0,251,33,6,255,46,17,246,37,7,249,35,9,254,40,14,251,41,16,248,38,11,249,40,9,251,43,7,249,40,1,249,47,0,247,56,2,247,66,9,255,83,24,255,75,20,240,45,0,230,44,0,232,70,0,254,106,10,255,118,19,255,118,16,255,120,15,255,117,11,254,111,6,248,102,0,248,99,0,254,101,5,250,95,3,248,90,1,252,92,6,255,95,9,252,92,4,249,91,0,252,99,5,248,112,4,246,139,9,249,160,30,255,174,66,249,180,103,148,88,54,53,10,4,28,12,15,16,15,21,58,60,59,123,124,119,147,142,136,144,141,132,145,156,142
171,192,211,178,199,216,188,208,219,198,215,222,207,221,222,214,225,221,217,227,219,218,225,217,220,222,217,222,224,219,233,233,233,193,193,193,87,88,92,15,16,20,13,16,21,20,25,29,15,20,24,9,17,20,11,19,22,21,29,32,31,36,40,31,36,39,25,30,33,22,27,30,22,27,30,20,25,28,19,23,26,22,26,29,27,30,35,33,36,41,35,38,45,36,39,46,28,29,34,28,29,34,26,29,34,26,29,34,27,32,36,27,32,36,25,30,34,24,29,33,26,31,35,27,32,36,28,33,37,29,34,38,30,33,38,31,34,39,33,34,39,34,35,40,32,35,40,32,35,40,32,35,40,31,34,39,31,34,39,30,33,38,31,34,39,31,34,39,30,33,38,32,35,40,36,39,44,39,42,47,40,43,48,40,43,48,39,42,47,38,41,46,33,36,43,30,33,40,30,33,40,33,36,43,35,38,45,35,38,45,33,36,43,33,36,43,33,34,39,34,35,40,35,36,41,35,36,41,35,36,41,34,35,40,35,36,41,35,36,41,35,35,43,36,36,44,37,37,45,36,36,44,36,36,44,35,35,43,34,34,42,34,34,42,36,36,44,36,36,44,36,36,44,36,36,44,35,35,43,34,34,42,33,33,41,32,32,40,30,33,40,30,30,38,31,28,35,33,28,34,32,27,31,28,30,29,18,33,26,16,31,28,25,28,35,30,23,39,35,23,43,31,18,35,36,25,29,44,17,10,73,6,0,149,36,20,227,55,31,251,47,20,241,33,7,244,30,6,250,29,10,247,22,4,249,19,3,251,20,4,251,18,4,251,18,4,250,16,5,253,19,8,246,12,3,240,6,0,246,12,5,249,12,6,255,16,9,248,9,2,246,5,0,250,9,2,251,9,5,247,5,1,243,1,0,243,1,0,245,3,2,245,3,2,245,3,2,244,2,1,244,2,1,244,2,1,245,3,1,245,3,1,246,4,3,246,4,3,245,3,2,242,0,0,244,0,0,247,3,2,251,6,3,251,6,3,248,5,1,247,4,0,247,5,1,248,6,2,244,5,2,242,3,0,243,4,1,246,7,4,247,5,1,248,5,1,247,4,0,247,4,0,248,5,1,249,6,2,250,9,2,250,11,4,248,10,0,253,19,8,252,20,6,251,21,5,255,28,9,251,26,4,247,25,2,253,38,10,253,46,14,245,41,8,247,38,8,250,41,11,253,43,16,254,47,16,252,43,10,243,35,0,242,35,0,244,44,0,247,58,2,244,64,3,247,71,11,247,68,10,245,53,4,243,57,0,229,67,0,248,100,4,255,112,13,255,116,14,255,118,13,254,113,7,252,109,4,251,105,2,245,97,0,252,99,3,249,94,2,246,88,0,250,90,2,255,95,7,254,96,7,255,97,6,255,104,10,252,116,8,245,138,8,246,158,25,250,170,59,246,175,97,145,82,49,51,8,2,25,9,12,14,15,20,39,43,42,103,105,100,147,143,134,149,147,135,144,155,139
174,193,208,182,200,214,191,208,218,200,215,220,206,220,220,213,224,220,216,226,218,217,224,216,221,226,220,215,217,214,230,232,229,223,225,224,126,127,129,31,32,34,15,19,22,20,24,27,18,23,27,10,18,21,8,16,19,13,21,24,20,25,29,20,25,28,20,25,28,23,28,31,18,23,26,19,24,27,20,24,27,19,23,26,20,23,28,24,27,32,30,33,38,35,38,43,40,41,46,36,37,42,29,32,37,26,29,34,25,30,34,26,31,35,26,31,35,25,30,34,24,29,33,26,31,35,27,32,36,28,33,37,30,33,38,30,33,38,32,33,38,33,34,39,31,34,39,31,34,39,31,34,39,31,34,39,30,33,38,30,33,38,31,34,39,31,34,39,31,34,39,34,37,42,37,40,45,39,42,47,40,43,48,40,43,48,40,43,48,41,44,49,34,37,44,31,34,41,31,34,41,33,36,43,35,38,45,33,36,43,31,34,41,30,33,40,33,34,39,34,35,40,35,36,41,36,37,42,35,36,41,35,36,41,34,35,40,35,36,41,35,35,43,36,36,44,37,37,45,37,37,45,35,35,43,34,34,42,34,34,42,35,35,43,35,35,43,35,35,43,36,36,44,36,36,44,35,35,43,35,35,43,34,34,42,33,33,41,30,33,38,31,32,37,31,28,35,33,28,35,33,28,34,29,29,31,21,31,30,18,30,30,25,28,35,26,22,36,33,24,41,31,21,32,37,26,30,42,18,14,59,6,0,130,33,17,217,59,34,248,53,25,247,42,13,250,39,12,255,37,15,249,26,8,247,20,4,251,19,7,250,17,3,249,16,2,248,14,3,250,16,5,246,9,1,242,5,0,252,15,9,255,18,12,252,13,6,245,6,0,246,5,0,254,13,6,255,15,11,251,8,4,245,1,0,244,0,0,248,4,3,247,3,2,248,2,3,246,2,1,247,3,3,247,3,2,248,4,3,247,5,3,247,5,3,247,5,3,245,3,2,241,0,0,242,0,0,245,1,0,249,4,1,248,3,0,248,5,1,247,4,0,246,4,0,246,4,0,246,4,2,243,4,1,243,1,0,243,1,0,247,3,2,248,5,1,247,4,0,247,4,0,248,5,1,249,7,3,249,8,1,245,6,0,246,10,0,255,21,10,253,21,7,247,20,3,251,26,6,245,23,0,241,21,0,246,31,3,245,38,7,250,45,14,255,47,17,248,39,9,241,34,3,245,41,8,253,46,12,249,43,6,234,29,0,237,37,0,249,63,6,255,78,17,252,78,15,244,66,6,245,54,2,251,65,6,234,72,0,251,101,6,255,111,13,255,117,13,255,118,12,251,110,2,249,106,1,251,106,1,246,97,0,251,98,2,251,93,2,248,88,0,250,90,2,254,94,6,255,98,9,255,103,11,255,109,14,254,119,11,246,137,10,245,154,24,250,166,54,247,175,93,146,82,44,53,9,0,23,7,8,13,12,17,27,33,31,89,94,88,147,144,137,151,151,141,144,155,141
183,197,208,188,202,211,198,211,217,206,220,221,212,224,222,213,224,218,214,224,216,217,224,217,217,222,218,223,228,224,223,228,224,234,236,233,170,172,171,45,47,46,21,23,20,24,28,27,16,21,24,19,24,28,16,21,25,10,15,19,12,17,21,21,26,30,25,30,34,22,27,31,19,24,28,15,20,24,18,21,26,24,27,32,24,28,31,20,24,27,21,25,28,26,29,34,33,36,41,37,40,47,38,41,48,34,37,44,29,34,40,27,32,38,26,31,37,25,30,36,25,30,34,26,31,35,28,31,36,30,33,38,31,32,37,29,30,35,29,30,35,31,32,37,32,33,38,33,34,39,33,34,39,33,34,39,31,34,39,31,34,39,32,35,42,32,35,42,31,34,41,38,41,48,41,44,51,39,42,49,40,40,48,43,43,51,45,45,53,44,44,52,35,36,41,33,34,39,33,34,39,36,37,42,37,38,43,34,35,40,31,32,37,31,32,37,32,33,38,32,33,38,31,32,37,32,33,38,34,35,40,35,36,41,35,36,41,34,35,40,35,36,41,36,37,42,36,37,42,37,38,43,36,37,42,35,36,41,33,34,39,32,33,38,33,34,39,35,36,41,36,37,42,35,36,41,35,36,41,35,36,41,33,34,39,31,32,37,32,33,37,30,31,35,30,27,34,32,27,34,33,27,37,31,28,37,24,27,34,21,26,32,22,27,33,28,33,39,27,28,33,29,24,28,37,27,28,39,19,18,49,14,12,91,17,8,187,48,27,236,57,27,243,43,10,248,38,5,253,39,11,241,25,4,240,16,4,249,18,10,253,17,6,246,10,0,239,6,0,241,7,0,249,7,5,248,6,4,248,9,4,249,12,4,248,11,3,243,6,0,241,2,0,254,13,6,255,14,8,248,5,0,248,3,0,248,3,0,250,5,2,248,3,0,249,1,1,248,3,0,246,2,1,245,1,0,245,3,1,248,6,4,239,0,0,244,5,0,249,10,7,244,5,0,239,0,0,243,1,0,251,8,4,250,7,3,245,1,0,246,2,1,246,2,1,246,2,1,246,2,1,244,2,0,246,2,1,246,2,1,249,4,3,253,8,7,255,12,11,253,10,6,246,4,0,245,6,0,245,6,0,238,1,0,251,14,6,250,16,7,254,22,10,250,22,9,247,22,4,240,20,0,236,18,0,243,29,3,244,32,10,253,41,17,255,47,20,251,42,12,249,45,12,247,44,11,237,37,4,243,40,7,235,33,0,233,36,0,241,54,1,255,79,19,255,84,21,235,55,0,229,35,0,250,62,1,246,81,0,249,99,2,255,109,9,255,118,13,255,116,8,255,115,4,253,111,3,242,97,0,243,94,0,249,94,1,247,87,0,246,84,0,251,89,4,252,92,6,254,96,7,255,109,15,252,109,7,246,116,4,252,139,17,242,144,21,248,161,48,255,183,95,164,102,53,54,12,0,28,10,6,17,17,19,16,22,20,78,87,82,143,145,142,145,147,142,143,149,139
183,196,204,190,203,209,199,213,216,208,220,220,211,223,219,213,224,218,213,222,217,213,223,215,219,225,221,213,219,215,215,221,217,236,241,237,196,201,197,77,79,76,23,25,22,22,27,23,14,18,21,14,19,23,15,20,24,14,19,23,14,19,25,17,22,28,23,28,32,27,32,36,24,29,33,20,25,29,18,21,26,19,22,27,23,27,30,25,29,32,24,28,31,23,27,30,27,30,37,32,35,42,37,40,47,38,41,48,36,41,47,33,38,44,29,34,40,26,31,37,27,32,36,27,32,36,29,32,37,30,33,38,31,32,37,30,31,36,30,31,36,32,33,38,32,33,38,32,33,38,32,33,38,32,33,38,29,32,37,29,32,37,30,33,40,31,34,41,31,34,41,37,40,47,41,44,51,39,42,49,40,40,48,40,40,48,40,40,48,38,38,46,33,34,39,33,34,39,34,35,40,36,37,42,36,37,42,33,34,39,32,33,38,33,34,39,33,34,39,32,33,38,32,33,38,33,34,39,35,36,41,36,37,42,36,37,42,35,36,41,36,37,42,36,37,42,36,37,42,36,37,42,36,37,42,35,36,41,34,35,40,33,34,39,34,35,40,36,37,42,37,38,43,36,37,42,35,36,41,35,36,41,34,35,40,32,33,38,33,34,38,31,32,36,30,29,35,31,28,35,32,29,38,31,28,39,28,26,37,24,27,36,21,28,34,25,33,36,22,27,30,26,26,26,37,29,27,37,21,21,40,14,15,74,13,8,164,41,23,225,57,30,244,47,13,248,38,3,251,41,8,240,26,2,237,17,5,246,17,11,249,12,4,250,12,0,248,15,1,247,13,2,249,7,5,248,6,5,250,11,6,253,16,8,252,18,9,246,12,3,243,6,0,252,13,6,255,15,8,249,6,0,249,4,1,249,4,1,253,5,3,251,3,1,250,2,0,249,4,1,247,4,0,245,2,0,246,4,2,246,7,2,253,14,9,245,8,2,247,8,3,251,12,7,251,9,5,248,6,2,248,5,1,248,5,1,246,2,1,246,2,1,247,3,2,247,3,2,246,2,1,246,2,1,246,2,1,247,3,2,246,0,1,249,4,3,254,10,9,255,13,9,250,11,4,251,12,5,253,16,8,251,14,6,248,11,3,254,20,11,255,28,18,251,23,10,248,22,6,245,24,5,236,20,0,238,24,0,243,28,8,252,37,17,255,43,17,246,35,6,244,40,7,249,49,15,243,42,12,239,38,8,255,53,20,244,46,7,239,52,1,253,72,15,255,85,22,235,55,0,224,28,0,245,55,0,249,84,2,249,99,2,254,107,4,255,116,8,255,117,6,254,114,3,252,110,2,241,96,0,244,91,0,251,93,2,250,88,3,247,85,2,251,89,4,249,89,3,251,93,4,255,106,11,249,108,2,242,115,0,250,135,16,249,149,29,253,163,49,255,179,87,167,104,50,56,14,0,33,14,8,16,14,17,14,23,20,78,89,83,136,140,139,137,142,136,139,145,135
181,195,204,187,202,209,196,211,216,203,217,218,205,220,217,207,219,215,206,219,212,206,219,212,215,226,222,206,217,213,210,219,216,229,235,233,217,223,221,119,124,120,31,36,32,19,23,22,19,22,27,14,17,24,14,17,24,17,20,27,17,20,25,14,17,22,17,20,25,24,27,32,25,28,33,24,27,32,21,24,29,17,20,25,19,23,26,24,28,31,24,28,31,21,25,28,24,27,34,28,31,38,33,36,43,36,39,46,35,40,46,35,40,46,33,38,44,30,35,41,28,33,37,27,32,36,28,31,36,29,32,37,30,31,36,29,30,35,29,30,35,31,32,37,32,33,38,32,33,38,32,33,38,31,32,37,28,31,36,29,32,37,30,33,40,31,34,41,33,36,43,38,41,48,42,45,52,40,43,50,39,39,47,38,38,46,36,36,44,33,33,41,31,32,37,33,34,39,35,36,41,36,37,42,35,36,41,32,33,38,33,34,39,35,36,41,34,35,40,33,34,39,33,34,39,34,35,40,35,36,41,36,37,42,36,37,42,36,37,42,36,37,42,36,37,42,36,37,42,36,37,42,36,37,42,36,37,42,35,36,41,35,36,41,35,36,41,37,38,43,37,38,43,36,37,42,36,37,42,36,37,42,35,36,41,33,34,39,31,34,39,30,33,38,32,33,38,32,31,37,32,29,38,30,29,37,28,28,36,25,30,36,23,30,36,23,33,35,20,28,30,26,28,27,37,31,31,38,24,23,35,15,16,63,10,6,147,35,21,218,60,35,245,55,23,249,41,5,251,41,6,243,29,1,238,18,2,246,19,10,250,16,7,255,19,8,254,21,7,251,17,6,250,11,6,250,11,8,252,15,9,254,17,11,251,17,8,247,13,4,243,6,0,251,12,5,254,13,6,247,6,0,249,6,2,248,5,1,253,8,5,252,7,4,251,6,3,251,6,3,249,6,2,247,4,0,247,5,1,247,8,3,255,18,13,249,12,4,249,12,4,255,17,10,255,17,10,255,14,7,253,10,6,251,8,4,246,2,1,247,3,2,248,3,2,248,3,2,246,2,2,246,2,2,247,3,3,248,4,4,248,3,2,249,4,3,254,10,9,255,15,11,251,12,5,250,14,3,253,17,6,255,19,8,249,15,6,253,19,10,255,25,15,252,22,9,251,25,9,250,29,10,245,26,4,247,31,10,237,22,2,248,33,13,255,40,15,243,29,1,238,31,0,253,49,16,254,49,20,246,41,12,255,51,20,248,46,10,241,51,3,255,73,16,255,91,31,242,59,1,220,25,0,238,49,0,253,88,8,250,100,5,250,102,2,254,111,6,255,117,9,255,116,5,253,111,3,244,97,0,245,91,0,252,94,3,252,90,5,251,86,4,251,89,4,247,87,1,247,89,0,252,102,5,255,115,7,245,118,1,245,131,9,249,146,27,247,156,42,247,170,78,174,111,57,66,22,0,33,14,10,14,12,15,19,28,25,88,99,93,138,144,140,135,140,134,139,145,135
180,194,205,186,200,209,193,208,213,197,212,215,198,214,213,199,215,212,199,216,210,200,217,211,204,219,214,208,223,220,214,226,224,212,222,221,220,229,228,161,167,165,54,60,58,21,25,26,24,27,32,15,18,25,10,13,20,14,17,24,17,20,25,15,18,23,13,16,21,14,17,22,18,21,26,22,25,30,24,27,32,21,24,29,18,22,25,18,22,25,20,24,27,21,25,28,25,28,35,27,30,37,28,31,38,28,31,38,27,32,38,29,34,40,32,37,43,35,40,46,32,37,41,30,35,39,30,33,38,30,33,38,31,32,37,30,31,36,30,31,36,32,33,38,32,33,38,32,33,38,32,33,38,31,32,37,29,32,37,30,33,38,32,35,42,34,37,44,36,39,46,40,43,50,42,45,52,39,42,49,38,38,46,36,36,44,34,34,42,31,31,39,32,33,38,33,34,39,34,35,40,35,36,41,34,35,40,33,34,39,33,34,39,34,35,40,34,35,40,34,35,40,34,35,40,34,35,40,35,36,41,36,37,42,36,37,42,36,37,42,36,37,42,36,37,42,36,37,42,36,37,42,36,37,42,36,37,42,36,37,42,36,37,42,36,37,42,38,39,44,38,39,44,37,38,43,37,38,43,37,38,43,36,37,42,33,36,41,30,35,39,30,35,39,31,34,39,32,33,38,31,30,38,29,28,36,29,29,37,26,31,35,25,33,36,23,33,34,21,30,29,26,30,29,34,33,31,37,27,26,34,18,19,56,11,8,129,31,20,205,60,39,245,62,31,249,43,6,249,39,2,246,31,0,238,22,1,245,21,9,255,23,11,255,23,12,254,21,7,247,15,3,250,13,5,254,17,11,254,17,11,251,14,8,246,12,3,246,12,3,246,9,1,251,14,6,252,13,6,247,6,0,249,7,3,250,7,3,252,9,5,252,9,5,253,8,5,252,9,5,251,8,4,249,7,3,250,8,4,249,10,5,248,11,3,252,15,7,255,19,11,253,16,8,249,10,3,253,12,5,255,14,10,252,9,5,246,2,1,247,3,2,248,3,2,247,2,1,246,2,2,246,2,2,247,3,3,248,4,4,251,7,6,249,6,2,253,11,7,255,16,9,250,14,3,244,10,0,249,13,2,250,16,5,253,19,10,245,11,2,247,15,5,253,23,10,255,32,18,252,31,13,243,24,4,248,32,11,238,21,2,249,32,13,255,44,19,246,31,3,234,23,0,248,39,9,254,46,20,249,39,14,250,39,12,253,46,14,248,56,11,255,75,21,255,96,38,253,69,15,230,35,0,244,55,0,255,90,12,251,101,6,247,99,1,250,107,3,255,117,9,255,117,9,255,113,8,250,103,0,246,92,0,253,94,3,251,89,4,253,88,6,253,91,6,248,88,0,246,86,0,251,98,2,255,121,10,253,124,5,244,128,5,246,143,22,239,148,33,243,164,72,184,119,65,72,28,3,31,12,8,13,11,14,30,39,36,104,115,109,145,151,147,134,141,133,138,146,133
175,191,204,182,199,209,187,204,211,188,207,211,190,210,209,192,214,211,195,218,212,197,220,214,195,216,211,207,226,224,213,229,228,204,218,218,221,233,233,191,201,200,78,87,86,20,26,26,21,24,29,18,21,28,14,17,24,12,15,22,15,18,23,17,20,25,16,19,24,13,16,21,14,17,22,17,20,25,23,26,31,26,29,34,23,27,30,19,23,26,18,22,25,20,24,27,23,26,33,25,28,35,26,29,36,26,29,36,23,28,34,24,29,35,30,35,41,35,40,46,35,40,44,33,38,42,33,36,41,32,35,40,33,34,39,32,33,38,31,32,37,32,33,38,30,31,36,30,31,36,30,31,36,31,32,37,30,33,38,32,35,40,34,37,44,36,39,46,37,40,47,39,42,49,39,42,49,37,40,47,36,36,44,34,34,42,33,33,41,32,32,40,34,35,40,34,35,40,33,34,39,33,34,39,34,35,40,35,36,41,34,35,40,33,34,39,33,34,39,34,35,40,34,35,40,34,35,40,35,36,41,35,36,41,36,37,42,36,37,42,36,37,42,36,37,42,36,37,42,36,37,42,37,38,43,37,38,43,37,38,43,37,38,43,36,37,42,38,39,44,38,39,44,37,38,43,37,38,43,38,39,44,37,38,43,33,36,41,27,34,40,28,35,41,31,34,41,31,31,39,30,29,35,29,28,34,29,30,35,28,32,35,26,31,34,24,33,32,22,31,30,25,31,29,31,31,31,32,28,27,33,23,24,51,16,14,105,22,14,181,51,35,237,62,35,249,47,11,249,40,0,248,34,0,239,23,0,241,20,2,254,22,10,255,22,11,251,18,4,244,12,0,244,12,0,251,17,8,254,17,11,251,14,8,244,10,1,248,16,4,251,17,8,255,19,11,252,15,7,245,6,0,249,8,1,249,8,1,248,7,0,249,8,1,252,9,5,251,9,5,251,9,5,250,11,6,251,12,7,250,13,5,246,12,1,250,16,5,254,20,9,250,14,3,243,5,0,245,7,0,251,10,3,249,8,1,248,5,1,248,5,1,248,3,2,247,2,1,246,0,1,246,0,1,245,1,3,246,2,2,249,5,4,245,3,0,248,9,2,253,17,6,248,14,3,243,11,0,246,13,0,250,17,3,255,21,10,245,11,0,245,13,3,253,23,10,255,34,21,255,32,15,240,19,0,237,21,0,242,25,6,247,30,11,255,42,17,251,33,6,239,26,0,244,33,4,246,32,8,241,26,5,245,29,6,252,41,12,243,46,4,243,55,7,255,82,29,255,71,19,236,41,0,244,54,2,255,90,14,253,103,9,247,99,3,246,103,1,255,113,8,255,116,10,255,113,8,253,105,5,249,94,1,252,92,4,249,87,2,252,87,5,255,93,8,250,90,2,246,86,0,249,97,0,255,114,2,255,126,6,247,132,7,249,145,22,243,149,33,247,168,75,191,126,72,75,29,5,29,8,5,13,11,14,36,45,42,112,123,117,143,153,145,129,136,128,132,140,125
167,185,199,174,192,204,178,198,205,177,201,205,177,203,202,183,209,206,188,215,210,191,218,213,193,219,216,198,223,220,203,225,223,205,223,223,220,236,236,204,216,216,98,108,109,12,20,22,16,21,25,24,27,34,25,28,35,17,20,27,12,15,20,14,17,22,16,19,24,15,18,23,16,19,24,15,18,23,18,21,26,25,28,33,28,32,35,25,29,32,20,24,27,19,22,27,17,20,27,20,23,30,25,28,35,28,31,38,27,32,38,26,31,37,27,32,38,31,36,42,33,38,42,31,36,40,30,33,38,30,33,38,32,33,38,30,31,36,29,30,35,29,30,35,28,29,34,28,29,34,29,30,35,30,31,36,30,33,38,32,35,40,34,37,44,36,39,46,36,39,46,36,39,46,35,38,45,34,37,44,34,34,42,33,33,41,32,32,40,32,32,40,35,36,41,34,35,40,32,33,38,32,33,38,34,35,40,35,36,41,35,36,41,33,34,39,33,34,39,34,35,40,35,36,41,35,36,41,35,36,41,35,36,41,36,37,42,36,37,42,36,37,42,36,37,42,36,37,42,37,38,43,37,38,43,37,38,43,36,37,42,36,37,42,36,37,42,38,39,44,38,39,44,36,37,42,36,37,42,37,38,43,37,38,43,33,36,43,28,35,43,28,35,43,30,34,43,31,31,39,30,29,35,29,28,33,30,29,34,30,31,33,24,30,30,21,30,29,21,30,27,23,29,27,26,28,27,28,26,27,31,25,27,47,18,20,80,12,9,148,36,24,220,58,33,248,54,19,253,46,4,254,41,0,243,30,0,241,22,2,247,17,4,252,18,7,250,18,4,244,14,0,240,13,0,246,16,3,254,17,11,255,18,12,246,14,4,253,21,9,254,22,12,255,22,13,249,15,6,242,5,0,245,6,0,244,5,0,243,4,0,246,7,0,248,9,4,249,10,5,250,11,6,251,14,8,252,15,9,250,16,7,251,19,7,246,14,0,248,15,1,251,17,6,250,14,3,248,10,0,252,11,4,253,12,5,250,7,3,249,6,2,249,4,3,247,2,1,245,0,0,245,0,0,244,0,2,245,1,1,245,3,1,240,1,0,244,8,0,249,16,2,247,15,1,243,13,0,244,12,0,245,13,0,255,24,10,252,20,8,249,17,7,244,14,1,253,25,12,255,35,19,249,28,9,244,25,5,242,23,4,241,22,3,249,29,5,250,30,4,250,35,6,253,38,10,245,26,6,235,16,0,240,19,0,246,30,5,235,33,0,231,40,0,254,70,20,255,70,21,238,42,2,235,45,0,252,86,12,255,105,14,250,101,7,246,100,1,252,109,5,254,111,6,255,109,6,251,103,3,250,95,2,252,92,4,247,85,0,251,86,4,255,93,8,252,91,3,246,86,0,249,97,0,254,113,0,255,127,3,249,131,5,246,142,17,244,150,34,251,170,78,194,127,74,81,35,11,26,5,2,12,10,13,36,42,40,106,117,111,137,147,139,125,133,122,128,139,123
159,178,193,164,186,199,168,193,200,166,194,198,166,196,196,171,203,200,176,208,205,179,211,206,185,217,214,187,217,215,191,217,216,204,225,226,211,229,231,208,224,224,126,140,141,24,34,36,14,19,25,25,28,35,29,32,39,21,24,31,12,15,20,12,15,20,16,17,22,15,16,21,18,19,23,17,18,22,16,20,23,19,23,26,24,27,32,27,30,35,24,29,33,19,24,28,17,20,27,18,21,28,21,24,31,26,29,36,27,32,38,27,32,38,27,32,38,28,33,39,29,34,38,26,31,35,27,30,35,28,31,36,30,31,36,29,30,35,27,28,33,27,28,33,29,30,35,30,31,36,31,32,37,32,33,38,31,34,39,32,35,40,34,37,44,35,38,45,35,38,45,35,38,45,34,37,44,33,36,43,34,34,42,33,33,41,33,33,41,33,33,41,33,34,39,34,35,40,33,34,39,32,33,38,32,33,38,35,36,41,36,37,42,34,35,40,34,35,40,35,36,41,36,37,42,36,37,42,35,36,41,35,36,41,36,37,42,37,38,43,35,36,41,36,37,42,36,37,42,37,38,43,37,38,43,36,37,42,35,36,41,35,36,41,36,37,42,37,38,43,37,38,43,36,37,42,35,36,41,37,38,43,36,37,42,33,36,43,31,35,44,28,35,43,29,33,42,31,31,39,30,29,35,30,29,34,30,30,32,30,32,31,26,30,29,22,28,26,23,29,27,23,29,27,25,26,28,28,28,30,30,28,31,41,21,23,60,10,9,116,23,15,201,52,30,242,58,24,250,47,4,255,44,0,246,36,1,242,26,1,246,18,5,251,19,7,252,21,5,247,20,1,244,21,3,248,22,6,254,20,11,253,19,10,248,18,5,253,23,8,252,22,9,252,20,8,247,15,3,241,7,0,244,10,0,244,8,0,245,9,0,248,12,1,250,13,5,250,13,5,251,14,6,250,16,7,251,17,8,249,17,5,250,18,4,244,14,0,248,17,1,255,22,8,255,19,6,252,16,5,253,14,7,254,13,6,249,6,2,249,6,2,249,4,3,247,1,2,246,0,3,246,0,3,247,1,4,247,3,3,246,7,2,241,7,0,246,12,1,251,19,5,250,20,4,245,18,0,245,15,0,241,11,0,253,21,7,255,23,9,252,20,8,240,10,0,244,16,3,255,30,14,254,31,13,255,34,15,240,21,2,239,20,0,242,20,0,245,24,0,255,36,10,255,42,18,248,25,8,238,15,0,244,18,2,249,30,8,241,37,2,239,46,3,255,71,24,255,72,25,240,44,6,232,42,0,245,78,7,255,106,18,255,105,14,247,100,4,250,107,5,253,110,6,253,107,6,251,101,4,251,96,4,251,91,3,248,84,0,249,84,2,255,91,6,249,88,0,246,86,0,250,98,0,255,114,0,255,127,0,249,132,3,245,140,13,244,149,31,248,168,73,184,117,64,79,31,8,27,6,3,12,10,13,30,36,34,96,107,101,130,140,132,121,129,118,125,136,120
155,178,194,160,186,199,165,192,201,162,193,198,160,194,196,163,199,199,166,205,202,167,206,203,172,208,208,180,214,215,185,215,217,199,225,226,200,221,224,214,234,235,159,177,179,49,63,66,9,16,22,19,22,29,24,27,34,20,23,30,16,19,24,15,18,23,16,17,22,15,16,21,15,16,20,20,21,25,18,22,25,14,18,21,16,19,24,24,27,32,26,31,35,23,28,32,23,26,33,18,21,28,15,18,25,19,22,29,22,27,33,25,30,36,27,32,38,29,34,40,28,33,37,26,31,35,27,30,35,29,32,37,32,33,38,31,32,37,29,30,35,29,30,35,31,32,37,32,33,38,33,34,39,34,35,40,32,35,40,33,36,41,34,37,44,34,37,44,35,38,45,35,38,45,34,37,44,34,37,44,36,36,44,34,34,42,34,34,42,34,34,42,31,32,37,34,35,40,34,35,40,32,33,38,31,32,37,34,35,40,36,37,42,37,38,43,35,36,41,36,37,42,37,38,43,37,38,43,36,37,42,36,37,42,37,38,43,38,39,44,35,36,41,36,37,42,37,38,43,37,38,43,37,38,43,36,37,42,35,36,41,34,35,40,35,36,41,36,37,42,36,37,42,35,36,41,35,36,41,36,37,42,36,37,42,33,36,43,32,36,45,31,35,46,30,33,42,31,31,39,31,30,36,32,30,33,31,31,33,31,31,31,29,31,30,24,28,27,24,28,27,25,29,30,26,27,29,29,30,34,31,30,35,35,23,27,48,14,15,91,16,11,178,47,29,227,56,26,242,45,2,252,44,0,247,39,1,242,28,0,252,26,10,253,23,10,252,22,6,251,26,6,252,34,9,253,32,13,255,23,11,250,16,7,251,21,8,252,25,9,248,21,5,250,20,5,248,18,5,246,14,0,250,18,6,248,14,3,249,15,4,252,18,7,253,19,8,251,19,7,250,18,8,250,18,6,249,17,7,246,16,3,243,13,0,248,18,2,254,24,8,253,22,6,249,16,2,251,15,2,250,12,2,243,4,0,245,3,0,246,3,0,247,2,1,247,1,2,247,1,4,248,2,5,250,4,7,251,7,7,250,13,7,246,14,2,251,19,5,255,26,10,255,28,9,254,27,8,251,24,5,244,17,0,243,13,0,248,18,3,253,23,10,247,17,4,243,15,2,244,18,2,245,20,2,251,30,11,246,27,8,247,26,7,245,23,0,243,19,0,253,32,6,255,39,16,250,24,8,243,17,3,248,20,7,252,32,10,248,41,9,243,47,7,249,62,17,245,58,13,232,36,0,229,38,0,240,72,1,255,107,21,255,109,18,250,103,7,251,108,6,253,110,6,254,108,7,252,102,5,251,96,4,251,91,3,248,83,1,249,82,1,253,89,4,247,86,0,245,85,0,251,99,0,255,111,0,255,123,0,251,134,3,249,144,17,249,154,36,246,163,69,170,100,48,66,18,0,33,9,7,17,12,16,27,33,31,89,100,94,125,134,129,114,124,115,116,127,111
145,172,189,152,181,195,158,188,199,154,189,195,152,190,193,155,195,195,158,200,199,159,201,200,158,198,198,164,202,203,171,206,208,183,214,217,188,216,220,196,220,224,187,208,211,94,109,114,10,19,26,17,21,30,18,23,29,22,27,33,20,23,28,12,15,20,13,17,20,12,16,19,15,16,20,16,17,21,16,20,23,17,21,24,16,19,24,15,18,23,19,24,28,26,31,35,27,30,37,21,24,31,15,18,25,15,18,25,17,22,28,22,27,33,25,30,36,26,31,37,25,30,34,26,31,35,28,31,36,29,32,37,30,31,36,30,31,36,30,31,36,30,31,36,31,32,37,31,32,37,31,32,37,31,32,37,29,32,37,30,33,38,31,34,41,32,35,42,30,33,40,32,35,42,35,38,45,36,39,46,37,37,45,35,35,43,33,33,41,32,32,40,32,33,38,33,34,39,34,35,40,34,35,40,33,34,39,33,34,39,33,34,39,33,34,39,32,33,38,32,33,38,33,34,39,35,36,41,35,36,41,35,36,41,35,36,41,35,36,41,37,38,43,38,39,44,38,39,44,37,38,43,36,37,42,36,37,42,35,36,41,33,34,39,34,35,40,34,35,40,35,36,41,36,37,42,35,36,41,34,35,40,34,35,40,34,34,42,32,35,44,32,34,46,34,34,44,33,32,40,31,28,35,29,27,30,31,29,32,32,32,32,29,29,29,27,29,28,25,26,28,24,25,27,25,26,30,27,28,33,28,27,33,33,23,31,37,15,18,77,19,17,155,42,28,214,59,31,238,52,13,248,45,2,251,45,6,247,36,6,246,23,5,249,23,7,251,26,6,248,28,4,243,29,1,244,26,1,251,21,8,253,21,9,253,26,10,254,29,11,250,25,7,247,20,3,250,23,7,252,22,6,246,16,1,242,10,0,247,15,1,255,23,9,252,20,6,252,22,7,255,30,17,255,27,12,251,21,8,246,19,3,248,21,4,249,22,3,255,29,10,248,18,2,245,13,0,251,18,4,246,10,0,248,9,2,249,7,3,246,3,0,248,3,2,250,5,4,248,2,3,248,2,3,253,4,8,250,6,6,247,10,2,248,16,4,254,24,9,255,30,13,255,31,11,252,27,5,251,26,4,254,27,8,249,22,5,251,21,6,243,13,0,241,11,0,250,23,7,252,26,10,247,22,4,244,23,4,245,26,6,242,23,1,249,28,2,244,20,0,243,22,0,255,35,12,254,28,12,248,20,7,250,20,7,240,17,0,228,19,0,243,45,6,255,69,24,235,48,5,223,25,0,235,44,0,247,78,9,255,104,21,255,106,17,253,106,11,255,112,13,252,109,7,250,104,3,250,100,3,249,91,0,250,89,1,251,86,4,255,88,7,255,91,6,247,86,0,245,85,0,250,96,0,251,107,0,255,125,0,255,141,11,248,141,13,246,150,30,252,169,73,172,103,48,67,19,0,28,4,2,26,21,25,23,29,27,81,92,88,124,133,130,103,113,105,101,112,98
133,164,182,140,173,188,143,179,191,141,179,188,140,181,185,144,188,191,150,194,197,152,196,199,151,195,198,159,200,204,167,204,210,174,209,213,177,208,213,184,212,216,192,217,221,143,162,166,65,78,84,23,32,39,18,25,31,24,29,35,14,19,23,17,20,25,20,24,27,18,22,25,18,19,23,17,18,22,16,20,23,17,21,24,17,20,25,16,19,24,16,21,25,19,24,28,25,28,35,25,28,35,22,25,32,18,21,28,17,22,28,21,26,32,24,29,35,24,29,35,25,30,34,26,31,35,28,31,36,29,32,37,30,31,36,30,31,36,30,31,36,30,31,36,30,31,36,31,32,37,30,31,36,29,30,35,29,32,37,32,35,40,32,35,42,30,33,40,30,33,40,32,35,42,33,36,43,34,37,44,35,35,43,33,33,41,32,32,40,31,31,39,32,33,38,34,35,40,35,36,41,35,36,41,35,36,41,34,35,40,34,35,40,34,35,40,31,32,37,32,33,38,32,33,38,33,34,39,34,35,40,34,35,40,34,35,40,34,35,40,37,38,43,38,39,44,38,39,44,37,38,43,36,37,42,36,37,42,35,36,41,33,34,39,34,35,40,35,36,41,35,36,41,35,36,41,34,35,40,34,35,40,34,35,40,34,34,42,34,34,44,33,33,43,32,31,39,32,31,37,32,29,36,32,30,35,32,30,33,31,29,30,29,29,29,27,27,27,24,25,27,24,25,29,25,26,31,27,28,33,28,27,35,31,26,33,34,19,24,56,12,11,117,23,13,193,54,33,238,64,29,247,51,9,246,44,4,246,36,3,253,35,10,252,29,11,250,30,6,249,31,4,242,31,1,241,27,0,249,22,6,252,22,9,251,24,7,250,25,5,250,25,7,251,26,6,252,27,9,254,27,8,251,24,7,246,19,2,246,19,2,251,24,7,252,25,9,255,30,13,255,35,19,254,29,11,249,22,6,249,24,6,254,29,9,251,26,6,255,30,11,255,30,11,254,24,8,249,17,3,247,11,0,253,15,5,252,11,4,247,5,1,249,4,3,250,5,4,247,1,2,247,1,2,252,3,7,248,4,4,243,9,0,249,19,4,255,31,14,255,36,16,255,33,10,247,25,2,244,22,0,248,23,1,248,23,3,251,24,7,248,18,3,246,19,3,252,25,9,251,25,9,246,23,5,248,27,8,246,27,7,246,27,5,251,30,4,247,26,0,247,26,0,254,32,9,251,25,9,242,14,1,237,9,0,238,15,0,239,30,0,255,58,19,255,77,32,239,52,7,224,26,0,228,37,0,240,71,2,255,100,17,255,104,15,254,105,11,255,114,15,255,112,11,254,106,6,251,101,4,248,90,0,248,87,0,251,84,3,254,87,6,255,89,5,250,86,0,249,88,0,253,99,1,254,110,0,255,126,0,255,140,10,248,141,13,247,151,31,254,170,74,178,107,53,73,23,0,30,5,1,25,20,24,19,25,25,63,74,70,111,117,117,106,112,108,101,111,100
125,162,180,131,168,184,133,173,185,132,172,182,130,173,180,136,181,186,144,189,194,149,194,199,154,199,204,157,200,206,167,206,213,174,211,219,182,215,222,185,216,221,191,220,224,180,204,208,114,129,134,23,34,40,7,16,21,20,29,34,14,22,25,19,24,28,18,22,25,17,21,24,17,21,22,15,19,20,14,18,21,16,20,23,18,21,26,17,20,25,14,19,25,13,18,24,19,22,29,25,28,35,27,30,37,22,25,32,18,23,29,19,24,30,21,26,32,22,27,33,25,30,34,26,31,35,28,31,36,28,31,36,30,31,36,29,30,35,29,30,35,29,30,35,29,30,35,30,31,36,29,30,35,28,29,34,28,31,36,32,35,40,32,35,42,29,32,39,32,35,42,32,35,42,32,35,42,32,35,42,33,33,41,33,33,41,32,32,40,32,32,40,33,34,39,34,35,40,36,37,42,36,37,42,36,37,42,35,36,41,35,36,41,35,36,41,33,34,39,33,34,39,34,35,40,34,35,40,35,36,41,35,36,41,35,36,41,35,36,41,37,38,43,38,39,44,38,39,44,37,38,43,36,37,42,36,37,42,35,36,41,34,35,40,35,36,41,35,36,41,35,36,41,34,35,40,33,34,39,33,34,39,33,34,39,34,34,42,34,34,44,32,30,41,30,29,37,31,30,36,33,32,38,34,33,38,32,32,34,29,29,31,29,29,31,27,27,29,26,25,30,26,25,30,26,25,31,27,26,32,27,26,34,28,25,32,36,27,32,43,11,12,84,7,1,167,47,31,230,69,40,241,53,16,242,43,4,247,39,3,255,41,13,252,34,9,249,31,6,247,33,5,242,35,3,239,30,0,246,24,3,251,24,7,253,28,8,246,24,1,250,28,7,254,32,9,251,29,8,253,28,6,254,29,9,249,24,4,250,25,5,252,27,7,254,29,11,255,33,13,255,34,16,248,26,5,245,20,2,249,27,6,255,33,12,254,32,11,253,28,8,255,29,10,253,23,7,244,12,0,246,10,0,247,9,0,251,10,3,247,6,0,249,4,1,250,5,4,249,1,2,250,2,3,253,5,6,249,5,4,245,11,2,252,25,9,255,38,20,255,42,21,255,34,11,246,26,0,244,24,0,248,26,3,242,17,0,243,18,0,244,17,0,246,19,2,250,23,6,247,22,4,244,21,3,249,28,9,248,32,9,252,36,11,255,36,8,254,35,7,252,32,6,254,34,10,255,33,16,247,21,7,250,22,9,239,19,0,231,24,0,244,48,8,255,70,25,247,59,14,236,36,0,231,39,0,240,69,0,255,100,15,255,101,11,249,101,5,255,110,9,255,112,9,255,107,7,254,101,5,249,90,0,248,87,0,250,83,2,252,85,4,252,86,2,249,85,0,251,90,2,255,100,3,255,114,0,255,127,3,255,139,11,249,141,15,247,148,29,252,168,72,180,109,53,77,27,2,31,6,2,26,20,24,20,24,25,42,52,51,88,93,96,106,112,112,105,115,107
118,159,177,123,165,181,125,169,182,123,167,178,123,167,176,128,175,181,139,186,194,146,193,199,159,203,212,165,208,215,174,214,224,181,219,228,192,226,235,190,223,230,188,221,226,200,228,232,159,178,184,58,71,77,8,22,25,14,25,29,19,29,31,16,24,27,11,16,19,17,21,24,15,19,20,14,18,19,14,18,21,15,19,22,17,20,25,17,20,25,14,19,25,13,18,24,15,18,25,19,22,29,24,27,34,25,28,35,21,26,32,17,22,28,18,23,29,21,26,32,24,29,33,25,30,34,27,30,35,27,30,35,29,30,35,28,29,34,28,29,34,28,29,34,30,31,36,28,29,34,28,29,34,29,30,35,27,30,35,28,31,36,28,31,38,29,32,39,36,39,46,34,37,44,33,36,43,32,35,42,34,34,42,34,34,42,34,34,42,34,34,42,34,35,40,35,36,41,35,36,41,35,36,41,35,36,41,35,36,41,36,37,42,36,37,42,34,35,40,35,36,41,35,36,41,35,36,41,35,36,41,35,36,41,35,36,41,35,36,41,37,38,43,38,39,44,38,39,44,37,38,43,36,37,42,37,38,43,36,37,42,34,35,40,35,36,41,35,36,41,35,36,41,34,35,40,33,34,39,33,34,39,33,34,39,34,35,40,35,34,42,33,32,40,31,30,38,32,31,37,34,35,40,34,35,39,31,32,36,28,29,31,28,29,33,27,28,32,27,26,31,27,26,31,26,25,31,25,24,30,26,25,33,27,26,32,34,29,35,42,17,20,63,3,2,136,35,25,211,62,40,232,53,21,245,49,11,254,46,8,251,40,10,248,34,6,247,33,5,249,38,8,244,40,5,242,33,2,248,28,4,254,29,9,255,36,13,248,27,1,252,30,7,255,36,10,249,27,4,246,25,0,249,27,4,245,25,1,254,32,9,251,31,7,254,32,11,250,30,6,246,24,3,242,20,0,241,19,0,250,28,7,255,34,13,255,39,18,251,29,8,251,26,6,250,23,6,249,19,3,255,22,8,247,11,0,245,6,0,244,3,0,247,2,0,250,5,2,250,2,2,251,3,4,255,7,8,251,7,6,240,8,0,246,20,4,255,31,13,255,34,11,249,29,5,244,24,0,245,25,0,249,29,3,250,28,5,248,23,3,249,22,5,252,27,9,255,30,12,248,25,7,246,23,5,249,29,7,249,33,10,254,40,14,254,36,8,254,37,6,249,31,3,248,30,5,255,37,19,251,28,13,255,29,13,238,19,0,221,17,0,231,35,0,248,60,14,250,62,16,246,47,8,236,44,0,246,75,5,255,104,19,255,102,12,245,97,1,250,104,3,254,108,5,254,106,6,253,100,4,252,93,2,250,86,0,251,85,1,253,84,3,248,82,0,248,84,0,255,91,4,255,100,3,255,113,1,255,126,5,255,138,12,251,143,17,244,145,26,247,160,65,178,107,51,78,27,0,31,3,0,25,19,23,21,25,26,27,35,37,66,71,75,101,106,110,109,118,115
107,152,171,112,158,174,116,162,177,117,163,176,118,165,175,126,173,181,139,186,196,148,195,203,163,207,218,174,218,227,181,223,235,184,224,234,191,229,238,192,229,237,191,228,234,218,249,254,208,232,236,140,158,162,49,64,67,7,21,24,13,24,26,15,25,27,13,18,21,20,26,26,15,19,20,16,20,21,16,20,23,15,19,22,15,18,23,16,19,24,15,20,26,15,20,26,15,18,25,15,18,25,19,22,29,26,29,36,25,30,36,18,23,29,17,22,28,20,25,31,22,27,31,23,28,32,26,29,34,26,29,34,28,29,34,27,28,33,27,28,33,27,28,33,29,30,35,27,28,33,28,29,34,31,32,37,27,30,35,22,25,30,26,29,36,33,36,43,37,40,47,35,38,45,33,36,43,32,35,42,34,34,42,35,35,43,35,35,43,35,35,43,35,36,41,35,36,41,34,35,40,34,35,40,33,34,39,34,35,40,36,37,42,37,38,43,34,35,40,34,35,40,34,35,40,34,35,40,34,35,40,34,35,40,34,35,40,34,35,40,37,38,43,38,39,44,38,39,44,36,37,42,36,37,42,37,38,43,36,37,42,35,36,41,36,37,42,36,37,42,35,36,41,34,35,40,33,34,39,33,34,39,34,35,40,35,36,41,36,35,41,35,34,40,35,34,40,34,35,40,32,35,40,30,35,39,28,33,37,26,31,34,28,31,36,26,29,34,28,29,34,28,29,34,25,26,31,23,24,29,23,24,29,26,25,30,25,23,26,38,22,23,51,7,8,102,22,15,184,51,36,230,60,34,250,56,21,255,49,10,246,38,2,245,35,2,248,37,8,252,43,12,248,44,9,245,38,4,251,33,6,255,35,9,255,40,14,249,30,2,251,31,5,254,35,7,244,24,0,240,21,0,245,25,0,244,26,0,252,32,6,249,31,4,254,34,10,244,26,0,239,19,0,242,22,0,243,23,0,250,30,6,252,32,10,255,35,13,246,24,3,248,23,3,251,24,7,253,23,7,255,25,11,249,13,2,245,6,0,244,3,0,248,3,0,251,6,3,251,3,3,251,3,3,254,4,5,250,7,3,240,8,0,244,18,2,251,26,8,252,30,7,250,30,6,248,30,3,250,32,4,253,33,7,255,40,17,253,31,8,251,26,6,255,30,10,255,30,12,249,26,8,245,23,2,241,22,0,251,37,13,255,45,17,255,43,12,255,42,11,247,34,4,242,28,0,253,37,16,252,33,14,244,23,5,241,25,2,237,35,0,246,53,10,255,73,24,255,72,24,255,57,16,249,54,6,250,79,7,255,109,22,255,107,14,247,99,1,249,103,0,251,106,1,252,105,2,252,100,1,254,95,3,251,87,0,252,86,2,253,84,3,246,80,0,247,83,0,255,92,5,255,100,5,254,109,0,255,123,5,255,137,14,254,146,22,242,143,26,241,154,59,179,107,49,79,28,1,31,3,0,24,15,20,21,22,24,20,28,31,56,61,67,99,104,110,112,120,123
99,148,165,106,155,172,114,163,178,120,168,182,125,173,185,135,183,193,151,198,208,162,209,219,172,216,227,183,227,238,185,227,239,187,229,241,196,236,246,201,241,249,197,236,243,212,247,251,222,247,251,205,224,228,105,123,125,16,31,34,3,17,18,15,27,27,18,26,28,19,25,25,16,20,21,18,22,23,18,22,25,15,19,22,13,16,21,14,17,22,15,20,26,16,21,27,18,21,28,15,18,25,18,21,28,25,28,35,26,31,37,21,26,32,17,22,28,19,24,30,20,25,29,21,26,30,24,27,32,24,27,32,26,27,32,26,27,32,26,27,32,27,28,33,27,28,33,26,27,32,28,29,34,31,32,37,26,29,34,23,26,31,28,31,38,38,41,48,36,39,46,34,37,44,32,35,42,31,34,41,34,34,42,35,35,43,35,35,43,35,35,43,35,36,41,35,36,41,34,35,40,33,34,39,32,33,38,33,34,39,35,36,41,36,37,42,34,35,40,34,35,40,34,35,40,34,35,40,34,35,40,35,36,41,35,36,41,36,37,42,37,38,43,38,39,44,38,39,44,36,37,42,36,37,42,37,38,43,37,38,43,36,37,42,35,36,41,35,36,41,36,37,42,35,36,41,34,35,40,34,35,40,35,36,41,35,36,41,36,35,41,37,36,42,36,37,42,34,37,42,29,37,40,26,36,38,25,35,37,26,34,37,25,33,36,26,31,35,27,30,35,29,30,35,26,27,32,22,23,28,23,24,29,26,27,31,24,22,25,36,24,26,43,13,15,79,11,10,162,39,31,225,63,42,247,54,21,247,41,1,243,37,0,244,36,0,247,38,7,251,42,11,248,44,9,247,41,4,250,35,6,252,33,5,255,39,11,250,31,3,251,32,4,252,33,5,244,25,0,240,22,0,246,28,0,249,31,3,248,30,3,245,27,0,254,36,9,247,29,2,241,23,0,249,31,4,249,29,3,253,33,7,251,33,8,247,28,6,243,23,1,250,28,7,253,28,10,249,19,3,246,14,0,245,9,0,249,11,1,247,6,0,250,5,2,252,7,4,251,3,3,249,1,1,251,1,2,246,3,0,245,11,2,245,19,3,251,26,8,252,32,10,254,34,10,253,35,8,252,34,6,249,31,3,255,36,10,248,26,3,247,22,2,249,24,4,247,24,6,246,24,3,244,24,2,240,22,0,248,34,8,252,41,12,255,46,14,255,46,12,247,37,4,242,31,2,247,35,13,247,32,12,245,26,7,246,32,8,240,40,4,249,57,12,255,78,29,255,76,26,255,59,17,251,57,6,246,75,3,255,107,20,255,111,18,253,105,7,255,108,5,252,107,2,251,102,0,251,99,0,254,95,3,251,87,0,253,87,3,254,85,4,245,79,0,247,83,0,255,95,8,255,101,6,251,106,0,252,118,3,254,134,12,255,147,26,242,143,26,239,152,57,181,109,51,83,29,1,34,7,0,24,15,18,20,21,23,24,29,33,61,64,73,105,107,119,120,124,133
92,143,162,101,152,169,114,166,180,127,176,190,136,186,197,149,197,209,165,211,224,178,224,237,186,230,243,192,236,249,189,231,245,197,239,251,201,244,253,208,251,255,203,244,250,203,240,246,210,238,242,221,242,245,157,177,178,51,69,71,5,19,20,13,25,25,16,24,26,13,19,19,16,20,21,18,22,23,18,22,25,15,19,22,13,16,21,14,17,22,14,19,25,14,19,25,17,20,27,17,20,27,18,21,28,21,24,31,23,28,34,23,28,34,20,25,31,17,22,28,18,23,27,19,24,28,22,25,30,23,26,31,25,26,31,25,26,31,26,27,32,26,27,32,24,25,30,26,27,32,28,29,34,28,29,34,26,29,34,30,33,38,37,40,47,42,45,52,35,38,45,33,36,43,31,34,41,32,35,42,35,35,43,36,36,44,35,35,43,34,34,42,35,36,41,35,36,41,35,36,41,34,35,40,33,34,39,33,34,39,34,35,40,35,36,41,35,36,41,35,36,41,35,36,41,35,36,41,36,37,42,36,37,42,37,38,43,38,39,44,37,38,43,38,39,44,38,39,44,36,37,42,36,37,42,37,38,43,37,38,43,36,37,42,34,35,40,35,36,41,36,37,42,36,37,42,36,37,42,35,36,41,36,37,42,36,37,42,37,36,41,37,36,41,34,38,41,32,37,40,28,38,40,25,36,38,24,35,39,24,35,39,23,32,37,23,30,36,26,31,37,28,31,38,27,28,33,22,23,28,23,24,28,28,29,31,27,25,26,33,24,25,41,20,25,63,7,10,140,27,23,214,57,40,237,47,15,244,38,0,248,42,2,247,41,2,245,38,4,246,39,5,246,44,6,248,44,7,251,38,6,249,32,1,255,38,7,253,36,5,253,36,5,251,34,3,246,29,0,245,28,0,250,33,2,253,38,7,251,36,7,242,27,0,253,38,9,250,35,6,247,29,1,254,36,8,250,32,4,254,36,9,254,36,11,250,31,9,255,34,15,255,34,16,255,31,13,253,23,7,246,14,0,251,15,2,253,15,5,250,9,0,252,7,2,252,7,2,250,2,0,249,1,0,251,2,0,246,3,0,246,12,3,244,18,4,248,22,6,248,28,6,251,31,7,250,32,5,245,30,1,243,25,0,253,33,7,247,27,3,249,27,6,250,28,7,246,24,3,249,27,6,255,35,13,253,35,10,239,28,1,240,29,0,252,39,7,253,40,6,243,34,1,240,31,1,237,27,4,237,25,4,242,27,6,244,34,7,235,36,0,239,49,1,255,69,18,253,63,13,242,41,0,235,39,0,237,67,0,255,102,12,255,109,15,255,108,8,255,110,7,250,105,0,248,99,0,250,98,0,255,97,5,252,88,1,255,89,5,255,87,6,244,78,0,247,83,0,255,95,8,255,99,4,251,106,1,248,117,3,250,130,10,255,147,26,243,144,27,238,151,56,182,110,52,82,28,0,36,7,1,30,19,23,23,23,25,26,31,35,62,64,76,108,110,123,130,134,145
86,137,156,97,148,165,112,163,180,126,178,192,137,189,202,152,201,215,169,217,229,183,229,242,193,235,249,201,243,255,199,239,251,207,247,255,200,240,248,206,247,253,209,252,255,212,251,255,215,244,248,221,245,249,194,215,218,89,109,110,11,27,27,8,19,21,11,19,21,11,17,17,15,19,20,17,21,24,17,21,24,15,18,23,14,17,22,15,18,23,14,19,25,13,18,24,13,16,23,18,21,28,19,22,29,16,19,26,19,22,29,26,29,36,24,27,34,16,19,26,18,21,26,19,22,27,21,24,29,22,25,30,23,26,31,23,26,31,24,27,32,24,27,32,18,21,26,25,28,33,29,30,35,23,26,31,25,28,33,37,40,45,44,47,54,44,47,54,34,37,44,33,36,43,32,35,42,32,35,42,34,37,44,35,38,45,36,36,44,35,35,43,35,36,41,35,36,41,36,37,42,36,37,42,35,36,41,34,35,40,33,34,39,33,34,39,34,35,40,33,34,39,33,34,39,34,35,40,34,35,40,35,36,41,36,37,42,37,38,43,37,38,43,38,39,44,37,38,43,36,37,42,36,37,42,37,38,43,38,39,44,37,38,43,34,35,40,35,36,41,36,37,42,37,38,43,36,37,42,36,37,42,36,37,42,37,38,43,37,38,42,36,37,39,33,37,40,29,37,39,28,38,40,26,37,39,25,36,38,24,34,36,23,32,37,23,31,34,27,32,38,28,33,37,26,29,34,21,24,29,22,26,29,30,31,33,28,26,27,30,21,24,40,25,32,54,7,13,120,20,20,196,53,39,227,46,15,249,50,11,253,51,11,251,48,8,245,41,6,242,40,4,246,47,6,254,51,11,254,44,11,249,34,3,253,38,7,255,41,10,255,40,9,253,36,5,250,33,2,248,31,0,250,35,4,255,41,10,255,45,16,244,29,0,254,39,10,253,38,9,249,31,3,253,35,8,249,29,3,255,35,11,244,25,3,248,28,6,255,37,18,251,28,10,251,24,7,255,27,11,253,20,6,255,21,8,253,15,5,250,9,0,250,7,1,251,6,1,248,3,0,248,3,0,253,5,3,250,7,1,254,22,10,252,26,10,251,28,10,251,31,7,252,34,7,254,36,8,250,35,6,246,31,0,251,33,5,250,32,4,254,36,9,250,32,7,241,23,0,245,27,2,255,40,12,255,41,13,249,38,8,244,33,3,253,44,11,251,42,9,245,38,4,244,37,6,237,25,1,236,24,2,238,24,0,253,44,14,253,55,16,254,66,20,255,77,26,247,57,7,228,27,0,225,29,0,232,60,0,254,94,8,255,105,13,255,105,11,255,107,7,248,99,0,245,96,0,250,97,1,255,100,7,252,91,3,255,92,7,255,89,8,244,78,0,246,82,0,255,94,7,254,97,4,252,106,3,248,114,1,249,126,5,255,145,22,243,142,26,237,150,55,181,108,53,76,25,0,31,4,0,33,22,26,25,24,29,26,29,36,58,57,71,106,105,121,136,139,154
72,121,138,90,141,158,106,157,174,120,171,188,139,191,205,155,207,221,170,218,232,185,229,240,198,238,248,206,243,252,213,248,254,212,247,253,211,249,252,213,253,255,213,254,255,212,252,254,209,242,247,220,248,252,218,242,246,135,154,158,51,66,69,25,36,38,11,19,21,12,17,20,13,17,20,19,22,27,17,22,26,22,27,33,17,22,28,9,14,20,15,18,23,12,15,20,18,21,28,16,19,26,19,19,27,19,19,27,19,17,28,23,21,32,25,24,32,22,21,29,22,21,29,21,20,28,20,20,28,20,23,30,23,26,31,23,28,32,23,28,32,21,26,30,20,25,31,24,29,35,26,29,36,25,30,36,32,37,43,43,48,54,51,54,61,52,55,62,36,39,46,34,37,44,32,35,42,32,35,42,35,38,45,37,42,48,36,39,46,34,37,44,36,39,46,35,38,45,35,38,45,35,38,45,34,37,44,32,35,42,31,34,41,31,34,41,32,35,42,32,35,42,31,34,41,32,35,42,32,35,42,34,37,44,35,38,45,36,39,46,35,38,45,35,38,45,35,38,45,34,37,44,34,37,44,34,37,44,35,38,45,36,39,46,33,36,41,35,38,43,37,40,45,37,40,45,35,38,43,33,36,41,32,35,40,32,35,40,34,38,41,34,38,41,32,37,40,31,36,39,30,35,38,28,33,36,27,32,35,27,32,35,23,28,32,25,30,33,27,30,35,25,30,33,24,29,32,23,28,31,24,29,32,26,30,33,30,25,29,32,23,28,41,28,38,44,7,15,88,8,7,162,40,27,215,50,22,246,56,20,255,55,19,251,49,11,247,49,10,251,54,12,251,52,10,246,44,4,247,38,5,251,41,8,247,34,2,248,35,3,250,35,4,248,33,4,251,33,5,255,41,13,255,43,15,254,36,8,253,38,7,254,39,8,246,31,0,248,33,4,255,42,15,251,31,7,243,21,0,254,31,13,245,25,3,240,20,0,244,21,3,253,28,10,246,16,1,244,12,0,252,18,7,247,11,0,246,7,0,249,8,1,250,7,1,248,5,0,247,4,0,248,5,0,252,9,3,252,14,2,253,26,9,252,30,7,245,25,0,243,23,0,252,34,6,255,40,9,255,41,7,255,46,12,248,35,1,248,35,1,248,38,3,250,40,7,250,41,8,254,45,12,255,46,13,249,40,7,255,42,8,252,42,7,252,48,13,255,54,18,252,49,16,244,39,8,247,33,7,252,36,11,244,30,2,238,31,0,232,36,0,247,61,14,255,79,32,251,61,13,233,32,0,227,29,0,222,45,0,247,81,3,255,101,18,255,99,13,255,98,7,254,99,6,250,96,0,247,92,0,255,101,9,254,96,7,255,96,10,253,91,6,244,82,0,250,86,1,255,96,9,255,99,8,248,102,1,249,113,1,250,127,0,255,143,13,250,147,29,239,150,60,168,97,45,70,20,0,28,4,0,20,14,18,34,33,39,36,39,48,59,57,71,95,94,110,128,134,148
72,121,135,87,139,152,107,159,173,125,177,191,143,196,210,159,211,225,175,223,237,188,232,243,202,240,249,211,245,254,217,250,255,216,249,254,215,250,254,213,253,255,212,253,255,209,250,252,206,241,247,211,240,246,217,242,247,204,225,230,164,179,182,81,92,94,9,17,20,11,16,20,14,17,22,18,21,26,14,19,25,20,25,31,21,26,32,19,22,27,21,24,29,17,18,23,19,22,27,18,21,28,20,20,28,18,18,26,20,19,27,28,25,34,28,25,34,18,15,24,24,21,30,21,20,26,20,20,28,21,22,27,21,24,29,22,27,31,21,26,30,20,25,29,23,28,34,21,26,32,23,28,34,33,38,44,45,50,56,53,58,64,55,58,65,53,56,63,42,45,52,36,39,46,31,34,41,31,34,41,34,39,45,38,43,49,35,40,46,30,35,41,37,40,47,33,36,43,32,35,42,35,38,45,35,38,45,31,34,41,29,32,39,32,35,42,32,35,42,32,35,42,32,35,42,32,35,42,33,36,43,34,37,44,35,38,45,35,38,45,35,38,45,35,38,45,35,38,45,35,38,45,34,37,44,34,37,44,35,38,45,35,38,45,35,38,43,36,39,44,37,40,45,37,40,45,35,38,43,33,36,41,31,34,39,31,34,39,33,38,41,32,37,40,31,36,39,30,35,38,30,34,37,29,33,36,30,31,35,30,31,35,26,30,33,25,29,32,24,28,31,24,28,31,23,28,31,22,30,32,22,30,32,25,29,32,29,27,30,28,23,29,36,28,39,39,12,19,69,5,5,137,33,20,199,49,24,230,50,17,250,53,18,246,44,4,240,43,1,246,49,6,253,52,10,251,48,7,251,42,9,252,42,9,246,36,1,246,36,1,249,36,4,248,33,4,248,33,4,255,40,12,255,44,16,255,40,9,250,35,4,255,40,9,250,35,4,245,30,0,250,32,5,249,29,5,251,28,10,255,38,20,252,32,10,243,23,1,245,20,2,253,26,9,250,20,5,250,18,4,254,20,9,245,9,0,243,4,0,246,5,0,248,7,0,250,9,2,251,10,3,248,9,2,248,7,0,241,8,0,247,25,4,254,36,9,253,35,8,249,31,3,255,38,10,255,42,11,255,43,9,255,47,13,255,47,13,246,36,0,245,35,0,252,44,8,250,42,6,243,35,0,245,36,3,252,42,7,247,37,0,247,39,3,250,46,11,252,52,18,253,50,18,250,43,12,254,40,12,255,44,15,249,38,8,242,38,1,233,40,0,245,59,12,255,77,30,253,62,17,233,34,0,225,29,0,230,52,0,246,78,3,255,92,14,254,92,9,251,91,3,251,93,2,246,91,0,244,89,0,254,99,7,252,97,5,255,100,11,255,98,11,247,87,1,249,88,0,255,96,8,255,97,6,246,100,1,247,111,0,251,127,0,255,144,11,250,145,28,233,143,55,161,91,42,66,19,0,27,6,3,26,21,27,35,35,43,47,47,57,57,55,68,68,67,81,98,104,118
67,119,130,81,133,144,107,159,172,131,185,197,149,203,215,164,216,229,181,229,241,191,235,246,205,243,254,214,248,255,218,251,255,217,252,255,213,250,255,211,250,255,208,249,255,204,245,251,201,238,247,203,233,243,197,224,233,207,227,234,200,218,222,131,145,148,47,56,61,13,20,26,13,18,24,19,24,30,18,21,28,19,22,29,18,21,26,15,16,20,18,18,20,20,20,22,18,19,24,11,14,19,16,17,22,21,22,27,22,21,27,23,22,28,29,26,33,31,28,35,26,25,31,25,24,29,22,23,28,22,23,27,23,24,28,22,26,29,22,26,29,21,24,29,21,26,32,20,25,31,27,32,38,44,49,55,56,61,67,57,62,68,54,59,65,52,57,63,41,46,52,38,43,49,33,38,44,30,35,41,31,36,42,34,39,45,33,38,44,30,35,41,39,42,49,33,36,43,32,35,42,37,40,47,37,40,47,30,33,40,29,32,39,33,36,43,32,35,42,33,36,43,33,36,43,33,36,43,34,37,44,34,37,44,35,38,45,35,38,45,34,37,44,35,38,45,35,38,45,35,38,45,35,38,45,34,37,44,35,38,45,35,38,45,35,38,43,36,39,44,36,39,44,36,39,44,34,37,42,33,36,41,32,35,40,32,35,40,31,36,39,31,36,39,30,35,38,30,35,38,30,34,37,29,33,36,30,31,35,30,31,35,30,31,35,27,28,32,23,27,30,22,26,29,24,28,31,24,29,32,24,29,32,23,28,31,25,29,30,21,25,28,30,31,36,36,19,25,53,4,0,109,21,9,181,47,22,217,48,15,240,51,13,245,43,3,246,43,0,254,49,6,255,51,11,255,47,10,255,45,11,255,45,13,251,41,6,251,41,6,251,41,8,249,36,4,246,31,2,251,36,7,254,39,8,250,35,4,240,25,0,248,35,1,250,37,3,246,31,0,245,30,2,250,32,7,251,31,9,248,28,6,255,36,14,249,29,7,249,24,6,254,27,10,252,22,7,250,18,4,253,19,8,244,8,0,247,9,0,246,8,0,244,6,0,243,5,0,245,7,0,248,12,1,254,16,6,254,22,8,245,26,4,251,40,13,251,37,11,244,30,2,246,32,4,250,35,6,251,36,7,255,41,10,255,42,11,243,29,0,242,27,0,252,35,4,248,31,0,241,24,0,247,28,0,255,41,10,244,34,0,236,30,0,240,33,0,253,46,14,255,50,19,249,41,13,250,41,11,255,48,17,255,53,20,255,56,17,242,49,6,242,51,6,255,69,24,255,70,22,246,51,7,234,44,0,243,68,3,247,79,4,254,88,10,255,93,10,253,93,5,251,93,2,247,92,0,246,91,0,252,99,6,251,98,5,255,103,13,255,101,12,248,90,1,248,88,0,255,95,7,253,98,6,246,100,1,246,110,0,252,127,0,255,146,14,250,145,30,228,138,50,153,83,34,65,18,0,26,5,2,28,23,29,33,34,39,51,51,61,54,52,65,46,45,59,74,80,94
64,117,125,75,128,136,105,160,167,137,191,201,154,208,220,170,222,233,187,235,247,195,239,250,207,245,255,211,248,255,215,249,255,213,247,255,208,246,255,205,245,253,201,244,253,200,240,250,200,236,250,206,238,251,203,231,243,200,224,234,196,215,222,183,198,205,131,142,148,46,55,62,6,13,21,8,15,21,11,16,22,20,23,30,25,28,33,22,23,25,20,20,22,23,23,25,26,27,31,16,19,24,16,17,22,18,19,24,20,19,25,23,22,27,26,25,31,26,25,30,28,27,32,25,26,30,23,24,28,22,23,27,22,23,27,23,24,28,24,23,28,22,23,27,22,25,30,30,35,41,44,49,55,54,59,65,52,57,63,44,49,55,41,46,52,43,48,54,36,41,47,39,44,50,39,44,50,32,37,43,27,32,38,28,33,39,30,35,41,32,37,43,38,41,48,37,40,47,38,41,48,40,43,50,38,41,48,33,36,43,32,35,42,34,37,44,33,36,43,33,36,43,33,36,43,34,37,44,34,37,44,34,37,44,34,37,44,34,37,44,34,37,44,35,38,45,36,39,46,36,39,46,35,38,45,35,38,45,35,38,45,35,38,45,34,37,42,34,37,42,34,37,42,34,37,42,33,36,41,33,36,41,33,36,41,33,36,41,31,36,39,30,35,38,30,35,38,29,34,37,30,34,37,29,33,36,31,32,36,31,32,36,31,32,36,29,30,34,25,29,32,24,28,31,24,28,31,25,29,32,24,28,31,23,28,31,21,29,31,21,29,31,22,30,33,35,26,29,46,11,9,82,12,0,155,38,18,211,58,27,233,51,12,247,48,6,255,51,6,255,49,6,254,45,4,250,40,3,255,41,7,255,44,10,254,44,9,252,44,8,252,43,10,248,38,5,244,31,1,246,31,2,248,33,2,245,32,0,238,25,0,238,28,0,245,32,0,247,34,0,248,35,5,252,37,9,248,30,5,233,13,0,250,30,8,251,31,9,252,29,11,255,30,12,246,19,3,241,11,0,247,15,3,244,10,0,242,6,0,246,10,0,252,16,5,254,18,7,252,16,5,247,13,2,250,16,5,252,22,7,253,32,13,252,38,14,246,30,7,239,23,0,241,25,0,241,26,0,243,25,0,251,33,5,248,30,2,246,28,0,246,28,0,246,27,0,241,22,0,243,24,0,251,30,4,252,34,6,254,46,10,248,42,5,246,37,6,248,39,9,250,40,13,250,40,13,244,37,6,237,33,0,241,41,5,251,55,15,243,50,7,235,44,0,249,59,11,255,69,21,253,62,17,245,60,6,255,82,14,249,83,7,250,87,8,255,96,12,255,99,10,254,96,5,250,95,2,251,96,3,252,99,6,250,97,4,255,101,11,255,100,10,247,89,0,246,88,0,255,97,6,255,103,10,250,104,5,247,111,1,254,129,0,255,149,17,254,148,36,228,138,52,146,78,31,63,18,0,38,19,15,37,32,38,40,41,46,53,53,61,56,54,65,48,46,59,70,74,86
61,116,121,75,130,135,107,162,169,140,195,202,158,210,221,175,225,236,189,237,249,198,242,253,206,246,255,209,246,255,208,245,254,206,243,252,202,240,251,200,240,252,197,239,253,195,237,251,194,231,247,196,229,246,199,228,244,200,226,239,189,211,222,194,212,222,176,193,201,106,119,127,33,43,52,17,28,34,8,17,24,10,17,23,16,19,24,17,18,20,19,19,21,28,28,30,20,21,25,24,28,31,28,29,33,20,21,25,13,12,17,19,19,21,26,25,30,22,23,25,22,23,25,20,24,25,19,23,24,20,21,23,21,22,24,23,23,25,24,22,25,23,22,27,28,31,36,43,48,54,58,63,69,57,62,68,44,49,55,31,36,42,27,32,38,28,33,39,35,40,46,40,45,51,41,46,52,35,40,46,29,34,40,29,34,40,31,36,42,32,37,43,34,37,44,41,44,51,44,47,54,40,43,50,35,38,45,34,37,44,34,37,44,33,36,43,33,36,43,33,36,43,33,36,43,34,37,44,34,37,44,34,37,44,34,37,44,34,37,44,34,37,44,35,38,45,36,39,46,36,39,46,35,38,45,35,38,45,35,38,45,35,38,45,33,36,41,33,36,41,32,35,40,32,35,40,33,36,41,33,36,41,33,36,41,32,35,40,31,36,40,31,36,40,30,35,39,30,35,39,30,33,38,30,33,38,31,32,37,31,32,37,31,32,37,31,32,37,31,32,37,30,31,36,27,28,33,26,27,32,26,27,32,24,28,31,19,27,29,24,34,35,19,29,30,30,28,29,44,23,20,60,7,0,122,27,9,200,65,36,232,60,22,252,57,13,255,53,6,255,44,0,245,36,0,243,34,0,247,35,0,248,38,3,251,43,7,248,42,5,248,39,6,245,35,2,241,28,0,244,31,1,250,37,5,249,39,6,248,38,3,239,31,0,242,32,0,247,37,2,246,36,3,251,38,8,250,35,7,239,21,0,241,21,0,249,29,5,252,30,9,254,29,9,246,19,2,241,11,0,248,16,2,248,16,2,248,14,3,251,17,6,255,21,10,255,24,13,254,21,7,247,15,1,244,12,0,243,13,0,255,30,14,253,28,10,244,21,3,244,22,1,250,28,7,246,24,1,241,21,0,247,27,1,241,23,0,246,28,1,248,30,3,239,24,0,232,17,0,235,20,0,239,23,0,234,20,0,240,31,0,250,43,9,249,40,9,236,27,0,237,27,0,250,40,13,248,41,10,232,29,0,230,32,0,242,46,6,242,51,7,243,55,9,251,63,15,249,61,13,247,59,11,254,73,18,255,91,22,250,87,8,247,85,4,251,91,5,255,97,8,252,94,3,249,94,1,253,98,5,249,96,3,246,93,0,252,98,8,254,100,10,245,90,0,244,89,0,254,99,7,255,107,13,252,108,9,246,112,1,252,129,0,255,149,19,255,152,41,229,140,58,141,73,28,61,16,0,45,26,22,37,35,40,45,46,51,48,48,56,55,52,63,51,49,62,59,63,74
66,121,126,83,138,143,113,168,175,141,196,203,158,210,221,173,223,234,185,233,245,195,239,250,205,245,255,205,243,254,203,241,250,200,238,247,197,237,249,194,236,248,193,236,252,192,235,251,200,239,255,197,232,251,193,226,243,197,226,242,190,216,229,189,213,223,196,216,225,178,196,206,137,156,163,79,96,104,26,40,49,1,12,18,1,10,15,17,22,26,19,23,26,17,18,20,17,21,24,11,15,18,14,15,19,18,19,23,19,19,21,20,20,22,18,19,21,13,17,18,18,22,23,18,24,24,19,23,24,20,24,25,23,24,26,26,26,28,30,25,29,29,27,32,31,31,39,41,46,52,54,59,65,53,58,64,42,47,53,31,36,42,27,32,38,26,31,37,40,45,51,42,47,53,40,45,51,36,41,47,36,41,47,38,43,49,35,40,46,29,34,40,32,35,42,41,44,51,44,47,54,37,40,47,31,34,41,33,36,43,34,37,44,31,34,41,32,35,42,32,35,42,32,35,42,33,36,43,33,36,43,34,37,44,34,37,44,34,37,44,35,38,45,35,38,45,36,39,46,36,39,46,35,38,45,35,38,45,35,38,45,35,38,45,34,37,42,33,36,41,32,35,40,32,35,40,32,35,40,32,35,40,31,34,39,31,34,39,32,37,41,32,37,41,31,36,40,31,36,40,31,34,39,31,34,39,32,33,38,32,33,38,32,33,38,33,34,39,33,34,39,32,33,38,29,30,35,27,28,33,26,27,32,27,28,33,22,26,29,27,32,35,22,27,30,28,28,28,41,29,29,46,6,4,90,12,0,175,56,32,235,75,39,254,66,21,255,56,8,252,44,0,246,39,0,246,40,0,247,39,1,244,38,0,250,46,9,244,40,3,243,36,2,241,32,0,239,28,0,243,33,0,252,42,9,255,47,11,254,46,8,248,40,2,251,43,5,255,47,9,249,41,5,249,39,6,253,40,10,252,37,9,240,22,0,248,28,4,249,27,6,250,28,7,251,26,8,250,23,6,255,27,12,255,26,11,255,27,15,254,24,11,253,21,9,254,24,9,255,25,10,251,21,6,247,17,2,246,16,1,245,15,0,245,15,0,243,13,0,248,21,4,255,32,13,253,28,8,242,20,0,242,22,0,246,28,3,247,31,6,251,35,10,248,34,8,241,27,1,236,25,0,238,27,0,236,25,0,238,27,0,241,32,1,244,35,5,243,36,5,241,33,5,244,36,8,249,42,11,251,47,14,247,45,9,243,47,5,241,53,7,253,68,21,255,72,22,235,51,1,234,46,0,255,75,18,255,94,25,255,94,15,245,84,3,243,83,0,250,92,3,249,91,0,246,91,0,255,100,7,247,92,0,243,90,0,251,97,7,255,102,12,248,95,2,245,92,0,255,100,7,255,107,10,252,110,8,246,112,1,251,128,0,255,146,18,255,153,43,228,141,61,136,69,26,57,14,0,37,19,17,32,30,35,42,43,47,42,43,48,53,50,59,55,52,63,56,59,68
78,135,142,99,156,163,124,181,188,145,199,209,161,213,226,173,223,234,182,230,242,193,237,248,201,244,253,201,241,251,197,237,245,195,235,243,193,233,245,190,232,244,189,232,248,189,232,248,191,229,248,194,231,250,193,228,247,193,226,243,192,221,235,189,217,229,193,221,232,196,223,234,204,231,242,171,195,205,130,152,163,67,85,95,12,26,35,2,13,19,7,16,21,11,16,20,10,14,17,6,10,13,9,10,12,15,15,17,19,19,21,24,24,26,24,25,27,17,21,22,20,26,26,19,28,27,22,28,28,23,29,29,27,28,32,29,28,33,33,28,34,32,30,35,25,25,33,31,34,43,42,46,55,48,52,61,44,48,57,36,40,49,31,38,46,33,40,48,41,48,56,41,48,56,39,46,54,35,42,50,39,43,52,42,46,55,38,42,51,29,33,42,35,38,45,40,43,50,39,42,49,33,36,43,30,33,40,32,35,42,32,35,42,30,33,40,32,35,42,31,34,41,31,34,41,32,35,42,32,35,42,33,36,43,34,37,44,35,38,45,35,38,45,35,38,45,36,39,46,35,38,45,35,38,45,35,38,45,35,38,45,36,39,46,34,37,42,33,36,41,33,36,41,33,36,41,34,37,42,33,36,41,32,35,40,31,34,39,33,38,42,33,38,42,33,38,42,32,37,41,32,35,40,31,34,39,33,34,39,33,34,39,34,33,39,34,33,39,33,32,38,32,31,37,30,29,35,29,28,34,29,28,34,30,27,34,28,26,31,29,27,32,29,29,31,28,26,29,36,30,34,40,14,15,66,5,0,138,39,20,221,74,40,246,68,22,255,59,12,255,49,0,248,47,3,248,49,8,245,46,4,240,41,0,249,47,7,244,41,1,245,39,2,246,38,2,243,34,1,245,36,3,252,43,10,255,48,12,255,47,9,253,47,7,255,52,12,255,52,13,251,43,5,248,38,3,250,40,7,254,41,11,244,26,0,251,31,7,247,25,4,248,26,5,252,27,9,253,26,9,255,30,13,255,29,12,250,20,5,249,22,6,255,26,11,255,35,19,255,37,21,255,30,12,247,22,4,245,18,1,237,6,0,245,12,0,246,13,0,247,16,0,255,27,8,255,29,10,250,25,5,247,27,5,255,41,16,255,42,17,255,49,23,255,53,26,255,48,21,255,47,19,255,49,21,255,49,19,255,53,24,255,40,11,248,41,10,255,52,23,254,49,22,240,32,4,241,30,1,253,42,12,252,43,10,243,44,3,237,51,4,249,69,18,254,74,23,231,49,0,225,35,0,239,54,0,255,89,20,255,100,20,249,88,7,241,81,0,251,93,4,250,92,1,246,88,0,255,101,9,249,94,4,244,89,0,251,97,7,255,105,15,252,99,6,246,96,1,254,101,5,255,108,8,250,108,6,243,111,0,250,129,0,255,143,15,254,152,44,228,141,62,131,66,26,55,13,0,38,23,20,38,37,42,39,43,46,42,43,48,51,48,55,49,46,55,59,62,71
93,152,160,117,176,184,139,196,207,154,208,220,168,220,233,179,227,241,186,232,245,196,240,251,199,242,251,198,238,246,195,235,243,190,233,240,189,232,241,186,230,241,184,230,243,186,229,245,191,232,250,193,231,250,198,235,253,195,231,247,187,223,237,191,225,237,196,230,242,194,228,240,195,229,241,193,225,238,202,230,242,171,198,209,131,153,164,124,141,149,108,121,129,83,92,97,100,103,108,150,151,155,162,160,163,98,96,99,28,26,29,15,13,16,27,28,30,29,33,34,22,28,28,21,30,29,21,31,30,23,31,33,26,30,33,28,29,34,30,27,34,31,28,35,23,23,31,25,28,37,36,40,49,47,51,60,44,48,57,34,38,47,31,38,46,39,46,54,39,46,54,43,50,58,42,49,57,36,43,51,37,41,50,40,44,53,38,42,51,32,36,45,40,43,50,38,41,48,35,38,45,32,35,42,30,33,40,31,34,41,31,34,41,31,34,41,31,34,41,31,34,41,31,34,41,31,34,41,32,35,42,33,36,43,34,37,44,35,38,45,36,39,46,36,39,46,36,39,46,35,38,45,34,37,44,35,38,45,36,39,46,36,39,46,33,36,41,33,36,41,33,36,41,34,37,42,35,38,43,35,38,43,34,37,42,33,36,41,35,40,44,34,39,43,34,39,43,33,38,42,33,36,41,32,35,40,33,34,39,33,34,39,36,35,41,33,32,38,31,30,36,30,29,35,30,29,35,31,30,36,32,29,36,33,28,35,33,26,33,28,21,28,34,29,33,28,26,29,30,27,34,38,21,27,51,7,6,107,25,11,189,59,27,228,61,17,251,61,13,253,53,4,246,47,5,244,47,5,240,43,0,235,38,0,242,43,2,241,39,0,247,41,4,251,45,8,251,42,9,251,42,9,255,47,11,255,49,10,255,51,12,255,52,11,254,51,10,249,46,5,245,39,0,244,36,0,247,37,2,251,38,8,244,26,0,252,32,8,247,25,4,243,21,0,244,19,1,242,17,0,248,23,5,250,25,7,248,21,5,250,24,8,255,30,14,255,34,16,254,29,11,245,22,4,246,23,5,253,28,10,242,12,0,254,25,6,251,21,5,242,15,0,249,22,3,255,32,12,255,36,15,255,39,14,255,41,16,255,46,21,255,53,27,255,54,27,255,51,24,255,55,25,255,58,30,255,54,25,255,50,24,255,39,12,244,34,7,244,41,11,249,44,17,245,37,9,241,25,0,238,20,0,240,27,0,242,40,0,240,54,7,250,73,21,255,86,34,250,68,18,231,39,0,224,34,0,251,80,11,255,100,20,252,91,10,242,82,0,255,95,9,252,94,5,246,86,0,255,99,10,255,97,8,246,91,1,252,98,8,255,107,14,251,101,6,247,97,0,253,104,4,255,110,9,247,108,5,243,111,0,251,130,0,252,143,16,252,151,45,227,141,64,129,65,27,55,13,1,45,29,29,46,45,50,32,36,39,31,35,38,37,32,39,26,21,28,49,49,57
123,183,194,138,196,208,155,211,226,168,221,237,178,227,244,187,234,250,193,239,254,197,241,252,198,241,250,193,236,243,188,231,238,184,229,235,182,227,233,180,224,233,180,227,237,184,228,241,191,232,250,192,233,251,196,235,252,195,234,251,193,232,247,192,231,246,192,231,246,193,232,247,189,228,243,192,231,246,196,232,246,201,233,246,206,234,246,209,231,242,207,225,235,207,217,226,220,221,226,238,236,239,254,248,252,183,177,181,54,45,48,17,11,13,28,26,27,28,30,29,25,31,31,18,28,27,15,27,27,17,29,29,20,28,31,22,25,32,25,24,32,28,25,34,23,23,33,19,22,31,29,32,41,40,43,52,40,44,53,42,46,55,46,53,61,47,54,62,38,47,54,49,58,65,42,49,57,33,40,48,44,51,59,46,53,61,37,41,50,36,40,49,40,43,50,39,42,49,36,39,46,31,34,41,29,32,39,31,34,41,33,36,43,32,35,42,33,36,43,32,35,42,32,35,42,33,36,43,36,39,46,37,40,47,35,38,45,34,37,44,35,38,45,35,38,45,36,39,46,36,39,46,35,38,45,34,37,44,34,37,44,35,38,45,33,36,41,33,36,41,34,37,42,35,38,43,36,39,44,35,38,43,34,37,42,32,35,40,32,37,41,34,39,43,34,39,43,33,38,42,34,37,42,34,37,42,32,35,40,30,33,38,31,32,37,32,33,38,33,32,38,32,31,37,34,31,38,36,33,40,35,32,39,34,29,36,34,27,34,33,26,33,33,27,31,30,28,33,28,28,38,33,26,34,50,20,22,76,9,0,163,48,21,221,67,29,243,62,17,255,61,16,251,52,10,245,48,6,246,49,6,251,54,11,250,51,9,254,52,12,255,49,12,253,47,10,255,47,14,255,50,17,253,47,10,244,38,0,255,51,12,251,48,7,246,43,0,242,39,0,244,38,0,248,40,2,251,41,6,254,41,9,255,39,12,253,33,9,251,31,7,244,24,0,243,21,0,245,23,2,238,15,0,237,14,0,245,20,2,242,19,1,254,29,11,253,30,12,239,16,0,238,18,0,247,27,5,247,27,5,240,20,0,253,35,10,253,34,12,246,28,3,244,26,1,243,25,0,244,28,3,254,38,13,245,29,4,249,34,6,255,41,13,252,38,10,243,29,1,244,31,1,249,35,7,248,30,3,251,30,4,248,28,2,234,23,0,227,22,0,237,29,3,247,37,10,254,36,11,254,35,7,247,32,1,248,45,5,255,69,24,255,86,36,255,76,26,241,55,6,235,38,0,227,36,0,240,69,0,255,97,17,250,88,7,246,84,1,254,92,7,253,93,7,255,95,10,255,95,9,251,91,5,251,93,6,252,97,7,255,105,12,255,106,11,247,99,1,246,98,0,254,111,7,250,111,6,244,113,0,241,122,0,250,140,15,250,151,47,217,133,60,118,54,18,48,8,0,35,21,21,34,35,39,28,32,35,19,23,24,18,13,19,22,17,24,31,30,38
135,194,210,147,206,222,163,219,236,174,227,245,184,232,252,192,238,254,198,241,255,200,242,254,195,238,247,190,233,240,182,227,232,179,224,229,177,222,228,177,222,228,177,224,232,181,225,236,188,230,246,190,232,248,193,235,251,194,236,252,193,235,249,190,234,247,190,233,249,189,235,250,186,232,247,191,234,250,196,235,252,199,235,249,205,234,248,210,234,246,212,230,242,215,225,235,229,226,233,240,231,234,245,233,237,231,216,221,112,97,102,20,8,12,24,15,18,24,22,23,24,25,27,20,29,28,16,28,28,13,24,26,16,25,30,24,29,35,28,28,38,26,24,35,22,22,32,20,23,32,25,28,37,33,36,45,41,45,54,48,55,63,51,58,66,47,56,63,35,44,51,43,52,59,40,47,55,37,44,52,44,51,59,43,50,58,36,40,49,35,39,48,39,42,49,39,42,49,36,39,46,31,34,41,29,32,39,30,33,40,30,33,40,29,32,39,32,35,42,32,35,42,32,35,42,33,36,43,35,38,45,35,38,45,34,37,44,34,37,44,34,37,44,35,38,45,36,39,46,36,39,46,35,38,45,34,37,44,34,37,44,35,38,45,32,35,40,32,35,40,33,36,41,34,37,42,35,38,43,34,37,42,33,36,41,32,35,40,33,38,42,35,40,44,35,40,44,34,39,43,35,38,43,35,38,43,34,37,42,32,35,40,31,32,37,32,33,38,33,32,38,32,31,37,34,31,38,35,32,39,34,31,38,32,29,36,35,30,36,34,29,35,33,28,32,30,29,35,25,29,40,26,25,33,37,18,22,58,8,1,144,45,24,206,69,35,231,59,19,241,50,6,250,51,10,253,51,11,250,49,7,249,48,6,255,54,12,255,55,14,255,52,13,255,49,12,254,45,12,253,44,11,250,42,6,244,38,1,243,40,0,244,41,0,244,43,1,244,41,0,248,42,2,250,44,5,253,43,8,253,40,8,255,39,12,255,39,15,255,41,17,253,33,9,252,30,9,254,32,11,245,22,4,237,14,0,237,14,0,237,14,0,246,23,5,245,25,3,237,17,0,244,24,2,255,36,14,254,36,11,249,33,8,254,40,14,253,39,13,251,37,11,250,36,10,241,27,1,233,19,0,235,21,0,235,21,0,233,19,0,235,21,0,238,25,0,240,27,0,242,29,0,241,26,0,237,19,0,234,13,0,237,17,0,238,24,0,237,27,0,236,26,1,242,28,2,255,35,11,255,46,18,255,48,16,251,45,6,248,56,11,253,67,18,247,61,12,237,47,0,240,41,0,242,51,0,245,72,4,255,94,16,247,84,5,245,83,2,251,89,6,253,89,4,255,95,10,255,93,8,249,87,2,247,87,1,245,90,0,253,100,7,255,106,11,250,102,2,247,101,0,252,109,5,243,104,0,242,112,0,244,125,0,248,140,14,245,148,45,209,127,54,112,49,14,45,5,0,23,9,9,20,21,25,15,19,22,14,15,17,19,14,20,27,22,28,40,39,45
141,202,220,153,212,230,167,222,242,177,228,247,187,234,254,197,240,255,200,241,255,198,240,254,192,235,244,185,228,235,176,221,226,170,218,222,169,216,222,169,216,222,174,218,227,176,220,231,182,224,240,186,228,244,189,232,248,192,236,249,192,236,249,189,235,248,188,236,250,188,236,250,187,234,250,191,234,250,194,233,250,195,228,245,196,224,238,202,221,235,206,220,233,212,216,227,229,219,227,235,219,222,234,213,218,255,232,238,187,162,168,68,45,51,26,10,13,27,17,18,25,23,24,23,27,28,19,29,30,15,26,28,17,26,31,21,28,36,26,28,40,26,26,38,22,22,32,25,25,35,22,25,34,27,30,39,44,48,57,56,63,71,53,60,68,42,51,58,32,41,48,32,43,49,36,45,52,41,50,57,43,50,58,37,44,52,31,38,46,31,38,46,35,40,46,35,40,46,33,38,44,31,36,42,29,34,40,29,34,40,28,33,39,27,32,38,30,35,41,31,36,42,32,37,43,32,37,43,32,37,43,32,37,43,33,38,44,33,38,44,34,37,44,35,38,45,35,38,45,35,38,45,34,37,44,34,37,44,34,37,44,34,37,44,33,36,41,33,36,41,33,36,41,33,36,41,33,36,41,33,36,41,32,35,40,31,34,39,32,35,40,34,37,42,35,38,43,34,37,42,34,37,42,34,37,42,33,36,41,32,35,40,30,33,38,32,35,40,34,35,40,33,34,39,33,32,38,33,32,38,32,31,37,31,30,36,28,29,33,28,29,33,28,29,33,26,29,34,22,31,40,23,27,36,31,22,27,50,12,9,100,21,6,175,55,28,217,59,22,230,44,5,250,51,12,255,49,11,254,46,8,248,41,1,251,48,7,252,49,8,253,47,8,250,44,7,248,39,6,247,38,5,249,41,5,250,44,7,239,36,0,245,42,1,248,45,4,247,44,3,251,45,6,254,48,9,255,45,10,253,40,8,250,32,4,254,34,8,255,37,13,248,28,4,249,29,5,255,38,14,253,33,11,246,26,4,240,20,0,239,19,0,243,23,1,243,23,1,239,19,0,249,31,6,255,45,20,255,46,21,255,39,14,250,35,7,245,30,2,249,34,6,254,40,12,249,35,7,242,28,0,242,28,0,243,29,1,240,29,0,237,26,0,237,26,0,242,31,1,245,35,2,245,35,2,248,35,3,255,41,12,251,36,8,248,32,7,250,34,9,248,32,9,242,26,1,243,25,0,249,34,5,250,40,7,239,36,0,238,39,0,248,53,9,253,58,14,246,51,7,241,42,1,236,44,0,248,75,9,255,92,15,251,85,7,251,86,6,250,85,3,246,79,0,254,87,6,254,87,6,252,87,5,246,84,0,242,84,0,248,93,1,255,105,10,253,105,5,250,104,1,252,109,4,244,108,0,241,112,0,240,121,0,245,137,13,250,152,51,214,131,61,110,49,18,41,2,0,17,5,7,13,14,18,9,13,16,15,16,18,23,18,22,30,23,30,40,37,44
145,206,224,155,214,230,166,221,241,177,228,247,189,234,255,198,239,255,201,239,255,198,237,252,189,232,241,181,226,232,173,218,223,167,215,219,165,212,218,165,212,220,170,214,225,172,216,227,178,220,236,181,223,239,185,229,242,189,233,246,190,234,247,189,235,248,188,236,248,189,237,251,191,237,252,195,237,253,198,234,250,197,226,240,198,217,231,198,212,223,203,209,221,211,208,217,224,207,213,232,205,210,232,201,206,240,208,213,237,202,208,155,123,128,52,25,30,31,12,14,29,20,21,25,25,25,24,29,32,23,33,35,21,30,35,19,26,34,22,26,37,26,28,40,23,23,33,27,27,37,22,25,34,26,30,39,47,51,60,57,64,72,46,55,62,35,44,51,33,44,50,29,40,46,38,47,54,48,57,64,43,50,58,33,40,48,31,38,46,32,39,47,31,36,42,32,37,43,32,37,43,31,36,42,31,36,42,30,35,41,29,34,40,28,33,39,29,34,40,31,36,42,33,38,44,33,38,44,32,37,43,31,36,42,32,37,43,33,38,44,33,36,43,34,37,44,35,38,45,35,38,45,34,37,44,34,37,44,34,37,44,34,37,44,35,38,43,34,37,42,33,36,41,33,36,41,33,36,41,32,35,40,31,34,39,30,33,38,32,35,40,34,37,42,34,37,42,34,37,42,34,37,42,35,38,43,34,37,42,32,35,40,32,35,40,33,36,41,34,37,42,34,35,40,32,33,38,32,31,37,32,31,37,32,33,38,25,29,32,24,29,32,25,29,32,25,30,34,23,32,41,23,30,38,29,26,33,45,19,20,65,3,0,140,40,17,209,64,33,229,53,16,244,46,9,250,40,3,255,46,9,253,43,6,250,45,2,249,44,1,247,41,1,246,38,0,245,35,0,245,35,2,252,42,7,255,50,14,247,41,4,250,47,7,251,48,8,247,44,3,249,43,4,254,46,8,254,44,9,252,39,7,251,33,5,249,29,3,247,27,3,238,18,0,242,22,0,255,37,13,255,40,18,255,41,19,251,31,9,245,25,3,245,25,3,245,25,1,242,24,0,247,29,4,255,38,13,255,41,16,255,42,15,251,33,6,244,26,0,248,30,3,255,40,12,255,41,13,250,36,8,246,32,4,242,31,2,252,43,13,253,44,14,246,39,7,246,39,5,246,39,5,248,42,5,254,47,13,255,53,23,255,47,19,244,28,3,240,24,0,252,36,13,246,30,5,233,18,0,236,23,0,233,24,0,229,25,0,233,31,0,247,48,6,255,63,21,255,61,19,243,44,3,226,34,0,246,73,7,253,87,13,251,85,9,255,89,11,250,83,4,242,73,0,251,81,3,252,83,2,255,89,10,252,87,5,245,85,0,249,91,0,255,102,8,254,105,5,253,106,3,255,113,5,249,113,3,241,115,0,240,123,0,245,140,15,253,157,55,208,128,59,105,44,15,39,2,0,21,9,11,13,16,21,11,16,19,21,22,24,29,24,28,30,23,30,32,29,36
148,211,226,158,217,231,169,225,242,181,230,247,193,236,255,200,241,255,202,241,255,198,237,252,189,232,241,182,227,233,175,220,226,168,215,221,165,212,222,164,210,223,168,211,227,171,214,230,178,220,236,180,222,238,184,226,240,186,230,243,189,233,244,191,235,246,190,237,247,193,237,250,189,231,245,194,230,244,200,230,241,203,223,234,203,213,223,202,205,214,208,203,210,216,201,206,227,201,204,234,198,200,238,197,201,228,183,188,249,202,208,223,178,183,110,71,76,36,7,11,26,10,11,29,23,23,31,32,34,25,33,35,19,28,33,19,26,34,22,26,37,23,25,37,24,24,34,27,27,37,21,24,33,25,29,38,44,48,57,52,59,67,44,53,60,35,44,51,39,50,56,33,44,50,42,53,59,51,62,68,43,52,59,32,41,48,33,40,48,34,41,49,30,35,41,31,36,42,31,36,42,32,37,43,32,37,43,30,35,41,29,34,40,29,34,40,30,35,41,32,37,43,34,39,45,34,39,45,32,37,43,31,36,42,32,37,43,34,39,45,33,36,43,34,37,44,35,38,45,35,38,45,34,37,44,34,37,44,34,37,44,34,37,44,35,38,43,34,37,42,33,36,41,33,36,41,33,36,41,33,36,41,33,36,41,32,35,40,36,36,44,38,38,46,36,39,46,36,39,46,35,40,46,36,41,47,36,41,47,34,39,45,33,38,44,34,39,45,34,39,45,34,37,44,31,34,41,31,31,39,32,32,40,31,34,39,30,35,38,29,34,37,28,31,36,26,31,37,26,30,39,25,29,38,27,28,33,38,22,23,52,9,2,112,31,14,193,67,42,227,64,31,237,45,8,243,37,0,255,50,14,255,49,11,255,51,8,254,49,6,252,45,5,251,41,4,248,38,3,247,37,4,250,40,7,254,46,10,248,42,5,252,46,7,250,47,7,246,43,3,247,41,4,251,43,7,251,41,8,249,36,4,255,42,13,252,34,7,249,31,4,243,25,0,246,28,3,254,36,11,255,38,13,255,43,18,255,43,18,254,36,11,254,36,11,255,39,14,254,34,10,248,28,2,247,27,1,249,29,3,247,26,0,248,24,0,247,25,2,253,31,8,255,39,15,255,44,19,254,38,13,243,29,3,237,26,0,254,45,15,255,51,20,252,48,15,252,50,14,252,50,14,241,41,5,237,35,0,248,41,9,255,53,23,246,35,8,236,22,0,254,40,14,251,37,11,238,24,0,247,36,6,245,36,3,236,32,0,234,32,0,243,44,3,254,55,14,249,50,9,245,43,5,243,51,4,249,74,9,249,81,8,244,76,1,253,83,6,254,82,6,246,75,0,252,80,4,250,79,1,255,83,7,253,86,7,251,89,4,254,94,6,255,102,9,254,105,5,254,107,3,255,114,6,249,113,1,244,118,0,249,132,1,250,145,20,249,153,53,188,109,40,93,34,4,41,6,0,20,9,13,12,15,20,12,17,20,24,25,27,33,27,31,33,23,31,32,27,34
150,214,224,158,220,231,172,225,239,182,231,246,193,236,255,202,240,255,201,238,254,197,235,248,191,231,241,184,228,237,180,224,233,174,221,229,169,215,228,167,213,228,170,213,230,173,216,235,180,221,239,181,223,239,183,225,241,185,227,241,187,229,241,188,232,243,191,233,245,193,233,243,187,223,235,194,224,235,199,221,232,203,216,224,204,204,212,205,196,201,209,193,196,218,192,195,226,190,190,228,184,185,236,186,189,232,177,182,238,181,187,238,183,188,175,126,130,63,24,27,27,2,5,34,22,22,33,33,33,21,27,27,16,24,27,21,30,35,22,29,37,17,21,32,24,24,34,25,25,35,19,22,31,20,24,33,36,40,49,49,56,64,48,57,64,41,50,57,38,49,55,35,46,52,43,54,60,49,60,66,40,49,56,31,40,47,32,39,47,32,39,47,32,37,43,31,36,42,31,36,42,32,37,43,32,37,43,30,35,41,29,34,40,29,34,40,30,35,41,32,37,43,34,39,45,34,39,45,32,37,43,31,36,42,32,37,43,33,38,44,33,36,43,34,37,44,35,38,45,35,38,45,35,38,45,34,37,44,34,37,44,35,38,45,33,36,41,33,36,41,33,36,41,34,37,42,35,38,43,35,38,43,35,38,43,35,38,43,36,36,44,38,38,46,36,39,46,35,38,45,34,39,45,35,40,46,35,40,46,34,39,45,35,40,46,34,39,45,33,38,44,33,38,44,32,35,42,30,33,40,32,32,40,31,34,39,32,37,40,30,35,38,31,31,39,30,30,40,29,29,39,29,29,37,28,29,34,35,26,29,43,14,10,81,19,8,163,53,30,216,67,35,239,55,17,247,48,7,254,50,13,250,46,9,255,51,8,255,51,7,255,48,7,254,44,7,252,39,5,250,37,5,249,36,4,247,37,4,247,39,3,247,41,4,248,42,3,248,42,3,251,43,7,252,44,8,252,42,9,250,37,7,255,40,12,251,33,6,253,35,8,252,34,7,253,35,10,252,34,9,246,28,3,247,29,4,255,40,15,255,37,12,255,38,13,255,42,17,255,39,13,247,27,1,239,19,0,239,19,0,239,18,0,242,20,0,248,26,3,250,30,6,252,32,8,255,39,14,255,39,16,245,31,5,246,35,8,250,40,13,249,39,12,246,39,8,253,49,16,255,54,19,245,43,7,229,25,0,238,31,0,255,52,22,251,43,15,239,31,3,255,46,19,255,50,23,254,40,12,255,48,18,255,55,22,252,46,9,242,40,0,244,47,5,242,45,3,228,29,0,237,35,0,255,68,24,255,85,23,254,86,13,239,68,0,245,73,0,255,82,9,251,78,2,252,79,3,246,73,0,248,75,0,251,81,3,252,87,5,255,95,7,255,103,10,255,107,7,254,107,3,253,113,2,251,116,1,246,120,0,248,134,2,246,142,17,247,153,53,185,106,39,91,31,3,44,9,3,18,7,11,11,14,19,10,15,18,20,21,23,30,24,28,32,22,30,34,29,36
147,211,220,156,219,228,170,224,236,180,229,243,191,234,251,199,238,255,198,235,251,194,232,245,190,230,240,187,231,240,186,230,239,180,227,237,174,220,235,170,215,234,173,215,237,178,219,241,183,221,242,183,222,239,184,223,240,183,225,239,184,226,238,184,226,238,187,227,237,188,225,234,192,225,234,197,221,231,202,217,224,206,209,216,207,198,201,207,188,190,213,185,184,221,186,184,225,179,179,225,173,175,231,172,176,235,173,178,231,166,172,234,172,177,218,161,167,119,75,76,40,10,10,36,20,20,31,27,26,21,25,24,16,24,26,19,28,33,20,27,35,18,22,31,24,24,36,25,25,37,21,23,35,17,21,32,29,33,44,48,55,65,52,61,70,40,50,59,32,42,51,35,45,54,42,52,61,44,54,63,37,46,55,32,41,50,31,38,48,29,36,44,32,37,43,30,35,41,30,35,41,32,37,43,31,36,42,29,34,40,29,34,40,30,35,41,31,36,42,32,37,43,33,38,44,33,38,44,32,37,43,31,36,42,31,36,42,32,37,43,34,37,44,34,37,44,35,38,45,35,38,45,35,38,45,35,38,45,35,38,45,35,38,45,32,35,40,32,35,40,33,36,41,34,37,42,36,39,44,36,39,44,35,38,43,34,37,42,35,35,43,36,36,44,34,37,44,33,36,43,32,37,43,33,38,44,31,38,44,30,37,43,34,41,47,31,38,44,31,36,42,32,37,43,31,36,42,29,34,40,30,33,40,31,34,39,32,33,37,31,32,36,32,29,38,31,28,39,33,27,39,31,28,37,29,30,35,31,29,32,33,17,17,59,12,4,123,28,8,186,51,19,233,60,18,252,61,17,243,47,9,244,46,7,250,47,4,255,49,5,255,47,6,250,40,3,247,34,0,247,34,2,248,35,3,246,36,3,246,38,2,243,37,0,242,36,0,247,41,4,252,44,8,252,44,8,252,42,9,253,40,10,251,36,8,249,31,4,251,33,6,247,29,2,247,29,4,248,30,5,241,23,0,240,22,0,246,28,3,249,31,6,249,29,3,247,27,1,247,27,1,243,23,0,237,18,0,234,16,0,247,31,6,244,28,5,246,30,7,244,28,5,238,22,0,242,26,3,248,33,12,248,34,10,255,41,17,247,33,7,240,26,0,239,25,0,243,29,1,250,37,7,248,35,5,240,27,0,232,21,0,244,35,4,241,38,6,232,33,0,241,40,10,255,50,22,255,50,22,255,45,16,255,55,23,255,56,19,253,56,14,250,59,15,243,52,10,224,28,0,233,26,0,255,57,15,255,89,28,255,93,21,243,71,0,244,72,0,255,82,9,253,77,4,252,76,3,249,73,0,246,73,0,248,77,0,247,80,0,250,88,3,255,102,9,255,110,10,255,110,6,253,113,2,254,119,4,250,124,1,248,134,1,241,137,12,247,153,53,188,111,43,94,37,8,45,10,6,19,8,14,14,17,24,12,17,20,19,20,22,26,20,24,31,21,29,36,28,39
145,208,217,155,215,225,169,223,235,179,228,242,190,233,249,195,237,253,196,235,250,190,232,244,186,230,241,186,233,243,186,234,244,182,232,243,176,225,240,172,219,237,174,219,242,178,223,244,179,222,241,179,222,239,179,222,238,180,222,238,180,222,236,180,222,234,180,220,230,183,217,226,188,215,224,192,209,216,199,202,209,205,194,198,208,183,186,210,176,175,216,175,173,226,176,175,231,175,174,233,173,173,232,170,173,229,164,170,231,166,172,232,171,178,227,172,178,164,122,126,54,25,27,34,18,18,24,18,18,26,28,27,24,29,32,14,24,26,13,22,27,21,28,36,24,24,34,27,27,37,25,28,37,19,22,31,26,30,41,49,56,66,54,63,72,36,45,54,31,40,49,38,47,56,44,53,62,43,52,61,38,47,56,35,44,53,34,41,51,30,37,47,30,34,43,28,33,39,28,33,39,30,35,41,31,36,42,30,35,41,30,35,41,32,37,43,31,36,42,31,36,42,32,37,43,32,37,43,32,37,43,31,36,42,31,36,42,31,36,42,34,37,44,35,38,45,36,39,46,36,39,46,35,38,45,35,38,45,35,38,45,36,39,46,33,36,41,33,36,41,34,37,42,35,38,43,35,38,43,35,38,43,33,36,41,32,35,40,36,36,44,37,37,45,35,38,45,34,37,44,32,37,43,33,38,44,31,38,44,30,37,43,34,41,47,30,37,43,30,35,41,31,36,42,31,36,42,29,34,40,29,32,39,32,32,40,32,31,37,32,31,37,30,30,40,29,29,39,33,27,39,32,26,36,28,27,35,28,26,31,39,29,28,52,19,12,89,13,0,148,33,6,209,55,19,245,63,24,236,42,4,251,52,10,252,50,4,255,52,5,254,47,5,244,35,0,240,27,0,243,30,0,248,35,3,247,37,4,248,38,3,240,32,0,238,30,0,243,35,0,248,40,4,249,39,6,249,38,8,253,39,11,255,42,14,254,36,9,249,31,4,236,21,0,235,20,0,243,28,0,241,25,0,240,25,0,249,31,6,255,37,10,251,31,5,242,22,0,245,25,0,251,31,5,251,31,5,249,31,6,244,30,6,236,24,0,240,28,4,242,30,6,237,23,0,240,26,2,253,39,15,255,46,22,254,40,16,247,31,8,246,30,5,245,29,4,237,21,0,237,22,0,246,31,2,251,36,7,243,30,0,242,33,2,244,44,11,237,38,5,225,24,0,240,35,6,255,45,17,250,35,4,255,47,13,255,64,24,255,69,25,255,68,22,252,64,19,237,44,3,233,29,0,238,39,0,255,80,19,255,94,24,248,77,5,247,75,3,255,82,9,252,76,3,254,76,4,255,81,6,251,78,2,248,77,0,241,74,0,242,82,0,255,100,7,255,112,12,255,113,9,254,114,3,252,119,1,255,133,7,255,143,11,241,136,11,240,146,48,183,105,39,91,37,11,41,10,7,18,8,9,17,18,22,14,19,22,18,22,25,25,20,26,29,22,30,37,29,40
148,204,217,159,215,228,166,219,233,171,220,235,179,227,241,184,232,246,185,233,247,185,235,246,178,230,241,178,232,242,177,234,243,176,233,244,173,229,242,172,225,241,172,223,240,171,222,239,169,222,236,170,224,236,172,221,236,171,217,233,168,214,229,171,215,228,178,218,230,185,219,228,191,214,220,197,206,211,205,194,198,211,182,186,212,170,172,214,162,164,220,160,160,226,162,162,231,163,164,233,165,166,232,166,170,228,167,174,223,166,175,215,165,176,207,165,175,199,166,175,107,84,92,32,17,22,18,12,16,24,25,27,14,19,22,16,26,28,16,27,29,17,26,31,22,25,32,20,20,28,25,28,35,26,29,36,21,24,33,36,40,49,54,58,67,49,56,64,43,50,60,40,47,57,52,58,70,48,54,66,35,41,53,35,41,53,33,41,52,28,36,47,26,33,41,29,36,44,25,32,40,22,29,37,26,33,41,29,36,44,29,36,42,30,37,43,28,33,39,29,34,40,33,38,44,35,40,46,31,36,42,31,36,42,33,38,42,32,37,41,36,41,47,34,39,45,34,39,45,35,40,46,34,39,45,31,36,42,35,38,45,39,42,49,36,39,46,38,41,48,38,41,48,36,39,46,35,38,45,35,38,45,35,38,45,34,37,44,33,33,41,37,37,45,38,41,48,37,40,47,34,39,45,34,39,45,33,38,44,32,37,43,35,40,46,30,35,41,28,33,39,31,36,42,32,35,42,29,32,39,29,29,37,31,30,38,35,29,41,31,29,40,20,33,39,20,33,39,29,29,39,32,26,38,34,24,35,33,23,31,37,32,29,42,22,13,64,12,1,106,19,2,179,49,27,229,61,32,244,46,7,251,43,0,255,51,1,250,48,0,252,47,4,249,43,3,243,35,0,242,32,0,245,35,0,244,34,0,251,41,6,253,43,8,242,32,0,230,20,0,242,32,0,255,46,16,249,38,9,241,27,1,251,35,10,255,39,14,255,44,16,247,33,5,239,28,0,243,32,2,245,31,3,248,35,5,247,32,4,252,34,7,248,28,2,240,20,0,241,21,0,251,31,9,255,37,15,252,36,13,244,29,8,244,32,8,246,34,10,248,37,10,246,35,8,238,27,0,239,28,1,249,38,11,247,35,11,245,33,9,251,39,15,253,42,15,243,32,5,238,27,0,250,39,9,255,54,24,250,37,7,250,39,9,254,47,16,252,47,18,245,40,13,242,34,6,241,30,1,235,25,0,246,38,0,255,55,11,255,70,21,255,68,17,253,65,17,245,53,8,226,27,0,225,30,0,246,71,8,255,96,25,255,88,15,246,75,3,255,81,8,255,83,7,252,76,1,247,71,0,249,76,0,254,84,6,248,83,1,242,82,0,250,95,3,255,113,15,255,116,13,253,115,4,249,121,0,252,133,3,255,146,11,246,137,16,232,138,42,187,113,50,90,44,20,32,7,3,25,11,8,19,15,12,13,17,18,13,18,22,21,20,28,31,25,35,38,28,39
157,210,226,165,218,234,168,220,234,167,219,233,172,221,235,176,225,239,175,227,240,176,230,242,176,233,244,174,232,243,173,233,243,173,233,243,173,231,243,171,229,241,169,225,240,167,223,236,164,222,234,162,220,231,163,215,229,163,212,227,166,212,228,174,217,233,182,224,236,193,227,236,200,223,229,205,210,214,209,193,196,211,177,178,212,162,165,213,153,155,216,150,151,221,153,154,225,155,157,226,157,160,223,161,166,220,164,173,216,168,180,211,173,186,210,178,191,207,183,196,178,160,172,72,60,70,13,8,15,17,16,21,18,22,25,16,24,26,19,30,32,18,29,31,22,25,30,23,24,29,25,28,35,23,26,33,17,20,27,29,32,39,46,50,59,50,54,63,45,49,60,46,50,61,52,58,70,46,52,64,37,43,55,39,45,57,36,44,57,31,39,50,31,38,48,32,39,47,27,34,42,24,31,39,28,35,43,30,37,45,28,35,41,27,34,40,31,36,42,31,36,42,35,40,46,36,41,47,32,37,43,32,37,43,34,39,43,33,38,42,35,40,46,34,39,45,34,39,45,35,40,46,33,38,44,31,36,42,34,37,44,39,42,49,35,38,45,37,40,47,38,41,48,36,39,46,35,38,45,36,39,46,35,38,45,34,37,44,37,37,45,38,38,46,36,39,46,35,38,45,34,39,45,35,40,46,34,39,45,31,36,42,33,38,44,31,36,42,31,36,42,34,39,45,34,37,44,29,32,39,29,29,37,31,29,40,36,28,43,33,31,44,20,38,40,18,38,39,28,31,40,33,27,39,37,25,37,36,26,34,31,27,24,34,24,15,52,15,9,82,14,5,149,37,25,210,58,35,242,50,13,253,45,0,255,55,7,254,54,5,255,54,8,253,50,7,248,42,3,246,38,0,247,37,2,245,35,0,252,39,5,255,44,10,254,41,7,245,32,0,246,35,5,254,43,13,248,37,10,238,27,0,238,22,0,243,28,0,249,35,7,243,32,3,247,38,7,255,49,18,255,45,15,255,43,13,251,36,7,253,35,7,251,31,5,247,27,3,251,31,9,255,38,16,255,38,19,253,34,14,249,34,13,250,38,14,255,42,18,255,47,20,255,44,16,243,32,3,233,22,0,234,23,0,249,38,11,243,31,7,245,33,9,249,39,14,247,36,9,246,37,7,253,42,12,255,47,17,255,51,21,253,40,10,246,36,9,251,43,15,251,43,17,248,38,11,245,34,5,242,33,0,247,41,1,252,54,7,255,66,17,250,63,10,247,59,11,241,50,5,229,30,0,225,33,0,233,58,0,252,85,14,250,82,9,244,74,0,251,79,3,252,79,3,255,79,4,255,82,6,250,79,1,252,82,4,245,80,0,240,80,0,244,91,0,252,104,6,255,111,10,255,117,8,246,120,0,248,130,0,255,139,7,243,134,13,233,135,44,181,109,50,85,44,22,31,10,5,25,10,5,20,15,11,14,18,19,14,22,25,24,24,34,33,30,41,44,34,45
166,217,234,173,224,241,174,223,238,169,218,233,169,218,233,171,220,235,170,222,235,173,227,239,172,229,240,169,227,238,167,227,238,168,228,239,169,229,240,169,227,239,166,222,237,163,219,232,161,219,231,157,214,225,157,209,223,161,210,225,169,214,233,180,223,240,187,229,243,195,232,241,203,228,235,207,214,220,210,198,202,212,180,183,210,164,166,208,152,153,211,149,150,212,150,151,215,155,157,214,157,163,213,162,169,210,167,176,210,174,186,210,182,196,213,191,204,214,198,211,231,219,231,143,135,146,43,37,47,12,11,17,22,25,30,25,30,34,21,28,34,18,25,31,23,26,31,27,28,33,26,29,36,21,24,31,15,18,25,20,23,30,35,39,48,47,51,60,46,50,61,51,55,66,53,59,71,41,47,59,36,42,54,42,48,60,37,45,58,32,40,51,30,37,47,30,37,45,26,33,41,25,32,40,31,38,46,33,40,48,31,38,44,31,38,44,32,37,43,31,36,42,34,39,45,34,39,45,30,35,41,30,35,41,33,38,42,31,36,40,35,40,46,33,38,44,33,38,44,34,39,45,33,38,44,31,36,42,34,37,44,38,41,48,34,37,44,36,39,46,37,40,47,36,39,46,35,38,45,36,39,46,35,38,45,34,37,44,40,40,48,38,38,46,33,36,43,32,35,42,33,38,44,35,40,46,33,38,44,30,35,41,31,36,42,32,37,43,34,39,45,36,41,47,35,38,45,30,33,40,30,30,38,33,31,42,34,26,41,32,30,41,23,37,38,21,37,37,27,30,39,31,25,37,34,26,37,34,29,35,25,25,23,33,26,20,47,17,15,64,6,2,115,18,11,182,46,30,228,50,20,243,45,6,253,55,10,252,54,5,255,55,9,255,53,10,252,46,7,251,43,5,253,43,6,251,41,4,243,30,0,250,37,3,255,46,11,255,45,10,249,38,8,250,39,9,248,38,11,239,28,1,235,21,0,242,28,0,250,36,8,244,33,3,248,39,8,255,50,19,255,47,14,253,40,8,251,36,7,249,31,3,246,26,0,247,25,2,251,29,8,253,32,13,250,29,11,245,26,7,242,26,5,244,30,6,249,33,10,253,39,13,255,44,16,253,39,11,245,31,3,243,29,1,250,36,10,244,30,4,242,28,4,243,31,7,247,33,7,251,40,11,255,46,16,255,46,16,255,42,13,245,32,2,236,26,0,241,33,5,249,41,15,251,41,14,246,35,6,239,29,0,237,31,0,242,44,0,255,63,14,255,70,17,255,67,19,249,58,13,242,43,2,236,44,0,236,62,0,251,84,13,248,80,7,246,76,1,253,81,5,251,79,3,253,80,3,255,84,7,253,82,4,253,83,5,248,83,1,245,85,0,248,93,3,251,101,6,255,108,10,255,119,10,252,123,3,252,131,1,255,140,10,249,140,21,234,136,47,174,102,44,78,37,17,29,10,6,24,10,7,19,16,11,14,20,20,14,24,26,22,25,34,31,29,40,39,31,42
170,221,238,177,228,245,179,228,243,173,222,237,170,219,234,169,218,233,168,220,233,171,225,237,167,224,235,166,224,235,164,224,235,165,225,236,165,225,236,164,224,235,163,221,235,160,218,230,156,214,226,153,210,221,156,208,222,164,213,228,176,221,240,182,228,244,185,229,242,188,226,235,198,225,232,207,218,222,217,206,210,219,190,194,212,170,172,206,154,156,204,148,149,205,149,152,206,155,160,204,159,164,204,164,173,204,172,183,207,183,196,210,194,207,213,202,216,214,206,221,229,223,237,210,207,218,112,109,120,21,20,28,18,18,26,30,33,38,22,25,32,21,24,31,22,25,30,29,30,35,25,28,35,20,23,30,18,21,28,17,20,27,25,29,38,40,44,53,47,51,62,57,61,72,56,62,74,40,46,58,37,43,55,44,50,62,38,46,59,33,41,52,28,35,45,30,37,45,27,34,42,27,34,42,32,39,47,33,40,48,33,40,46,34,41,47,34,39,45,32,37,43,33,38,44,32,37,43,29,34,40,29,34,40,32,37,41,30,35,39,35,40,46,33,38,44,32,37,43,34,39,45,33,38,44,31,36,42,33,36,43,37,40,47,33,36,43,35,38,45,36,39,46,35,38,45,34,37,44,35,38,45,34,37,44,33,36,43,37,37,45,36,36,44,31,34,41,30,33,40,31,36,42,33,38,44,32,37,43,28,33,39,32,37,43,32,37,43,33,38,44,35,40,46,34,37,44,31,34,41,32,32,40,35,34,42,33,27,39,32,30,41,26,36,38,24,36,36,27,30,37,30,27,38,31,28,37,31,30,36,25,27,26,31,27,24,43,23,24,54,8,8,90,11,7,154,37,27,209,49,27,234,49,18,248,55,12,251,53,6,254,53,9,253,52,8,249,46,5,250,44,5,253,45,7,252,42,5,245,35,0,247,37,2,255,48,13,255,52,19,250,39,9,245,36,5,247,38,8,233,24,0,238,27,0,249,38,8,255,48,18,248,39,8,244,35,4,253,44,13,252,43,10,253,40,8,255,40,11,250,30,4,246,24,1,249,24,4,251,26,8,248,25,8,245,22,5,242,21,3,240,21,1,241,25,2,242,26,3,246,30,5,252,37,9,250,35,7,245,30,2,244,30,2,242,28,2,243,29,3,245,31,7,244,30,4,242,28,2,246,32,4,250,37,7,248,35,5,249,34,5,251,38,8,242,32,5,233,25,0,237,29,3,245,35,8,240,29,0,229,19,0,234,28,0,234,36,0,250,58,9,255,77,24,255,72,24,250,59,14,252,53,12,255,63,16,252,78,15,253,90,15,246,80,4,247,80,2,255,87,10,255,83,7,252,79,2,250,77,0,253,82,4,255,86,8,253,88,8,251,91,5,254,99,9,255,104,11,255,108,10,255,115,9,251,120,2,254,130,6,255,143,15,255,147,32,231,135,48,161,88,33,68,30,11,30,10,9,26,12,11,22,18,15,19,24,27,18,27,32,24,28,37,31,29,40,36,30,40
165,216,233,174,225,242,178,227,242,174,221,237,169,216,232,162,211,226,159,211,224,162,216,228,162,219,230,162,220,231,162,222,233,160,222,233,158,220,231,159,219,230,157,216,230,157,215,227,147,205,217,146,203,214,151,203,217,163,212,229,175,220,239,178,224,240,175,221,234,177,217,225,190,219,225,205,218,224,219,213,217,221,196,200,211,172,177,199,153,156,196,146,149,197,148,152,196,155,161,193,160,167,195,169,180,202,184,196,210,199,213,214,212,225,215,217,230,214,217,232,215,217,230,235,237,249,186,186,196,68,67,75,13,12,20,24,23,31,24,23,31,27,27,35,22,23,28,26,29,34,23,26,33,20,23,30,22,25,32,18,21,28,18,22,31,29,33,42,45,49,60,58,62,73,59,66,76,43,50,60,38,44,56,46,52,64,42,48,60,37,43,55,31,38,48,33,40,48,32,39,47,30,37,45,30,37,45,28,35,43,27,34,40,31,38,44,35,40,46,33,38,44,33,38,44,33,38,44,30,35,41,31,36,42,33,38,42,32,37,41,35,40,46,32,37,43,32,37,43,34,39,45,33,38,44,31,36,42,33,36,43,36,39,46,32,35,42,35,38,45,36,39,46,35,38,45,34,37,44,34,37,44,33,36,43,31,34,41,34,34,42,35,35,43,33,36,43,32,35,42,31,36,42,32,37,43,31,36,42,30,35,41,33,38,44,32,37,43,31,36,42,32,37,43,33,36,43,32,35,42,34,34,42,37,36,44,37,31,41,33,32,40,29,34,37,27,35,37,32,32,40,33,32,40,29,32,39,28,33,37,24,28,29,27,27,27,39,27,31,49,17,22,73,14,16,125,30,26,183,43,30,223,51,27,247,60,19,253,57,9,254,56,11,254,53,9,248,45,4,248,42,2,251,43,5,250,42,4,245,37,1,242,34,0,250,41,8,255,51,18,252,43,12,252,43,12,255,51,21,245,36,6,236,27,0,250,41,10,255,54,23,253,46,12,249,42,8,255,48,14,255,47,14,255,47,14,251,36,7,247,27,1,246,21,0,248,21,2,247,20,3,243,16,0,241,13,0,239,16,1,235,14,0,240,21,0,246,27,5,252,34,9,255,38,11,249,34,5,244,29,1,244,29,1,240,24,0,245,29,4,251,35,12,250,34,9,244,28,3,242,27,0,239,24,0,231,16,0,243,30,0,253,42,12,248,40,12,233,28,0,235,27,1,244,34,7,249,38,9,251,41,8,251,45,5,239,41,0,245,53,4,255,70,17,249,61,13,233,42,0,248,49,8,255,74,27,255,86,20,254,91,16,245,79,3,248,81,3,255,88,11,255,85,7,253,80,3,249,76,0,250,78,2,255,86,8,254,87,8,249,87,4,253,95,8,255,103,10,253,103,8,247,104,0,242,108,0,248,122,1,255,138,15,255,144,34,223,127,41,145,74,20,64,25,8,36,18,18,27,15,15,25,24,22,23,31,34,24,35,41,28,35,43,35,35,45,38,35,44
157,208,225,169,218,235,174,221,237,169,216,232,161,208,224,152,199,215,148,197,211,149,203,215,150,207,218,150,210,220,151,211,222,148,210,221,146,208,219,143,205,216,144,203,217,144,204,215,136,194,206,135,192,203,142,193,210,156,205,222,167,214,232,171,217,233,169,215,228,170,213,222,183,213,221,198,215,222,215,213,218,217,198,202,205,173,178,196,154,158,198,152,155,201,159,163,195,164,170,194,171,181,200,184,195,209,201,214,217,219,232,221,229,242,218,230,244,216,228,242,215,225,237,228,234,246,236,238,250,143,143,153,35,32,41,16,13,22,27,24,33,31,28,37,20,21,26,23,26,31,21,24,31,19,22,29,23,26,33,21,24,31,16,20,29,20,24,33,35,39,50,50,54,65,59,66,76,45,52,62,36,42,54,44,50,62,42,48,60,37,44,54,30,37,47,34,41,49,33,40,48,31,38,46,30,37,45,25,32,40,25,32,38,30,37,43,34,39,45,31,36,42,31,36,42,31,36,42,29,34,40,30,35,41,33,38,42,31,36,40,35,40,46,33,38,44,32,37,43,34,39,45,34,39,45,32,37,43,33,36,43,35,38,45,33,36,43,35,38,45,36,39,46,35,38,45,34,37,44,34,37,44,33,36,43,31,34,41,33,33,41,36,36,44,36,39,46,35,38,45,33,38,44,32,37,43,33,38,44,32,37,43,34,39,45,33,38,44,31,36,42,31,36,42,32,35,42,32,35,42,34,34,42,35,35,43,35,32,41,33,32,38,29,33,36,29,33,36,31,32,37,31,31,39,25,32,38,24,32,35,25,30,33,26,27,29,34,27,35,43,22,29,57,16,20,93,17,17,148,23,17,200,41,20,241,57,19,252,56,8,255,59,14,255,57,12,250,49,5,249,46,5,253,47,7,254,46,8,245,37,1,241,33,0,242,33,0,254,45,12,251,42,11,255,48,16,255,63,32,255,49,18,238,31,0,247,40,6,255,51,17,253,49,14,252,48,13,255,52,17,252,45,11,250,40,7,243,28,0,242,22,0,244,19,0,248,18,2,246,16,1,241,11,0,240,9,0,239,13,0,236,15,0,241,22,0,249,31,6,255,39,12,255,42,15,254,36,8,251,36,8,255,43,15,250,34,9,249,33,8,249,33,10,248,32,7,246,31,3,248,33,5,246,31,2,236,23,0,236,23,0,247,36,6,250,42,14,246,41,12,249,41,15,247,37,10,252,41,12,255,55,22,255,53,13,246,48,1,243,51,2,255,68,15,245,57,9,222,31,0,238,39,0,255,70,23,255,86,20,255,94,16,250,87,8,251,86,6,253,86,7,252,82,4,254,83,5,253,80,3,251,79,3,255,86,9,251,84,5,243,81,0,247,89,2,252,97,7,250,97,4,243,97,0,239,103,0,245,118,1,255,132,13,252,140,32,214,119,37,134,64,13,61,23,10,41,22,26,28,18,17,26,24,25,23,30,36,22,33,39,25,32,42,28,31,40,31,29,40
155,204,221,165,214,231,170,217,233,165,212,228,156,202,218,145,192,208,140,189,204,143,195,209,141,197,210,139,199,210,139,199,210,136,198,209,133,197,207,131,195,205,130,192,205,130,190,201,127,185,197,128,185,196,137,188,205,152,201,218,163,210,228,166,213,229,166,214,228,169,213,222,177,212,218,195,214,220,211,212,217,213,198,203,205,176,181,197,161,165,201,160,166,206,169,176,199,173,182,200,184,195,207,199,210,216,216,228,221,231,243,220,238,252,218,237,251,216,235,249,213,230,240,225,235,245,251,255,255,191,191,201,63,60,69,15,10,17,30,25,32,31,28,35,20,21,26,23,26,31,21,24,29,19,22,27,21,26,32,21,26,32,17,21,30,15,19,28,27,31,40,43,47,56,61,65,76,50,54,65,34,40,52,40,46,58,41,47,59,36,43,53,28,35,45,31,38,46,31,38,46,31,38,46,31,38,46,27,34,42,27,34,40,32,39,45,31,36,42,28,33,39,29,34,40,29,34,40,27,32,38,29,34,40,32,37,41,30,35,39,36,41,47,33,38,44,32,37,43,35,40,46,35,40,46,32,37,43,33,36,43,35,38,45,33,36,43,35,38,45,37,40,47,36,39,46,36,39,46,36,39,46,35,38,45,33,36,43,34,34,42,37,37,45,37,40,47,36,39,46,33,38,44,33,38,44,33,38,44,33,38,44,33,38,44,34,39,45,35,40,46,34,39,45,33,36,43,31,34,41,32,32,40,32,32,40,31,31,41,31,31,39,31,32,36,30,31,33,30,29,34,27,30,35,22,32,34,21,32,34,26,31,34,25,29,32,29,28,36,34,22,32,45,18,23,70,10,12,120,8,6,179,29,14,227,47,12,245,50,4,255,60,12,255,62,15,255,54,8,252,49,6,255,50,10,255,50,11,255,47,11,252,44,8,244,37,3,248,41,9,242,35,4,245,38,7,255,54,23,247,43,10,239,35,0,243,39,2,252,48,11,250,48,10,250,48,10,251,47,10,244,37,3,242,32,0,250,32,5,248,26,3,249,22,3,250,20,4,249,17,3,247,15,3,247,15,5,245,17,6,253,32,13,250,34,11,252,36,11,255,41,13,255,40,12,247,32,3,249,34,6,255,46,18,255,42,16,250,36,10,246,32,6,245,31,5,247,33,5,254,40,12,255,45,15,253,40,8,240,27,0,249,40,9,254,46,18,255,50,21,255,52,25,248,40,12,240,29,0,245,35,2,252,46,6,248,50,3,246,54,5,255,73,20,254,66,18,227,36,0,235,36,0,253,61,14,255,88,19,255,98,18,255,92,13,254,89,9,251,84,5,250,81,0,255,84,4,254,83,5,251,79,3,253,83,6,249,82,3,246,81,0,246,86,0,247,92,2,246,93,0,245,97,0,242,104,0,247,117,3,252,128,12,251,138,32,214,119,39,133,63,14,59,23,11,36,19,25,28,18,19,24,24,24,18,27,32,14,27,35,15,24,33,18,22,31,21,21,31
